#,group,email,other_groups,slug,segment,email_1_sent,email_2_sent,confirmed,event_live,notes
1,"121 Business Links","chris@121businesslinks.co.uk","","121-business-links",A,,,,,"already_claimed"
2,"1884 Business Club (Cambridgeshire FA)","info@cambridgeshirefa.com","","1884-business-club-cambridgeshire-fa",A,,,,,""
3,"1N","support@1networking.biz","","1n",A,,,,,""
4,"4N Online","sara@4nonline.biz","","4n-online",A,,,,,"already_claimed"
5,"4Networking","support@4nonline.biz","","4networking",A,,,,,"already_claimed"
6,"ABC Business Network","chair@abcbusinessnetwork.org","","abc-business-network",A,,,,,""
7,"ABC Networking","info@abcnetworking.biz","","abc-networking",A,,,,,""
8,"Aberdeen & Grampian Chamber of Commerce","info@agcc.co.uk","","chamber-of-trade-aberdeen",A,,,,,"already_claimed"
9,"ABW (Ayrshire Business Women)","president@abw.org.uk","","abw-ayrshire-business-women",A,,,,,"already_claimed"
10,"ActionCOACH UK","andrewjoy@actioncoach.co.uk","","actioncoach-uk",A,,,,,""
11,"ActionCOACH Wakefield","wakefield@actioncoach.co.uk","","the-growthnetwork-with-actioncoach-wakefield-business-coaching",A,,,,,"already_claimed"
12,"Advance Northumberland","enquiries@advancenorthumberland.co.uk","","advance-northumberland",A,,,,,""
13,"AFC Wimbledon Business Club","commercial@afcwimbledon.co.uk","","afc-wimbledon-business-club",A,,,,,""
14,"AFVBC (Armed Forces & Veterans Breakfast Clubs)","support@afvbc.com","","afvbc-armed-forces-veterans-breakfast-clubs",A,,,,,"already_claimed"
15,"AGame Masterminds","info@agamers.co","","agame-masterminds",A,,,,,""
16,"Alana Care Solutions","alanacaresolutions@gmail.com","","alana-care-solutions",A,,,,,""
17,"Alexander Accountancy's Property People","info@alexander-accountancy.co.uk","","alexander-accountancy-s-property-people",A,,,,,""
18,"Alfresco Adventures","info@alfrescoadventures.co.uk","","alfresco-adventures",A,,,,,""
19,"All 1 Network","terry@all1network.com","","all-1-network",A,,,,,""
20,"Altrincham HQ","alex@altrinchamhq.co.uk","","altrincham-hq",A,,,,,"already_claimed"
21,"Amber Valley Business Networking","avbn@ambervalley-business-networking.co.uk","","amber-valley-business-networking",A,,,,,""
22,"AREG (Aberdeen Renewable Energy Group)","info@aberdeenrenewables.com","","areg-aberdeen-renewable-energy-group",A,,,,,"already_claimed"
23,"Arena","lorraine@arena.org.uk","","arena",A,,,,,"already_claimed"
24,"ASB (Association of Scottish Business Women)","president@asb-scotland.org","","asb-association-of-scottish-business-women",A,,,,,"already_claimed"
25,"Ashoka","infouk@ashoka.org","","ashoka",A,,,,,""
26,"Asian Business Chamber of Commerce","website@birmingham-chamber.com","","asian-business-chamber-of-commerce",A,,,,,"already_claimed"
27,"Audrie Woodhouse - Honestly Speaking","me@audriewoodhouse.com","","audrie-woodhouse-honestly-speaking",A,,,,,""
28,"Avery & Co","hello@averysurveys.co.uk","","avery-co",A,,,,,""
29,"Awakened Connections Network","info@risetohealthcoaching.com","","awakened-connections-network",A,,,,,""
30,"B2B Lunch Club","tracy@b2blunchclub.co.uk","","b2b-lunch-club",A,,,,,"already_claimed"
31,"B4","info@b4-business.com","","b4",A,,,,,"already_claimed"
32,"BAB Networking","cashback@marknorthall.com","","bab-networking",A,,,,,""
33,"Babble","babble@businessbabble.net","","babble",A,,,,,""
34,"Barco business club","cassie@cfatax.co.uk","","barco-business-club",A,,,,,"already_claimed"
35,"Barnsley & Rotherham - Chamber of Commerce","info@brchamber.co.uk","","chamber-of-trade-barnsley-rotherham",A,,,,,"already_claimed"
36,"Barty's","support@igeenet.com","","barty-s",A,,,,,""
37,"Basingstoke Business Club","chairman@basingstokebusinessclub.org.uk","","basingstoke-business-club",A,,,,,"already_claimed"
38,"Bath Business Focus","bath@businessfocusnetworking.co.uk","","bath-business-focus",A,,,,,""
39,"Batley Entrepreneurship Club","support@batleyentrepreneurshipclub.com","","batley-entrepreneurship-club",A,,,,,""
40,"BAWE (British Association of Women Entrepreneurs in Scotland)","info@bawe-scotland.org","","bawe-british-association-of-women-entrepreneurs-in-scotland",A,,,,,"already_claimed"
41,"BBN (Bay Business Network)","marcus@artimage.co.uk","","bbn-bay-business-network",A,,,,,"already_claimed"
42,"BBN Networking","brian@bbnetworking.co.uk","","bbn-networking",A,,,,,"already_claimed"
43,"BECBC (Britain's Energy Coast Business Cluster)","dianne.richardson@becbusinesscluster.co.uk","","becbc-britain-s-energy-coast-business-cluster",A,,,,,"already_claimed"
44,"Bedfordshire Chamber of Commerce","info@chamber-business.com","","bedfordshire-chamber-of-commerce",A,,,,,"already_claimed"
45,"Berkshire Growth Hub","info@berkshiregrowthhub.co.uk","","berkshire-growth-hub",A,,,,,"already_claimed"
46,"Berkshire Mummies","info@berkshiremummies.co.uk","","berkshire-mummies",A,,,,,""
47,"Better Business Network","james@thebetterbusiness.network","","better-business-network",A,,,,,"already_claimed"
48,"Better Networking Hubs","enquiries@betternetworking.co.uk","","better-networking-hubs",A,,,,,"already_claimed"
49,"BforB – Business for Breakfast UK","centralservices@bforb.co.uk","","bforb-business-for-breakfast-uk",A,,,,,""
50,"BforB Networking Clubs","nigel@bforb.co.uk","","bforb-networking-clubs",A,,,,,""
51,"Big Business Breakfast Club - Various Venues","jim@printlord.co.uk","","big-business-breakfast-club-various-venues",A,,,,,""
52,"BiiG (Business in Ilminster Group)","hello@biignetworking.co.uk","","biig-business-in-ilminster-group",A,,,,,"already_claimed"
53,"BITA - Birmingham","jason@pocketbox.co.uk","","bita-birmingham",A,,,,,""
54,"BITA - BITAx","frankie@totallinemarking.co.uk","","bita-bitax",A,,,,,""
55,"BITA - Kent","natalie@whitcombehr.co.uk","","bita-kent",A,,,,,"already_claimed"
56,"BITA - Liverpool","adam@advantageinvestment.co.uk","","bita-liverpool",A,,,,,"already_claimed"
57,"BITA - London","paul@bita.ie","","bita-london",A,,,,,"already_claimed"
58,"BITA - Manchester","as@groupams.co.uk","","bita-manchester",A,,,,,"already_claimed"
59,"BITA - Northern Ireland","brendan@ghostconsultancy.com","","",A,,,,,"already_claimed"
60,"BITA - South West (Devon)","sean.mcneill@offshoresolar.co.uk","","bita-south-west-devon",A,,,,,""
61,"BITA - Surrey","marialawless@signatureassociates.co.uk","","bita-surrey",A,,,,,""
62,"Biz Group 66","hello@bizgroup66.co.uk","","biz-group-66",A,,,,,""
63,"BizSocial Networking","brianmorrison.glasgow@gmail.com","","bizsocial-networking",A,,,,,""
64,"Black Solicitors Network","enquiries@blacksolicitorsnetwork.org","","black-solicitors-network",A,,,,,"already_claimed"
65,"Black South West Network","admin@bswn.org.uk","","black-south-west-network",A,,,,,""
66,"Blaze BNI (Hitchin)","beds@bni.com","","blaze-bni-hitchin",A,,,,,"already_claimed"
67,"BMUK","paul.lawton@business-matching.co.uk","Business Matching UK - Leeds · Business Matching UK - London · Business Matching UK - Manchester","bmuk",A,,,,,"already_claimed; multi_group_email"
68,"BNI  - Head Office","dawnadlam@bni.com","","bni-head-office",A,,,,,""
69,"BNI  - Head Office","simon@bni.com","","bni-head-office-2",A,,,,,""
70,"BNI - Abbey (BNI (Paisley)","info@millandbrae.com","","bni-abbey-bni-paisley",A,,,,,"already_claimed"
71,"BNI - BNI Belfast Waterfront","bni@eurobni.com","","bni-bni-belfast-waterfront",A,,,,,""
72,"BNI - BNI Cathedral (Northern Ireland)","info@thebusinessmindet.co.uk","","bni-bni-cathedral-northern-ireland",A,,,,,""
73,"BNI - BNI Erimus (Belfast)","support@close-focus.co.uk","","bni-bni-erimus-belfast",A,,,,,"already_claimed"
74,"BNI - BNI Lisburn","frank@fgmboilerservice.co.uk","","bni-bni-lisburn",A,,,,,""
75,"BNI - Cardiff Central","enquiries@fieldtrainingservices.co.uk","","bni-cardiff-central",A,,,,,""
76,"BNI - Carnegie (Dunfermline)","info@dublcheckcleaning.co.uk","","bni-carnegie-dunfermline",A,,,,,""
77,"BNI - Castle BNI (East Kilbride)","colinread@bni.co.uk","","bni-castle-bni-east-kilbride",A,,,,,""
78,"BNI - Deeside - North Wales","bninorthwales@bni.co.uk","","bni-deeside-north-wales",A,,,,,""
79,"BNI - Eden Business Network - Lancashire North West","lancs-nw@bni.co.uk","","bni-eden-business-network-lancashire-north-west",A,,,,,""
80,"BNI - Energy (Aberdeen)","scotlandnorth@bni.co.uk","","bni-energy-aberdeen",A,,,,,""
81,"BNI - Enterprise BNI - Glasgow & South Lanarkshire","glasgowsl@bni.co.uk","","bni-enterprise-bni-glasgow-south-lanarkshire",A,,,,,""
82,"BNI - Evolution Glasgow","charlie@bniglasgowsl.com","","bni-bni-glasgow",A,,,,,"already_claimed"
83,"BNI - Magnum BNI (Irvine)","info@bni-irvine.co.uk","","bni-magnum-bni-irvine",A,,,,,""
84,"BNI - Nova (Newport","shropshire@bni.co.uk","","bni-nova-newport",A,,,,,""
85,"BNI - Phoenix Basingstoke","hampshirenorth@bni.co.uk","","bni-phoenix-basingstoke",A,,,,,""
86,"BNI - Rendezvous (Hatch End)","londonse@bni.co.uk","","bni-rendezvous-hatch-end",A,,,,,""
87,"BNI - Spectrum - North Wales","northwales@bni.co.uk","","bni-spectrum-north-wales",A,,,,,""
88,"BNI - Thomas Telford (Telford)","shai@virtuallythere.co","","bni-thomas-telford-telford",A,,,,,""
89,"BNI -@J28 - Derbyshire South","eastmidlands@bni.co.uk","","bni-bni-j28-derbyshire-south",A,,,,,"already_claimed"
90,"BNI -1st Eastbourne BNI","sussex_east@bni.co.uk","","bni-1st-eastbourne-bni",A,,,,,""
91,"BNI -Abundance BNI (Harrogate)","yorkshire_north@bni.co.uk","","bni-abundance-bni-harrogate",A,,,,,""
92,"BNI -Academy (Oxford)","oxfordshire@bni.co.uk","","bni-academy-oxford",A,,,,,""
93,"BNI -Ace BNI (Dorridge)","birmingham@bni.co.uk","","bni-ace-bni-dorridge",A,,,,,""
94,"BNI -Achievers BNI (Wolverhampton) - Black Country","blackcountry@bni.co.uk","","bni-achievers-bni-wolverhampton-black-country",A,,,,,""
95,"BNI -Affinity BNI - Northumbria","northeast@bni.co.uk","","bni-affinity-bni-northumbria",A,,,,,""
96,"BNI -Alban (St Albans)","herts@bni.co.uk","","bni-alban-st-albans",A,,,,,""
97,"BNI -Alchemy BNI (Didsbury)","manchester@bni.co.uk","","bni-alchemy-bni-didsbury",A,,,,,""
98,"BNI -Alliance BNI London NE","londonne@bni.co.uk","","bni-alliance-bni-london-ne",A,,,,,""
99,"BNI -Ambition Norwich","norfolk@bni.co.uk","","bni-ambition-norwich",A,,,,,""
100,"BNI -Ascot","berkshire@bni.co.uk","","bni-ascot",A,,,,,""
101,"BNI -Ashford","kenteast@bni.co.uk","","bni-ashford",A,,,,,""
102,"BNI -Bay","dorset@bni.co.uk","","bni-bay",A,,,,,""
103,"BNI -Graphene BNI","carol@events-simplified.co.uk","","bni-graphene-bni-manchester-mid-morning",A,,,,,"already_claimed"
104,"BNI -Steel BNI (Middlesbrough)","durhamteesside@bni.co.uk","","bni-steel-bni-middlesbrough",A,,,,,""
105,"BNI -Synergy (Hertford)","hertfordshirenorthandeast@bni.co.uk","","bni-synergy-hertford",A,,,,,""
106,"BNI -Synergy BNI Barnsley","yorkshire@bni.co.uk","","bni-synergy-bni-barnsley",A,,,,,""
107,"BNI A27 - Essex West","essexwest@bni.co.uk","","bni-bni-a27-essex-west",A,,,,,"already_claimed"
108,"BNI Action - Essex East","essexeast@bni.co.uk","","bni-bni-action-essex-east",A,,,,,"already_claimed"
109,"BNI Alliance","tim@bni-lne.com","","bni-alliance",A,,,,,""
110,"BNI Alpha - Liverpool","northwest@bni.co.uk","","bni-bni-alpha-liverpool",A,,,,,"already_claimed"
111,"BNI Apollo - London East","londoneast@bni.co.uk","","bni-bni-apollo-london-east",A,,,,,"already_claimed"
112,"BNI Bradman (Bristol)","bristol@bni.co.uk","","bni-bni-bradman-bristol",A,,,,,"already_claimed"
113,"BNI Brunch (Samlesbury)","enquiries@bnionline.co.uk","","bni-brunch-samlesbury",A,,,,,""
114,"BNI Central - Central London & The City","londoncentral@bni.co.uk","","bni-bni-central-central-london-the-city",A,,,,,"already_claimed"
115,"BNI Concorde - Somerset","somerset@bni.co.uk","","bni-bni-concorde-somerset",A,,,,,"already_claimed"
116,"BNI Conversion - Kent West","kentwest@bni.co.uk","","bni-bni-conversion-kent-west",A,,,,,"already_claimed"
117,"BNI Devon","enquiries@bnidevon.co.uk","","bni-devon",A,,,,,""
118,"BNI Dorset","paul@bnidorset.co.uk","","bni-dorset",A,,,,,""
119,"BNI Fusion Warrington","pfitzsimmons@wilfordsmith.com","","bni-fusion-warrington",A,,,,,""
120,"BNI Granta - Cambridge","cambridgeshire@bni.co.uk","","bni-bni-granta-cambridge",A,,,,,"already_claimed"
121,"BNI Legend - Suffolk","suffolk@bni.co.uk","","bni-bni-legend-suffolk",A,,,,,"already_claimed"
122,"BNI Leicestershire and Rutland","duncan@1pcs.co.uk","","bni-leicestershire-and-rutland",A,,,,,""
123,"BNI Lima - Liverpool","liverpool@bni.co.uk","","bni-bni-lima-liverpool",A,,,,,"already_claimed"
124,"BNI Marina","paulsmith@bni.com","","bni-marina",A,,,,,""
125,"BNI Marina (Hull)","yorkshire_east@bni.co.uk","","bni-aspire-bni-hull",A,,,,,"already_claimed"
126,"BNI Parade (Bath)","southwest@bni.co.uk","","bni-bni-parade-bath",A,,,,,"already_claimed"
127,"BNI Pavilion","alastair.mcleod@businessdoctors.co.uk","","bni-pavilion",A,,,,,""
128,"BNI Pioneer Online","paul@insanetech.net","","bni-pioneer-online",A,,,,,""
129,"BNI Prime Online - Hampshire South","hampshiresouth@bni.co.uk","","bni-bni-prime-online-hampshire-south",A,,,,,"already_claimed"
130,"BNI Scotland South","dionne@bniscotlandse.com","","bni-scotland-south",A,,,,,""
131,"BNI South Wales","support@bni.com","","bni-south-wales",A,,,,,""
132,"BNI South Wales","samturton@bni.com","","bni-south-wales-2",A,,,,,""
133,"BNI The Mighty Nelson","sean@simplymagic.co.uk","","bni-the-mighty-nelson",A,,,,,""
134,"BNI Thomas Telford (Newport)","bni@virtuallythere.co","","bni-thomas-telford-newport",A,,,,,""
135,"BNI Trailblazers - Derbyshire South","derbyshire@bni.co.uk","","bni-bni-trailblazers-derbyshire-south",A,,,,,"already_claimed"
136,"BNNL (Business Networking North London)","info@bnnl.co.uk","","bnnl-business-networking-north-london",A,,,,,""
137,"BoB Connections","ian@bobconnections.co.uk","","bob-connections",A,,,,,"already_claimed"
138,"BoB Networking","tina.duggan@bobnetworking.co.uk","","bob-networking",A,,,,,"already_claimed"
139,"Boom Business Club","gary@boombusinessclub.com","","boom-business-club",A,,,,,"already_claimed"
140,"BPA (Bournemouth Property Association)","info@bpa-online.co.uk","","bpa-bournemouth-property-association",A,,,,,"already_claimed"
141,"Breakfast Bites","hello@blueskyseo.co.uk","","breakfast-bites",A,,,,,""
142,"Brew Beginning","hello@thebrewnetworking.com","","brew-beginning",A,,,,,"already_claimed"
143,"Brighter Thinking Ltd","paul@brighterthinking.co.uk","","brighter-thinking-ltd",A,,,,,""
144,"British Chambers of Commerce (National)","info@britishchambers.org.uk","","british-chambers-of-commerce-national",A,,,,,""
145,"Britton & Time Solicitors","info@brittontime.com","","briton-solicitors",A,,,,,"already_claimed"
146,"Brixton BNI","xander@bnidirector.com","","brixton-bni",A,,,,,""
147,"Bromley Business Network Limited","hello@bromleybusinessnetwork.co.uk","","bromley-business-network-limited",A,,,,,"already_claimed"
148,"BtoB Events","info@btob-events.co.uk","","btob-events",A,,,,,""
149,"Bucks Fizz Networking","info@bucks-fizz.biz","","bucks-fizz-networking",A,,,,,"already_claimed"
150,"BUN (Birmingham's Unique Network)","connect@birminghamsuniquenetwork.com","","bun-birmingham-s-unique-network",A,,,,,""
151,"Business & IP Centre Norfolk","bipcnorfolk@norfolk.gov.uk","","business-ip-centre-norfolk",A,,,,,""
152,"Business Base","info@businessbase.org.uk","","business-base",A,,,,,"already_claimed"
153,"Business Buzz","admin@business-buzz.org","","business-buzz",A,,,,,""
154,"Business Buzz - Bedfordshire","bedford@business-buzz.org","","business-buzz-bedfordshire",A,,,,,"already_claimed"
155,"Business Buzz - Buckinghamshire","mk@business-buzz.org","","business-buzz-buckinghamshire",A,,,,,""
156,"Business Buzz - Cheltenham","cheltenham@business-buzz.org","","business-buzz-cheltenham",A,,,,,""
157,"Business Buzz - Essex","katrina@business-buzz.org","","business-buzz-essex",A,,,,,""
158,"Business Buzz - Leicestershire & Rutland","leicestershire@business-buzz.org","","business-buzz-leicestershire-rutland",A,,,,,""
159,"Business Buzz - London","london@business-buzz.org","","business-buzz-london",A,,,,,""
160,"Business Buzz - Northamptonshire","northamptonshire@business-buzz.org","","business-buzz-northamptonshire",A,,,,,""
161,"Business Buzz - Oxfordshire","oxfordshire@business-buzz.org","","business-buzz-oxfordshire",A,,,,,""
162,"Business Buzz - Warwickshire","warwickshire@business-buzz.org","","business-buzz-warwickshire",A,,,,,""
163,"Business Buzz Wellingborough","wellingborough@business-buzz.org","","business-buzz-wellingborough",A,,,,,""
164,"Business Connect","jon@businessconnectpublishing.co.uk","","business-connect",A,,,,,""
165,"Business Focus Networking - Burton","info@businessfocusburton.co.uk","","business-focus-networking-burton",A,,,,,"already_claimed"
166,"Business for Calderdale","info@businessforcalderdale.co.uk","","business-for-calderdale",A,,,,,""
167,"Business Gateway","info@bgateway.com","","business-gateway",A,,,,,"already_claimed"
168,"Business Growth Club","neil@businessgrowthclub.net","","business-growth-club-2",A,,,,,"already_claimed"
169,"Business Junction","admin@businessjunction.co.uk","","business-junction",A,,,,,""
170,"Business Lynx","hello@lynx19.com","","business-lynx",A,,,,,""
171,"Business Matching UK","info@business-matching.co.uk","","business-matching-uk",A,,,,,""
172,"Business Redcar Cleveland","business@redcar-cleveland.gov.uk","","business-redcar-cleveland",A,,,,,"already_claimed"
173,"Business Sevens","winse@businessfives.com","","business-sevens",A,,,,,""
174,"Business West","info@businesswest.co.uk","","business-west",A,,,,,"already_claimed"
175,"Business Women Connections","lynne@bwsltd.co.uk","","business-women-connections",A,,,,,""
176,"Businesswomen UnLtd","debbie@businesswomenunltd.co.uk","","businesswomen-unltd",A,,,,,"already_claimed"
177,"Busy Networking","aruna@busynetworking.net","","busy-networking",A,,,,,"already_claimed"
178,"Busy Women Networking","aruna@bwnetworking.co.uk","","busy-women-networking",A,,,,,"already_claimed"
179,"Buy Local Norfolk","office@buylocalnorfolk.org.uk","","buy-local-norfolk",A,,,,,"already_claimed"
180,"Buzz Business Networking","hello@buzzbusinessnetworking.eu","","buzz-business-networking",A,,,,,""
181,"Buzzard Networking","info@buzzardnetworking.co.uk","","buzzard-networking",A,,,,,"already_claimed"
182,"BWC (Business Women Connections)","julia@bwsltd.co.uk","","bwc-business-women-connections",A,,,,,""
183,"BWC Aberdeen","karen@bwcaberdeen.co.uk","","bwc-aberdeen",A,,,,,"already_claimed"
184,"BWC Edinburgh & Fife","alvina@bwcedinburgh.co.uk","","bwc-edinburgh-fife",A,,,,,"already_claimed"
185,"BYP Network","info@bypnetwork.co.uk","","byp-network",A,,,,,"already_claimed"
186,"C4DI","hello@c4di.net","","c4di",A,,,,,"already_claimed"
187,"Cadre Rocket","contact@cadrerocket.com","","cadre-rocket",A,,,,,""
188,"Calm Horizon Coaching","neuronetworkmcr@calmhorizoncoaching.co.uk","","calm-horizon-coaching",A,,,,,"already_claimed"
189,"Cambridge United Business Club (Football Club)","dan@cambridgeunited.com","","cambridge-united-business-club-football-club",A,,,,,""
190,"Cambridge Wireless","hello@cambridgewireless.co.uk","","cambridge-wireless",A,,,,,""
191,"Canary Wharf Female Entrepreneurs Network","info@cwentrepreneursnet.com","","canary-wharf-female-entrepreneurs-network",A,,,,,""
192,"CAP Business Clubs","capbusinessclubs3@gmail.com","","cap-business-clubs",A,,,,,"already_claimed"
193,"Cardiff Business Club","office@cardiffbusinessclub.org","","cardiff-business-club",A,,,,,""
194,"Cardiff Start","cardiff@creativemornings.com","","cardiff-start",A,,,,,""
195,"Catena Network","claire@catena-network.co.uk","","catena-network",A,,,,,"already_claimed"
196,"CBN (City Business Network)","cbn@swanseacity.com","","cbn-city-business-network",A,,,,,"already_claimed"
197,"Chamber of trade","enquires@britishchambers.org.uk","","chamber-of-trade",A,,,,,""
198,"Chamber of trade  - Ayrshire","enquiries@ayrshire-chamber.org","","chamber-of-trade-ayrshire",A,,,,,"already_claimed"
199,"Chamber of trade  - Black Country","website@blackcountrychamber.co.uk","","chamber-of-trade-black-country",A,,,,,"already_claimed"
200,"Chamber of trade  - Cambridgeshire","enquiries@cambscci.co.uk","","chamber-of-trade-cambridgeshire",A,,,,,"already_claimed"
201,"Chamber of trade  - Chambers Wales","info@cw-seswm.com","","chamber-of-trade-chambers-wales",A,,,,,"already_claimed"
202,"Chamber of trade  - Cornwall","hello@cornwallchamber.co.uk","","chamber-of-trade-cornwall",A,,,,,"already_claimed"
203,"Chamber of trade  - Coventry & Warwickshire","info@cw-chamber.co.uk","","chamber-of-trade-coventry-warwickshire",A,,,,,"already_claimed"
204,"Chamber of trade  - Cumbria","info@cumbriachamber.co.uk","","chamber-of-trade-cumbria",A,,,,,"already_claimed"
205,"Chamber of trade  - Devon","reception@devonchamber.co.uk","","chamber-of-trade-devon",A,,,,,"already_claimed"
206,"Chamber of trade  - Doncaster","chamber@doncaster-chamber.co.uk","","chamber-of-trade-doncaster",A,,,,,"already_claimed"
207,"Chamber of trade  - Dorset","contact@dorsetchamber.co.uk","","chamber-of-trade-dorset",A,,,,,"already_claimed"
208,"Chamber of trade  - Dundee & Angus","info@dundeeandanguschamber.co.uk","","chamber-of-trade-dundee-angus",A,,,,,"already_claimed"
209,"Chamber of trade  - East Lancashire","m.lockett@chamberelancs.co.uk","","chamber-of-trade-east-lancashire",A,,,,,"already_claimed"
210,"Chamber of trade  - East Midlands (Derbyshire","information@emc-dnl.co.uk","","chamber-of-trade-east-midlands-derbyshire",A,,,,,""
211,"Chamber of trade  - Edinburgh","info@edinburghchamber.co.uk","","chamber-of-trade-edinburgh",A,,,,,""
212,"Chamber of trade  - Essex","enquiries@essexchambers.co.uk","","chamber-of-trade-essex",A,,,,,""
213,"Chamber of trade  - Fife","info@fifechamber.co.uk","","chamber-of-trade-fife",A,,,,,""
214,"Chamber of trade  - Glasgow","chamber@glasgowchamberofcommerce.com","","chamber-of-trade-glasgow",A,,,,,""
215,"Chamber of trade  - Greater Birmingham","info@birmingham-chamber.com","","chamber-of-trade-greater-birmingham",A,,,,,""
216,"Chamber of trade  - Greater Manchester","info@gmchamber.co.uk","","chamber-of-trade-greater-manchester",A,,,,,""
217,"Chamber of trade  - Hampshire","info@hampshirechamber.co.uk","","chamber-of-trade-hampshire",A,,,,,""
218,"Chamber of trade  - Herefordshire & Worcestershire","enquiries@hwchamber.co.uk","","chamber-of-trade-herefordshire-worcestershire",A,,,,,""
219,"Chamber of trade  - Hertfordshire","enquiries@hertschamber.com","","chamber-of-trade-hertfordshire",A,,,,,""
220,"Chamber of trade  - Hull & Humber","info@hull-humber-chamber.co.uk","","chamber-of-trade-hull-humber",A,,,,,""
221,"Chamber of trade  - Inverness","info@inverness-chamber.co.uk","","chamber-of-trade-inverness",A,,,,,""
222,"Chamber of trade  - Isle of Wight","chamber@iwchamber.co.uk","","chamber-of-trade-isle-of-wight",A,,,,,""
223,"Chamber of trade  - Kent Invicta","info@kentinvictachamber.co.uk","","chamber-of-trade-kent-invicta",A,,,,,""
224,"Chamber of trade  - Lincolnshire","enquiries@lincs-chamber.co.uk","","chamber-of-trade-lincolnshire",A,,,,,""
225,"Chamber of trade  - Liverpool","membership@liverpoolchamber.org.uk","","chamber-of-trade-liverpool",A,,,,,""
226,"Chamber of trade  - London","lc@londonchamber.co.uk","","chamber-of-trade-london",A,,,,,""
227,"Chamber of trade  - Mid Yorkshire","getconnected@my-chamber.co.uk","","chamber-of-trade-mid-yorkshire",A,,,,,""
228,"Chamber of trade  - Norfolk","hello@norfolkchambers.co.uk","","chamber-of-trade-norfolk",A,,,,,""
229,"Chamber of trade  - North & Western Lancashire","info@lancschamber.co.uk","","chamber-of-trade-north-western-lancashire",A,,,,,""
230,"Chamber of trade  - North East","your@necc.co.uk","","chamber-of-trade-north-east",A,,,,,""
231,"Chamber of trade  - Renfrewshire","info@renfrewshirechamber.com","","chamber-of-trade-renfrewshire",A,,,,,""
232,"Chamber of trade  - Sheffield","membership@scci.org.uk","","chamber-of-trade-sheffield",A,,,,,""
233,"Chamber of trade  - Shropshire","enquiries@shropshire-chamber.co.uk","","chamber-of-trade-shropshire",A,,,,,""
234,"Chamber of trade  - Somerset","membership@somerset-chamber.co.uk","","chamber-of-trade-somerset",A,,,,,""
235,"Chamber of trade  - South Cheshire","info@sccci.co.uk","","chamber-of-trade-south-cheshire",A,,,,,""
236,"Chamber of trade  - Staffordshire","info@staffordshirechambers.co.uk","","chamber-of-trade-staffordshire",A,,,,,""
237,"Chamber of trade  - Suffolk","info@suffolkchamber.co.uk","","chamber-of-trade-suffolk",A,,,,,""
238,"Chamber of trade  - Surrey","info@surrey-chambers.co.uk","","chamber-of-trade-surrey",A,,,,,""
239,"Chamber of trade  - Sussex","info@sussexchamberofcommerce.co.uk","","chamber-of-trade-sussex",A,,,,,""
240,"Chamber of trade  - Thames Valley","customerservices@tvchamber.co.uk","","chamber-of-trade-thames-valley",A,,,,,""
241,"Chamber of trade  - West & North Yorkshire","info@wnychamber.co.uk","","chamber-of-trade-west-north-yorkshire",A,,,,,""
242,"Chamber of trade  - Wirral","info@wirralchamber.co.uk","","chamber-of-trade-wirral",A,,,,,""
243,"Chamber of trade  -West Cheshire & North Wales","info@wcnwchamber.org.uk","","chamber-of-trade-west-cheshire-north-wales",A,,,,,"already_claimed"
244,"Chamber of Trade Northern Ireland -Chamber of Trade","mail@northernirelandchamber.com","","chamber-of-trade-northern-ireland-chamber-of-trade",A,,,,,""
245,"Chambers of Commerce - Greater Birmingham","m.emery@birmingham-chamber.com","","chambers-of-commerce-greater-birmingham",A,,,,,"already_claimed"
246,"Chartered Institute of Fundraising","info@ciof.org.uk","","chartered-institute-of-fundraising",A,,,,,""
247,"Chartered Institute of Fundraising - Central South","centralsouth@institute-of-fundraising.org.uk","","chartered-institute-of-fundraising-central-south",A,,,,,""
248,"Chartered Institute of Fundraising - East Anglia","eastanglia@ciof.org.uk","","chartered-institute-of-fundraising-east-anglia",A,,,,,""
249,"Chartered Institute of Fundraising - East Midlands","eastmidlands@institute-of-fundraising.org.uk","","chartered-institute-of-fundraising-east-midlands",A,,,,,""
250,"Chartered Institute of Fundraising - North East","northeast@institute-of-fundraising.org.uk","","chartered-institute-of-fundraising-north-east",A,,,,,""
251,"Chartered Institute of Fundraising - North West","northwest@institute-of-fundraising.org.uk","","chartered-institute-of-fundraising-north-west",A,,,,,""
252,"Chartered Institute of Fundraising - South West","southwest@institute-of-fundraising.org.uk","","chartered-institute-of-fundraising-south-west",A,,,,,""
253,"Chartered Institute of Fundraising - West Midlands","westmidlands@institute-of-fundraising.org.uk","","chartered-institute-of-fundraising-west-midlands",A,,,,,""
254,"Chartered Institute of Fundraising - Yorkshire","yorkshire@institute-of-fundraising.org.uk","","chartered-institute-of-fundraising-yorkshire",A,,,,,""
255,"Chartered Institute of Public Relations","alastairm@cipr.co.uk","","chartered-institute-of-public-relations",A,,,,,""
256,"Chartered Institute of Public Relations - East Anglia","cipreastanglia@gmail.com","","chartered-institute-of-public-relations-east-anglia",A,,,,,""
257,"Chartered Institute of Public Relations - Greater London","cipr.glg@gmail.com","","chartered-institute-of-public-relations-greater-london",A,,,,,""
258,"Chartered Institute of Public Relations - Midlands","midlands@cipr.co.uk","","chartered-institute-of-public-relations-midlands",A,,,,,""
259,"Chartered Institute of Public Relations - Scotland","ciprscotland@gmail.com","","chartered-institute-of-public-relations-scotland",A,,,,,""
260,"Chartered Institute of Public Relations - Wessex","wessex@cipr.co.uk","","chartered-institute-of-public-relations-wessex",A,,,,,""
261,"Chiltern Business Connections","paul.beck@appliedls.co.uk","","chiltern-business-connections",A,,,,,""
262,"CILT (Chartered Institute of Logistics and Transport)","tracey.young@ciltuk.org.uk","","cilt-chartered-institute-of-logistics-and-transport",A,,,,,""
263,"CIPS (Chartered Institute of Procurement & Supply)","press@cips.org","","cips-chartered-institute-of-procurement-supply",A,,,,,""
264,"CIPS (Chartered Institute of Procurement & Supply) - Bedfordshire & Hertfordshire","bedsandherts@cipsbranch.org","","cips-chartered-institute-of-procurement-supply-bedfordshire-hertfordshire",A,,,,,""
265,"CIPS (Chartered Institute of Procurement & Supply) - Birmingham & Coventry","birmingham@cipsbranch.org","","cips-chartered-institute-of-procurement-supply-birmingham-coventry",A,,,,,""
266,"CIPS (Chartered Institute of Procurement & Supply) - Central London","london@cipsbranch.org","","cips-chartered-institute-of-procurement-supply-central-london",A,,,,,""
267,"CIPS (Chartered Institute of Procurement & Supply) - Derby & East Midlands","derbyshire@cipsbranch.org","","cips-chartered-institute-of-procurement-supply-derby-east-midlands",A,,,,,""
268,"CIPS (Chartered Institute of Procurement & Supply) - Devon & Cornwall","dandc@cipsbranch.org","","cips-chartered-institute-of-procurement-supply-devon-cornwall",A,,,,,""
269,"CIPS (Chartered Institute of Procurement & Supply) - East Anglia","east.anglia@cipsbranch.org","","cips-chartered-institute-of-procurement-supply-east-anglia",A,,,,,""
270,"CIPS (Chartered Institute of Procurement & Supply) - East of Scotland","eastofscot@cipsbranch.org","","cips-chartered-institute-of-procurement-supply-east-of-scotland",A,,,,,""
271,"CIPS (Chartered Institute of Procurement & Supply) - Essex","essex@cipsbranch.org","","cips-chartered-institute-of-procurement-supply-essex",A,,,,,""
272,"CIPS (Chartered Institute of Procurement & Supply) - Gloucester","gloucester@cipsbranch.org","","cips-chartered-institute-of-procurement-supply-gloucester",A,,,,,""
273,"CIPS (Chartered Institute of Procurement & Supply) - Harrow","harrow@cipsbranch.org","","cips-chartered-institute-of-procurement-supply-harrow",A,,,,,""
274,"CIPS (Chartered Institute of Procurement & Supply) - Herefordshire & Worcestershire","handw@cipsbranch.org","","cips-chartered-institute-of-procurement-supply-herefordshire-worcestershire",A,,,,,""
275,"CIPS (Chartered Institute of Procurement & Supply) - Humber","humber@cipsbranch.org","","cips-chartered-institute-of-procurement-supply-humber",A,,,,,""
276,"CIPS (Chartered Institute of Procurement & Supply) - Kent","kent@cipsbranch.org","","cips-chartered-institute-of-procurement-supply-kent",A,,,,,""
277,"CIPS (Chartered Institute of Procurement & Supply) - Manchester","manchester@cipsbranch.org","","cips-chartered-institute-of-procurement-supply-manchester",A,,,,,""
278,"CIPS (Chartered Institute of Procurement & Supply) - Merseyside","merseyside@cipsbranch.org","","cips-chartered-institute-of-procurement-supply-merseyside",A,,,,,""
279,"CIPS (Chartered Institute of Procurement & Supply) - North Lancashire","northlancs@cipsbranch.org","","cips-chartered-institute-of-procurement-supply-north-lancashire",A,,,,,""
280,"CIPS (Chartered Institute of Procurement & Supply) - North of Scotland","northofscotland@cipsbranch.org","","cips-chartered-institute-of-procurement-supply-north-of-scotland",A,,,,,""
281,"CIPS (Chartered Institute of Procurement & Supply) - Northumbria","northumbria@cipsbranch.org","","cips-chartered-institute-of-procurement-supply-northumbria",A,,,,,""
282,"CIPS (Chartered Institute of Procurement & Supply) - Peterborough & Cambridge","pandc@cipsbranch.org","","cips-chartered-institute-of-procurement-supply-peterborough-cambridge",A,,,,,""
283,"CIPS (Chartered Institute of Procurement & Supply) - South Lakes","southlakes@cipsbranch.org","","cips-chartered-institute-of-procurement-supply-south-lakes",A,,,,,""
284,"CIPS (Chartered Institute of Procurement & Supply) - South London","southlondon@cipsbranch.org","","cips-chartered-institute-of-procurement-supply-south-london",A,,,,,""
285,"CIPS (Chartered Institute of Procurement & Supply) - South of England","southofengland@cipsbranch.org","","cips-chartered-institute-of-procurement-supply-south-of-england",A,,,,,""
286,"CIPS (Chartered Institute of Procurement & Supply) - South Wales","south.wales@cipsbranch.org","","cips-chartered-institute-of-procurement-supply-south-wales",A,,,,,""
287,"CIPS (Chartered Institute of Procurement & Supply) - South Yorkshire","southyorkshire@cipsbranch.org","","cips-chartered-institute-of-procurement-supply-south-yorkshire",A,,,,,""
288,"CIPS (Chartered Institute of Procurement & Supply) - Surrey & Sussex","surrey@cipsbranch.org","","cips-chartered-institute-of-procurement-supply-surrey-sussex",A,,,,,""
289,"CIPS (Chartered Institute of Procurement & Supply) - Thames Valley","thames.valley@cipsbranch.org","","cips-chartered-institute-of-procurement-supply-thames-valley",A,,,,,""
290,"CIPS (Chartered Institute of Procurement & Supply) - West of England","westofengland@cipsbranch.org","","cips-chartered-institute-of-procurement-supply-west-of-england",A,,,,,""
291,"CIPS (Chartered Institute of Procurement & Supply) - West of Scotland","westofscot@cipsbranch.org","","cips-chartered-institute-of-procurement-supply-west-of-scotland",A,,,,,""
292,"CIPS (Chartered Institute of Procurement & Supply) - West Wales","west.wales@cipsbranch.org","","cips-chartered-institute-of-procurement-supply-west-wales",A,,,,,""
293,"CIPS (Chartered Institute of Procurement & Supply) - Yorkshire","yorkshire@cipsbranch.org","","cips-chartered-institute-of-procurement-supply-yorkshire",A,,,,,""
294,"CIPS (Chartered Institute of Procurement & Supply) -Cheshire & North Wales","chesandnorthwales@cipsbranch.org","","cips-chartered-institute-of-procurement-supply-cheshire-north-wales",A,,,,,""
295,"CIPS (Chartered Institute of Procurement & Supply) -Northern Ireland","northernireland@cipsbranch.org","","cips-chartered-institute-of-procurement-supply-northern-ireland",A,,,,,""
296,"Circle Networks","jamie@circlenetworks.co.uk","","circle-networks",A,,,,,"already_claimed"
297,"City Ladies Networking","team@cityladiesnetworking.com","","city-ladies-networking",A,,,,,"already_claimed"
298,"City of Newport Business Club","info@newportbusinessclub.co.uk","","city-of-newport-business-club",A,,,,,""
299,"City Professionals Networking (CPN)","info@cityprofessionalsnetwork.co.uk","","city-professionals-networking-cpn",A,,,,,"already_claimed"
300,"City Sikhs (media)","info@citysikhs.org.uk","","city-sikhs-media",A,,,,,"already_claimed"
301,"City Women Network (CWN)","admin@citywomen.org","","city-women-network-cwn",A,,,,,""
302,"Club FIVE55","jim@nustrategy.co.uk","","club-five55",A,,,,,""
303,"Club Synergy","connect@clubsynergy.co.uk","","club-synergy",A,,,,,"already_claimed"
304,"Club Wednesday Sheffield Weds FC","commercial@swfc.co.uk","","club-wednesday-sheffield-weds-fc",A,,,,,""
305,"CoastalNet","coastalmeetings@gmail.com","","coastalnet",A,,,,,"already_claimed"
306,"Cobra Club","info@thecobraclub.co.uk","","cobra-club",A,,,,,""
307,"Coffee Work Sleep (CWS)","hello@cwscreatives.com","","coffee-work-sleep-cws",A,,,,,"already_claimed"
308,"CoLab","info@communitycolab.co.uk","","colab",A,,,,,"already_claimed"
309,"Coleman Training Development","info@colemantrainingdevelopment.com","","coleman-training-development",A,,,,,""
310,"Collaborate MK","tim@collaboratemk.co.uk","","collaborate-mk",A,,,,,"already_claimed"
311,"Collaboration Global","gill@collaborationglobal.org","","collaboration-global",A,,,,,"already_claimed"
312,"Colleagues on tap","help@colleaguesontap.com","","colleagues-on-tap",A,,,,,""
313,"Colony Networking","kirsty@colonynetworking.co.uk","","colony-networking",A,,,,,"already_claimed"
314,"Community First Yorkshire – Network Events","info@communityfirstyorkshire.org.uk","","community-first-yorkshire-network-events",A,,,,,""
315,"Connect & Collaborate (Telford)","simon@thechw.co.uk","","connect-collaborate-telford",A,,,,,""
316,"Connect over a cuppa","info@biskit.co.uk","","connect-over-a-cuppa",A,,,,,""
317,"Connect Surrey","paul@connectsurrey.com","","connect-surrey",A,,,,,"already_claimed"
318,"Connect Women in Biz","corinnanicol@gmail.com","","connect-women-in-biz",A,,,,,""
319,"Connect Yorkshire","info@connectyorkshire.org","","connect-yorkshire",A,,,,,"already_claimed"
320,"Connects Network (Staffordshire)","admin@kingstreetstudios.co.uk","","connects-network-staffordshire",A,,,,,""
321,"Cornerstone","network@cornerstone-northants.org","","cornerstone",A,,,,,""
322,"Costa Rural Support Network","info.costa@btconnect.com","","costa-rural-support-network",A,,,,,""
323,"Cotswold Networking Bath","info@cotswoldnetworking.co.uk","","cotswold-networking-bath",A,,,,,""
324,"County Business Clubs","sam.thomas@countybusinessclubs.co.uk","","county-business-clubs",A,,,,,""
325,"Cowork Whitby Monthly Socials","info@coworkwhitby.co.uk","","cowork-whitby-monthly-socials",A,,,,,""
326,"Creative Content Company","hello@creativecontent.company","","creative-content-company",A,,,,,"already_claimed"
327,"Cross Reference Networking","paul@kehorne.co.uk","","cross-reference-networking",A,,,,,"already_claimed"
328,"CRS Editorial Leeds Netwalk","craig@crseditorial.co.uk","","crs-editorial-leeds-netwalk",A,,,,,""
329,"Cumbria Social Enterprise Partnership","claire.muir3@nhs.net","","cumbria-social-enterprise-partnership",A,,,,,""
330,"Cynnal Cymru","shwmae@cynnalcymru.com","","cynnal-cymru",A,,,,,"already_claimed"
331,"Dales Business Women","hello@dalesbusinesswomen.co.uk","","dales-business-women",A,,,,,"already_claimed"
332,"Darlington Business Club ltd","jayson.gurney@darlingtonbusinessclub.co.uk","","darlington-business-club-ltd",A,,,,,""
333,"Deal Sourcing Network","contact@dealsourcingnetwork.co.uk","","deal-sourcing-network",A,,,,,""
334,"Denbighshire Small Business Network","contact@smallbusinessnetwork.ltd","","denbighshire-small-business-network",A,,,,,"already_claimed"
335,"Derbyshire Cricket Club 1870 Business Club","jimmy.drew@derbyshireccc.com","","derbyshire-cricket-club-1870-business-club",A,,,,,""
336,"Design Network North","enquiries@designnetworknorth.org","","design-network-north",A,,,,,""
337,"DevelopHER","vickie@developher.co.uk","","developher",A,,,,,""
338,"Devon Women in Business","devonwomeninbusiness@gmail.com","","devon-women-in-business",A,,,,,"already_claimed"
339,"Director Golf","info@directorgolf.com","","director-golf",A,,,,,"already_claimed"
340,"Do Business Network","connect@dobusinessnetwork.com","","do-business-network",A,,,,,""
341,"Down2Business Plymouth","info@down2business.org","","down2business-plymouth",A,,,,,""
342,"Dragons of Newport","info@dragonsofnewport.com","","dragons-of-newport",A,,,,,""
343,"Driffield Business Club","info@driffield-business.co.uk","","driffield-business-club",A,,,,,""
344,"Durham Business Group","alison@durhambusinessclub.co.uk","","durham-business-group",A,,,,,""
345,"EAGB  (Executive Association of Great Britain)","admin@eagb.co.uk","","eagb-executive-association-of-great-britain",A,,,,,""
346,"East Meets West Club","hello@eastmeetswestclub.com","","east-meets-west-club",A,,,,,""
347,"Eden's Lounge","edenslounge@gmail.com","","edens-lounge",A,,,,,""
348,"Edgbaston Grafters Super Group","dave.clements@grafterssupergroups.co.uk","","edgbaston-grafters-super-group",A,,,,,""
349,"Edinburgh Advice Network","advicenetwork@capitalcitypartnership.org","","edinburgh-advice-network",A,,,,,""
350,"Edinburgh Businesswoman’s Club","info@edinburghbusinesswomensclub.co.uk","","",A,,,,,"already_claimed"
351,"Edinburgh Connections","colin@edinburghconnections.co.uk","","edinburgh-connections",A,,,,,""
352,"Edinburgh Rugby Business Club","gill.wood@edinburghrugby.org","","edinburgh-rugby-business-club",A,,,,,""
353,"Edward Harte Solicitors","enquiries@edward-harte.co.uk","","edward-harte-solicitors",A,,,,,""
354,"EEL","eelassociation@gmail.com","","eel",A,,,,,""
355,"EGBA (East Grinstead Business Association)","info@egba.co.uk","","egba-east-grinstead-business-association",A,,,,,""
356,"EKEMS","domestic@ekems.co.uk","","ekems",A,,,,,""
357,"Elevating Business","hello@elevatingbusiness.co.uk","","elevating-business",A,,,,,""
358,"Eliga Consultancy","info@eligaconsultancy.com","","eliga-consultancy",A,,,,,""
359,"Elite Business Academy","support@elitebusinessacademy.co.uk","","elite-business-academy",A,,,,,""
360,"ELP Arbuthnott McClanachan","enquiries@elpamsolicitors.co.uk","","elp-arbuthnott-mcclanachan",A,,,,,""
361,"Elsby and Co","help@elsbyandco.co.uk","","elsby-and-co",A,,,,,""
362,"Empower Biz Network","leigh@leighkadooka.com","","empower-biz-network",A,,,,,""
363,"ENG (Executive Network Group)","info@executivenetworkgroup.co.uk","","eng-executive-network-group",A,,,,,""
364,"Enterprise Nation","media@enterprisenation.com","","enterprise-nation",A,,,,,""
365,"Enterprise Works","enterprise-works@york.ac.uk","","enterprise-works",A,,,,,""
366,"Entrepreneurs Circle","support@entrepreneurscircle.org","","entrepreneurs-circle",A,,,,,""
367,"Entrepreneurs Forum","info@entrepreneursforum.net","","entrepreneurs-forum",A,,,,,""
368,"Envoy Consulting Ltd","kmorza@envoyconsultingltd.uk","","envoy-consulting-ltd",A,,,,,""
369,"EOACC Ltd","info@eoacc.com","","eoacc-ltd",A,,,,,""
370,"ESG Network","sales@esgnetwork.co.uk","","esg-network",A,,,,,""
371,"Essex Business Forum","info@essexbusinessforum.com","","essex-business-forum",A,,,,,""
372,"Essex Business Partnerships","info@essexbusinesspartnerships.org.uk","","essex-business-partnerships",A,,,,,""
373,"Essex Cricket Business Club","boundary.club@essexcricket.org.uk","","essex-cricket-business-club",A,,,,,""
374,"EventRaptor","jennie@eventraptor.com","","speaker-connections",A,,,,,""
375,"Every Woman","francesca@everywoman.com","","every-woman",A,,,,,""
376,"Everyone","everyoneeveryday@corra.scot","","everyone",A,,,,,""
377,"Exeter Business Club","secretary@exeterbusinessclub.co.uk","","exeter-business-club",A,,,,,""
378,"Expert Circles Global","stephen@motivationmatters.co.uk","","expert-circles-global",A,,,,,""
379,"EYRC Events","business.support@eastriding.gov.uk","","eyrc-events",A,,,,,""
380,"Fab Networking","mandy@mybeautifulpen.uk","","fab-networking",A,,,,,""
381,"Fab Networking Group Atherton (Friends & Business)","jenny@aspireaccounts.com","","fab-networking-group-atherton-friends-business",A,,,,,""
382,"Fabulous Networking","glenda@fabulousnetworking.co.uk","","fabulous-networking",A,,,,,""
383,"Face2Face Maidenhead Business Networking","hello@face2facemaidenhead.co.uk","","face2face-maidenhead-business-networking",A,,,,,""
384,"FEC Renewables Ltd","info@fec-renewables.co.uk","","fec-renewables-ltd",A,,,,,""
385,"Female Business Network","janine@femalebusinessnetwork.co.uk","","female-business-network",A,,,,,""
386,"Fig Norwich (Financial Industry Group)","info@fignorwich.org","","fig-norwich-financial-industry-group",A,,,,,""
387,"Firefly Hub","emma@fireflyhub.uk","","firefly-hub",A,,,,,""
388,"Focus Business Club","info@thefocuscollection.co.uk","","focus-business-club",A,,,,,""
389,"Fore Business","sean@fore-business.com","","fore-business",A,,,,,""
390,"Fore Business - Aberdeen","stevenjinnes@hbhy.co.uk","","fore-business-aberdeen",A,,,,,""
391,"Fore Business - Aylesbury","ed@edboakesdriving.co.uk","","fore-business-aylesbury",A,,,,,""
392,"Fore Business - Basingstoke & Newbury","philip@hysons.co.uk","","fore-business-basingstoke-newbury",A,,,,,""
393,"Fore Business - Bath","peter.warr2@battbroadbent.co.uk","","fore-business-bath",A,,,,,""
394,"Fore Business - Bedford","sam.beesley@sjpp.co.uk","","fore-business-bedford",A,,,,,""
395,"Fore Business - Benfleet (South Essex)","robin@rcla.co.uk","","fore-business-benfleet-south-essex",A,,,,,""
396,"Fore Business - Birmingham","paul@printdesignteam.co.uk","","fore-business-birmingham",A,,,,,"already_claimed"
397,"Fore Business - Bournemouth","rob@businessgrowth-strategies.com","","fore-business-bournemouth",A,,,,,"already_claimed"
398,"Fore Business - Bradford","ben@buzzbd.co.uk","","fore-business-bradford",A,,,,,""
399,"Fore Business - Brentwood","james@scurfieldandassociates.co.uk","","fore-business-brentwood",A,,,,,""
400,"Fore Business - Bristol","richard@nexcen.co.uk","","fore-business-bristol",A,,,,,""
401,"Fore Business - Cambridge","iain@weirassociates.co.uk","","fore-business-cambridge",A,,,,,""
402,"Fore Business - Canterbury","trevorellse@gmail.com","","fore-business-canterbury",A,,,,,""
403,"Fore Business - Cardiff","quintin@accendoaccountants.co.uk","","fore-business-cardiff",A,,,,,"already_claimed"
404,"Fore Business - Caterham","andy@mpr-it.co.uk","","fore-business-caterham",A,,,,,""
405,"Fore Business - Cheltenham","james.weaver@wpa-hcp.org.uk","","fore-business-cheltenham",A,,,,,""
406,"Fore Business - Chepstow","gavin@purewealthmanagement.co.uk","","fore-business-chepstow",A,,,,,""
407,"Fore Business - Chester","martyn@periwinkleproperty.com","","fore-business-chester",A,,,,,"already_claimed"
408,"Fore Business - Chigwell","kevin.attwell@bwmltd.org","","fore-business-chigwell",A,,,,,""
409,"Fore Business - Cobham","toby.pawson@conceptvehicleleasing.co.uk","","fore-business-cobham",A,,,,,""
410,"Fore Business - Colchester","adrian.peck@peckuk.com","","fore-business-colchester",A,,,,,""
411,"Fore Business - Crewe","will.clayton@constantinelaw.co.uk","","fore-business-crewe",A,,,,,""
412,"Fore Business - Croydon","kenkennison@hotmail.com","","fore-business-croydon",A,,,,,""
413,"Fore Business - Darlington","dean@deanafox.com","","fore-business-darlington",A,,,,,""
414,"Fore Business - Dartmouth","salesmanager@thedartmouthhotel.co.uk","","fore-business-dartmouth",A,,,,,""
415,"Fore Business - Derby","chris.tucker@scmsales.co.uk","","fore-business-derby",A,,,,,""
416,"Fore Business - Doncaster","steve@holezerogolf.co.uk","","fore-business-doncaster",A,,,,,""
417,"Fore Business - Dundee","wayne.henderson@me.com","","fore-business-dundee",A,,,,,""
418,"Fore Business - East Grinstead","alex@depiqd.co.uk","","fore-business-east-grinstead",A,,,,,""
419,"Fore Business - Edinburgh","johnyoung@johnyounggroup.co.uk","","fore-business-edinburgh",A,,,,,""
420,"Fore Business - Goodwood","nick@progressint.com","","fore-business-goodwood",A,,,,,""
421,"Fore Business - Guildford","gilles@gillespelenc.com","","fore-business-guildford",A,,,,,""
422,"Fore Business - Harrogate","barry@yorkshirewinerascal.com","","fore-business-harrogate",A,,,,,""
423,"Fore Business - Horsham","andy@catandra.co.uk","","fore-business-horsham",A,,,,,""
424,"Fore Business - Huddersfield","danny@emworkwear.com","","fore-business-huddersfield",A,,,,,""
425,"Fore Business - Hull","steve@steveball-recruitment.co.uk","","fore-business-hull",A,,,,,""
426,"Fore Business - Ipswich","james.roper@sjpp.co.uk","","fore-business-ipswich",A,,,,,""
427,"Fore Business - Knutsford","paul@uscita.co.uk","","fore-business-knutsford",A,,,,,""
428,"Fore Business - Leamington Spa","rob.cornford@mytrustedwills.co.uk","","fore-business-leamington-spa",A,,,,,""
429,"Fore Business - Leatherhead","mark@hotseathangout.com","","fore-business-leatherhead",A,,,,,""
430,"Fore Business - Leeds","michael@askmjs.co.uk","","fore-business-leeds",A,,,,,""
431,"Fore Business - Leicester","jonnyuzumaki@gmail.com","","fore-business-leicester",A,,,,,""
432,"Fore Business - Liverpool","paul.williams@secureinheritance.co.uk","","fore-business-liverpool",A,,,,,""
433,"Fore Business - Maidstone","adam@csone.co.uk","","fore-business-maidstone",A,,,,,""
434,"Fore Business - Manchester North","aaron.unsworth@thig.co.uk","","fore-business-manchester-north",A,,,,,""
435,"Fore Business - Manchester South","andy@mhfatraininguk.co.uk","","fore-business-manchester-south",A,,,,,""
436,"Fore Business - Marlow & Maidenhead","brian.hardie@themarketingcentre.com","","fore-business-marlow-maidenhead",A,,,,,""
437,"Fore Business - Newcastle","kevin@root-cause-consultancy.co.uk","","fore-business-newcastle",A,,,,,"already_claimed"
438,"Fore Business - Northampton","tom@onefoursix.co.uk","","fore-business-northampton",A,,,,,""
439,"Fore Business - Norwich","michael.duale@sjpp.co.uk","","fore-business-norwich",A,,,,,""
440,"Fore Business - Nottingham","paul@dermodyowen.co.uk","","fore-business-nottingham",A,,,,,""
441,"Fore Business - Ormskirk","steve@customer-journey.io","","fore-business-ormskirk",A,,,,,""
442,"Fore Business - Plymouth","gavin@gslmedia.co.uk","","fore-business-plymouth",A,,,,,""
443,"Fore Business - Preston","michael@fusedhealthandsafety.co.uk","","fore-business-preston",A,,,,,""
444,"Fore Business - Reading","philgchappell60@gmail.com","","fore-business-reading",A,,,,,""
445,"Fore Business - Sheffield","brettsgroup@hotmail.com","","fore-business-sheffield",A,,,,,""
446,"Fore Business - Shirley","tony@lockfit.co.uk","","fore-business-shirley",A,,,,,""
447,"Fore Business - Southampton","paul.davies@debtcol.co.uk","","fore-business-southampton",A,,,,,""
448,"Fore Business - Swanley","mike.orchard@hotmail.com","","fore-business-swanley",A,,,,,""
449,"Fore Business - Swindon","jeff.tucker@traksolutions.co.uk","","fore-business-swindon",A,,,,,""
450,"Fore Business - Taunton","nick.searle@finecal.co.uk","","fore-business-taunton",A,,,,,""
451,"Fore Business - Telford","cj@integritytaxation.co.uk","","fore-business-telford",A,,,,,""
452,"Fore Business - Thame","tom@websir.co.uk","","fore-business-thame",A,,,,,""
453,"Fore Business - Warrington","james.bruce@stylesandco.co.uk","","fore-business-warrington",A,,,,,""
454,"Fore Business - Watford","tim@golfmanagementgroup.co.uk","","fore-business-watford",A,,,,,""
455,"Fore Business - Welwyn Garden City","peter.hudson62@yahoo.com","","fore-business-welwyn-garden-city",A,,,,,""
456,"Fore Business - West Bromwich","neurotech4health@gmail.com","","fore-business-west-bromwich",A,,,,,""
457,"Fore Business - Weston-Super-Mare","info@fitandfurnish.co.uk","","fore-business-weston-super-mare",A,,,,,""
458,"Fore Business - Wirral","alun.edwards@mmc-management.co.uk","","fore-business-wirral",A,,,,,""
459,"Fore Business - Witney","paul@newheritageinteriors.co.uk","","fore-business-witney",A,,,,,""
460,"Fore Business - Wokingham","guy@ggfit.co.uk","","fore-business-wokingham",A,,,,,""
461,"Fore Business - Wolverhampton","john@greasley.co.uk","","fore-business-wolverhampton",A,,,,,""
462,"Fore Business -Belfast North","adam@studio55.ie","","fore-business-belfast-north",A,,,,,""
463,"Forrester and Co","office@forresterandco.com","","forrester-and-co",A,,,,,""
464,"Forward Thinking","team@forwardthinking.com","","forward-thinking",A,,,,,""
465,"Foundxrs Club","hi@foundxrsclub.com","","foundxrs-club",A,,,,,""
466,"Foyle Business Network","foylebusinessnetwork@gmail.com","","foyle-business-network",A,,,,,""
467,"Foyle Women's Information Network","info@fwin.org.uk","","foyle-women-s-information-network",A,,,,,""
468,"Freelance Mum","faye@freelancemum.co.uk","","freelance-mum",A,,,,,""
469,"Fresh Walks","michael@freshwalks.co.uk","","fresh-walks",A,,,,,""
470,"Friends In Business","hello@bigonemarketing.co.uk","","friends-in-business",A,,,,,""
471,"FSA Herefordshire (Forest School Association)","enquiries@forestschoolassociation.org","","fsa-herefordshire-forest-school-association",A,,,,,""
472,"FSB (Federation of Small Businesses)","customerservices@fsb.org.uk","","fsb-federation-of-small-businesses-2",A,,,,,""
473,"FSB (Federation of Small Businesses)","linsey.luke@fsb.org.uk","","fsb-federation-of-small-businesses-3",A,,,,,""
474,"FSB (Federation of Small Businesses)","karen.durcan@fsb.org.uk","","fsb-federation-of-small-businesses",A,,,,,""
475,"FSB (Federation of Small Businesses) - East Midlands","themidlands@fsb.org.uk","","fsb-federation-of-small-businesses-east-midlands",A,,,,,""
476,"FSB (Federation of Small Businesses) - East of England","neil.eames@fsb.org.uk","","fsb-federation-of-small-businesses-east-of-england",A,,,,,""
477,"FSB (Federation of Small Businesses) - Greater London","deborah.chappell@fsb.org.uk","","fsb-federation-of-small-businesses-greater-london",A,,,,,""
478,"FSB (Federation of Small Businesses) - North West","emma.smailes@fsb.org.uk","","fsb-federation-of-small-businesses-north-west",A,,,,,""
479,"FSB (Federation of Small Businesses) - Northern Ireland","alan.lowry@fsb.org.uk","","fsb-federation-of-small-businesses-northern-ireland",A,,,,,""
480,"FSB (Federation of Small Businesses) - Scotland","garry.clark@fsb.org.uk","","fsb-federation-of-small-businesses-scotland",A,,,,,""
481,"FSB (Federation of Small Businesses) - Wales","joshua.miles@fsb.org.uk","","fsb-federation-of-small-businesses-wales",A,,,,,""
482,"FSB (Federation of Small Businesses) - Yorkshire","harry.harrison@fsb.org.uk","","fsb-federation-of-small-businesses-yorkshire",A,,,,,""
483,"FSB London Bootcamp  Spring Into Success","mia.mulquin@fsb.org.uk","","fsb-london-bootcamp-spring-into-success",A,,,,,""
484,"FWB (Fife Women in Business)","admin@fifewomeninbusiness.com","","fwb-fife-women-in-business",A,,,,,"already_claimed"
485,"G12 Business Club","hello@g12businessclub.co.uk","","g12-business-club",A,,,,,""
486,"Gard & Co. Solicitors","enquiries@gardandco.com","","gard-co-solicitors",A,,,,,""
487,"Gateshead Business Club","davidthompson@teamvalleygroup.co.uk","","gateshead-business-club",A,,,,,""
488,"Gatwick Diamond Business","mandi@gatwickdiamondbusiness.com","","gatwick-diamond-business",A,,,,,""
489,"Gay Professional Network (GPN)","hello@the-gba.co.uk","","gay-professional-network-gpn",A,,,,,""
490,"GB Shared","hello@gbshared.co.uk","","gb-shared",A,,,,,""
491,"GBT (Golf & Business Network)","mark.brown@gbtevents.co.uk","","gbt-golf-business-network",A,,,,,""
492,"Gen-e-Networking","rose@gen-e-networking.com","","gen-e-networking",A,,,,,""
493,"Generations Working Together","office@generationsworkingtogether.org","","generations-working-together",A,,,,,""
494,"Genuine Networking","info@yvonnedenman.net","","genuine-networking",A,,,,,""
495,"Get Connected","rebecca@getaheadva.com","","get-connected",A,,,,,""
496,"Glasgow Business Club","secretary@glasgowbusinessclub.co.uk","","glasgow-business-club",A,,,,,"already_claimed"
497,"Glasgow Girls Club","info@glasgowgirlsclub.org","","glasgow-girls-club",A,,,,,""
498,"Global Scot","contact.support@globalscot.com","","global-scot",A,,,,,""
499,"GLOW (Greater Lincolnshire's Outstanding Women)","glowlincs@gmail.com","","glow-greater-lincolnshire-s-outstanding-women",A,,,,,""
500,"GM Business Growth Hub","bgh@growthco.uk","","gm-business-growth-hub",A,,,,,""
501,"GMECN","info@gmecn.org.uk","","gmecn",A,,,,,""
502,"Go Connections","support@goconnections.net","","go-connections",A,,,,,""
503,"Goldfinch Gatherings","christina@goldfinchgatherings.co.uk","","goldfinch-gatherings",A,,,,,""
504,"Good2Great","info@good-2-great.co.uk","","good2great",A,,,,,""
505,"Goole Business Group","goolebusinessgroup@gmail.com","","goole-business-group",A,,,,,""
506,"GoTribe","contact@go-tribe.co.uk","","gotribe",A,,,,,""
507,"Grafters","gary@grafterssupergroups.co.uk","","grafters",A,,,,,""
508,"Grafters - Berkshire Royal","groups@grafterssupergroups.co.uk","","grafters-berkshire-royal",A,,,,,""
509,"Grafters - Croyden","elias.dayub@aspray.com","","grafters-croyden",A,,,,,""
510,"Grafton Banks Finance","finance@graftonbanks.co.uk","","grafton-banks-finance",A,,,,,""
511,"Grow Her Business","judith@evimero.ltd","","grow-her-business",A,,,,,""
512,"Grub Club","hello@grubclubcambridge.co.uk","","grub-club",A,,,,,""
513,"GWN (LGBTQ+ Women's Network)","co-chairs@gwn.org.uk","","gwn-lgbtq-women-s-network",A,,,,,""
514,"H&F (Hammersmith & Fulham)","nicki.burgess@lbhf.gov.uk","","h-f-hammersmith-fulham",A,,,,,""
515,"Halifax Opportunites Trust","marketing@regen.org.uk","","halifax-opportunites-trust",A,,,,,""
516,"Hammersmith Networking","hello@hammersmithnetworking.co.uk","","hammersmith-networking",A,,,,,""
517,"Harrogate & District Community Action","hadca@hadca.org.uk","","",A,,,,,"already_claimed"
518,"Harrogate Business Group","socialmedia@harrogatebusinessgroup.com","","harrogate-business-group",A,,,,,""
519,"Harrogate District Chamber of Commerce","chiefexec@harrogatechamber.co.uk","","harrogate-district-chamber-of-commerce",A,,,,,""
520,"Hashtag Events Business Club","hello@hashtagevents.co.uk","","hashtag-events-business-club",A,,,,,""
521,"hbw (Highland Business Women","info@hbw.scot","","hbw-highland-business-women",A,,,,,""
522,"Helm","contactus@helmclub.co","","helm",A,,,,,""
523,"Herefordshire Green Network","admin@hgnetwork.org","","herefordshire-green-network",A,,,,,""
524,"Herefordshire Health & Safety Group (HHSG)","info@herefordhsg.co.uk","","herefordshire-health-safety-group-hhsg",A,,,,,""
525,"Herefordshire Means Business","rich@hmbiz.co.uk","","herefordshire-means-business",A,,,,,""
526,"Hethel Innovation","info@hethelinnovation.com","","hethel-innovation",A,,,,,""
527,"Hexagon Legal Network (HLN)","admin@hexagonlegal.com","","hexagon-legal-network-hln",A,,,,,""
528,"HEY Growth Hub","growthhub@heylep.com","","hey-growth-hub",A,,,,,""
529,"HEY Skills Network","skillshub@heybusinessgrowthskillshub.com","","hey-skills-network",A,,,,,""
530,"Hey Smile Foundation","community@heysmilefoundation.org.uk","","hey-smile-foundation",A,,,,,""
531,"High Billinghurst Farm","tom@highbillinghurstfarm.com","","high-billinghurst-farm",A,,,,,""
532,"HINT (Highlands and Islands Networking Together Group)","info@sdpscotland.co.uk","","hint-highlands-and-islands-networking-together-group",A,,,,,""
533,"Hive Networking","info@hivenetworking.co.uk","","hive-networking",A,,,,,""
534,"Hodson & Co","info@hodsonandco.co.uk","","hodson-co",A,,,,,""
535,"Home Grown Club","info@homegrownclub.co.uk","","home-grown-club",A,,,,,""
536,"Home House","membership@homehouse.co.uk","","home-house",A,,,,,""
537,"Home-Start Kirkcaldy","admin@homestartkirkcaldy.org.uk","","home-start-kirkcaldy",A,,,,,""
538,"Honley Business Association","honleybusinessassociation@gmail.com","","honley-business-association",A,,,,,""
539,"Horncastle Networking Group (recruitment)","kay@horncastlerecruitment.co.uk","","horncastle-networking-group-recruitment",A,,,,,""
540,"Hospitality Network","andrew@hospitalitynetwork.co.uk","","hospitality-network",A,,,,,""
541,"Hospitality Titans","membership@hospitalitytitans.co.uk","","hospitality-titans",A,,,,,""
542,"How Does She Do It","jo@howdoesshedoit.life","","how-does-she-do-it",A,,,,,""
543,"HPN (Healthcare Partnership Network)","hello@pne-uk.com","","hpn-healthcare-partnership-network",A,,,,,""
544,"HR Technologies UK","hrtechuk@closerstillmedia.com","","hr-technologies-uk",A,,,,,""
545,"Hudsons Property","hello@hudsonsproperty.com","","hudsons-property",A,,,,,""
546,"Hydrogen Scotland","info@hydrogenscotland.com","","",A,,,,,"already_claimed"
547,"I Like Networking","contact@ilikenetworking.uk","","i-like-networking",A,,,,,""
548,"I Want 2 Network","networking@iwant2network.com","","i-want-2-network",A,,,,,""
549,"IAW (I Am Woman)","info@iamwoman.biz","","iaw-i-am-woman",A,,,,,""
550,"IBN (Island Business Network)","annabel.robbins@hrdept.co.uk","","ibn-island-business-network",A,,,,,""
551,"IBNG (Independent Business Networking Group)","info@ibngroup.co.uk","","ibng-independent-business-networking-group",A,,,,,""
552,"Inclusive Bytes","hello@inclusivebytes.org","","inclusive-bytes",A,,,,,""
553,"iNetwork","inetwork@tameside.gov.uk","","inetwork",A,,,,,""
554,"Innovate Mortgages & Loans","info@innovateml.co.uk","","innovate-mortgages-loans",A,,,,,""
555,"Inside & Out Digital","hello@insideandout.co.uk","","inside-out-digital",A,,,,,""
556,"INsiders","mandie@mandieholgate.co.uk","","insiders",A,,,,,""
557,"Inspired by Nature Network","admin@thinklikeatree.co.uk","","inspired-by-nature-network",A,,,,,""
558,"Institute of Hospitality","youth.council@instituteofhospitality.org","","institute-of-hospitality",A,,,,,""
559,"Interact","interactnetworking@gmail.com","","interact",A,,,,,""
560,"Interim Lawyers","emma.ireland@ten-percent.co.uk","","interim-lawyers",A,,,,,""
561,"IntroBiz","info@introbiz.com","","introbiz",A,,,,,""
562,"Invest Hull","investhull@hullcc.gov.uk","","invest-hull",A,,,,,""
563,"Invest in North Lincolnshire","businessinfo@northlincs.gov.uk","","invest-in-north-lincolnshire",A,,,,,""
564,"IPSE (The Association of Independent Professionals)","membership@ipse.co.uk","","ipse-the-association-of-independent-professionals",A,,,,,""
565,"Is Me & CO","tim.whiston@ismeandco.com","","is-me-co",A,,,,,""
566,"ISBE (Institute for small business and entrepreneurship","info@isbe.org.uk","","isbe-institute-for-small-business-and-entrepreneurship",A,,,,,""
567,"Island Networking – Sheffield & Rotherham","phil@pmbd.co.uk","","island-networking-sheffield-rotherham",A,,,,,""
568,"ISSBA (Ipswich & Suffolk Small Business Association)","mail@issba.co.uk","","issba-ipswich-suffolk-small-business-association",A,,,,,""
569,"ISTN (Ipswich & Suffolk Tech Network)","suffolktechnetwork@gmail.com","","istn-ipswich-suffolk-tech-network",A,,,,,""
570,"Iungoworks","space@iungo.works","","",A,,,,,"already_claimed"
571,"JBN (Jewish Business Network)","info@jbn.london","","jbn-jewish-business-network",A,,,,,""
572,"Joanne Dewberry","joanne@joannedewberry.co.uk","","joanne-dewberry",A,,,,,""
573,"K107 FM","sales@k107.co.uk","","k107-fm",A,,,,,""
574,"K2N","info@k2networking.co.uk","","k2n",A,,,,,""
575,"KCC Networking","richardssue351@gmail.com","","kcc-networking",A,,,,,""
576,"Kimbolton Connects","hello@kimbolton.online","","kimbolton-connects",A,,,,,""
577,"KiNG (Kernow Independent Networking Group)","info@king-networking.co.uk","","king-kernow-independent-networking-group",A,,,,,""
578,"Kingdom Nutrition","nutritioneighty@yahoo.com","","kingdom-nutrition",A,,,,,""
579,"Knights & Shah Solicitors","enquiries@knightsshahsolicitors.co.uk","","knights-shah-solicitors",A,,,,,""
580,"KUKU Connect","hello@kukuconnect.co.uk","","kuku-connect",A,,,,,""
581,"LA23NET","info@weareintro.co.uk","","la23net",A,,,,,""
582,"Ladies Lunch Plymouth","lisa.thomas@parkerandrews.co.uk","","ladies-lunch-plymouth",A,,,,,""
583,"Ladies Network","heather@ladiesnetwork.co.uk","","ladies-network",A,,,,,""
584,"Ladies Who Latte","admin@ladieswholatte.com","","ladies-who-latte",A,,,,,""
585,"Lady Val's Professional Women's Network","val@ladyvalnetwork.biz","","lady-val-s-professional-women-s-network",A,,,,,""
586,"Lakeland Businesswomen's Network (LBN)","enquiries@lbn.org.uk","","lakeland-businesswomen-s-network-lbn",A,,,,,""
587,"Lanarkshire Business Group","info@lanarkshirebusinessgroup.com","","lanarkshire-business-group",A,,,,,""
588,"LeadHerShip Global","linda@leadershipglobal.com","","leadhership-global",A,,,,,""
589,"Leading Edge Business Networking","request@leadingedgebusiness.co.uk","","leading-edge-business-networking",A,,,,,""
590,"Ledbury & Newent Network","info@ledburyandnewentnetwork.co.uk","","ledbury-newent-network",A,,,,,""
591,"Leeds Involving People","info@leedsinvolvement.org.uk","","leeds-involving-people",A,,,,,""
592,"Leicester Hotshots","matthew.robinson@brewin.co.uk","","leicester-hotshots",A,,,,,""
593,"Leicester Tigers Business Club","commercialteam@tigers.co.uk","","leicester-tigers-business-club",A,,,,,""
594,"Leicestershire Business Voice","voice@lbv.co.uk","","leicestershire-business-voice",A,,,,,""
595,"Let's Do Business","info@letsdo.co.uk","","let-s-do-business",A,,,,,""
596,"Levi Solicitors LLP","info@levisolicitors.co.uk","","levi-solicitors-llp",A,,,,,""
597,"Like-Minded Professionals","hello.likemindedprofessionals@gmail.com","","like-minded-professionals",A,,,,,""
598,"LJLD (Leeds Junior Lawyers Division)","leedsjld@outlook.com","","ljld-leeds-junior-lawyers-division",A,,,,,""
599,"Llanidloes Networking","jonathan@llani.wales","","llanidloes-networking",A,,,,,""
600,"Local Business Connections","info@localbusinessconnections.com","","local-business-connections",A,,,,,""
601,"London Business Network","events@londonbusinessnetwork.uk","","london-business-network",A,,,,,""
602,"London Business Society","timea.kadar@gmail.com","","london-business-society",A,,,,,""
603,"London Development Network (LDN)","zoe.rines@3-sphere.co.uk","","london-development-network-ldn",A,,,,,""
604,"London HR Connection","mail@londonhr.org","","london-hr-connection",A,,,,,""
605,"London International Stationery Show","chantellew@max-publishing.co.uk","","london-international-stationery-show",A,,,,,""
606,"London Networking Group","info@londonnetworkingclub.com","","london-networking-group",A,,,,,""
607,"London Referral Network","info@londonreferralnetwork.com","","london-referral-network",A,,,,,""
608,"London Women's Forum","info@londonwomensforum.org","","london-women-s-forum",A,,,,,""
609,"LondonFintechs","invites@londonfintechs.com","","londonfintechs",A,,,,,""
610,"Louth Business Club","info@louthbusinessclub.com","","louth-business-club",A,,,,,""
611,"Love Business Networking (East Midlands)","info@lovebusinesseastmidlands.com","","love-business-networking-east-midlands",A,,,,,""
612,"Love Wimbledon","info@lovewimbledon.org","","love-wimbledon",A,,,,,""
613,"LoveBiz Networking Arden Community","juliecameron@lovebiznetworking.co.uk","","lovebiz-networking-arden-community",A,,,,,""
614,"LoveBiz Networking Impact Executive","suecrooks@lovebiznetworking.co.uk","","lovebiz-networking-impact-executive",A,,,,,""
615,"LoveBiz Networking Leger Saint Don Community","michelleullyott@lovebiznetworking.co.uk","","lovebiz-networking-leger-saint-don-community",A,,,,,""
616,"LoveBiz Networking Three Spires Community","jacquedrain@lovebiznetworking.co.uk","","lovebiz-networking-three-spires-community",A,,,,,""
617,"Lyme Business Network","louisemonblat@icloud.com","","lyme-business-network",A,,,,,""
618,"Lynea Architects","info@lynea.co.uk","","lynea-architects",A,,,,,""
619,"M4 Business Network","h.hambleton@uhy-uk.com","","m4-business-network",A,,,,,""
620,"Mansfield & Ashfield 2020","admin@mansfieldandashfield2020.com","","mansfield-ashfield-2020",A,,,,,""
621,"Mantle Space - Go Meet","hello@mantlespace.co.uk","","mantle-space-go-meet",A,,,,,""
622,"Marches Growth Hub","enquiries@marchesgrowthhub.co.uk","","marches-growth-hub",A,,,,,""
623,"Marylebone Smile Clinic","info@marylebonesmileclinic.co.uk","","marylebone-smile-clinic",A,,,,,""
624,"MAW (Mums at Work Network)","mawcommitteeni@gmail.com","","maw-mums-at-work-network",A,,,,,""
625,"MBN","info@mbnsolutions.com","","mbn",A,,,,,""
626,"MD2MD","events@md2md.co.uk","","md2md",A,,,,,""
627,"Medina Business Exchange","info@medina-business.com","","medina-business-exchange",A,,,,,""
628,"Melbourn Business Association","kimmi@melbournbusinessassociation.com","","melbourn-business-association",A,,,,,""
629,"MENTA Networking Events","bookings@menta.org.uk","","menta-networking-events",A,,,,,""
630,"Met Events","info@met-events.co.uk","","met-events",A,,,,,""
631,"MHH Partnership","enquiries@mhhp.co.uk","","mhh-partnership",A,,,,,""
632,"MHN (Manchester Hospitality Network)","hello@manchesterhospitalitynetwork.co.uk","","mhn-manchester-hospitality-network",A,,,,,""
633,"Mid Devon Network","info@middevonnetwork.co.uk","","mid-devon-network",A,,,,,""
634,"Midlands Business Network","info@themidlandsbusinessnetwork.co.uk","","midlands-business-network",A,,,,,""
635,"Migrate Data","info@migratedata.co.uk","","migrate-data",A,,,,,""
636,"Millionaire Club","info@millionairenetworkinsocialclub.com","","millionaire-club",A,,,,,""
637,"Mint Business Club","info@mintbusinessclub.co.uk","","mint-business-club",A,,,,,""
638,"MJR Solicitors","info@mjrsolicitors.co.uk","","mjr-solicitors",A,,,,,""
639,"MLUXE","met@sky.com","","mluxe",A,,,,,""
640,"Momentous Relocation","enquiries@momentousrelocation.co.uk","","momentous-relocation",A,,,,,""
641,"Monopoly Network","simon.millar@albanwiseinsurance.co.uk","","monopoly-network",A,,,,,""
642,"Moor Park Business Club","annick@therooster.co.uk","","moor-park-business-club",A,,,,,""
643,"Moray Business Women","secretary@mbwc.org.uk","","moray-business-women",A,,,,,"already_claimed"
644,"Motion Graphics Design","ahsanansari4773@gmail.com","","motion-graphics-design",A,,,,,""
645,"MSG Business Elevate","hello@msgbusinesselevate.com","","msg-business-elevate",A,,,,,""
646,"Mums in Business","ali.tait@mibnetwork.org.uk","","mums-in-business",A,,,,,""
647,"MWMG (Mid Wales Manufacturing Group)","info@mwmg.org","","mwmg-mid-wales-manufacturing-group",A,,,,,""
648,"My Legal Services","info@mylegalservices.co.uk","","my-legal-services",A,,,,,""
649,"My London Solicitors","enquiries@mylondonsolicitors.com","","my-london-solicitors",A,,,,,""
650,"myGwork","sage.kuo@mygwork.com","","mygwork",A,,,,,""
651,"N4B (Networking4breakfast)","steve@topmarquesuniforms.co.uk","","n4b-networking4breakfast",A,,,,,""
652,"Nash and Co Solicitors","enquiries@nash.co.uk","","nash-and-co-solicitors",A,,,,,""
653,"National Convenience Show (NEC)","info@necgroup.co.uk","","national-convenience-show-nec",A,,,,,""
654,"National Network of Special Schools SBPs","info@nnoss.co.uk","","national-network-of-special-schools-sbps",A,,,,,""
655,"National Retrofit Hub","info@nationalretrofithub.org.uk","","national-retrofit-hub",A,,,,,""
656,"NBWN (National Black Women's Network)","info@nbwn.org","","nbwn-national-black-women-s-network",A,,,,,""
657,"Network B2B","stephanie@networkb2b.co.uk","","network-b2b-3",A,,,,,"already_claimed"
658,"Network Bee","hive@networkbee.uk","","network-bee",A,,,,,""
659,"Network Cornwall","ian@digitalpeninsula.com","","network-cornwall",A,,,,,""
660,"Network Group","info@nbg.co.uk","","network-group",A,,,,,""
661,"Network In","team@networkin.uk","","network-in",A,,,,,""
662,"Network LE","claire.herbert@gateleylegal.com","","network-le",A,,,,,""
663,"netWORK notWORK","info@networknotwork.co.uk","","network-notwork",A,,,,,""
664,"Network Plymouth","colin@savemoney.me.uk","","network-plymouth",A,,,,,""
665,"Network She","hello@networkshe.co.uk","","network-she",A,,,,,""
666,"Network4Business","howard@numersrus.co.uk","","network4business",A,,,,,""
667,"NetworkIN","teams@networkin.uk","","networkin",A,,,,,""
668,"Networking 4 Essex Women (NEW)","lesley@networking4essex.co.uk","","networking-4-essex-women-new",A,,,,,""
669,"Networking Business Breakfast (University of Hull)","aic.aura@hull.ac.uk","","networking-business-breakfast-university-of-hull",A,,,,,""
670,"Networking Essex","aaron@networking-essex.co.uk","","networking-essex",A,,,,,""
671,"Networking London","events@networking.london","","networking-london",A,,,,,""
672,"Networking Women","hello@networking-women.com","","networking-women",A,,,,,""
673,"networx4business","daryl@networx4business.co.uk","","networx4business",A,,,,,""
674,"Neuro Align Clinic","enquiry@neuroalignclinic.co.uk","","neuro-align-clinic",A,,,,,""
675,"Newbury Business Group","info@newburybusiness.co.uk","","newbury-business-group",A,,,,,"already_claimed"
676,"Newcastle United Business Club","business.club@nufc.co.uk","","newcastle-united-business-club",A,,,,,""
677,"Nexus","hello@nexusleeds.co.uk","","nexus",A,,,,,""
678,"Nicholson & Co Accountancy","info@nicholsonandco.co.uk","","nicholson-co-accountancy",A,,,,,""
679,"Niki Paterson Design","niki@nikipatersondesign.com","","niki-paterson-design",A,,,,,""
680,"Nimbus Clinics","info@nimbusclinics.com","","nimbus-clinics",A,,,,,""
681,"NNBN","hello@nnbn.co.uk","","nnbn",A,,,,,""
682,"No Ties Networking","notiesnw2015@gmail.com","","no-ties-networking",A,,,,,""
683,"NOF","paul.livingstone@nof.co.uk","","nof",A,,,,,""
684,"Norfolk Network","info@norfolknetwork.com","","norfolk-network",A,,,,,""
685,"Norfolk Women's Marketing Network (NWM Network)","grace@nwmnetwork.co.uk","","norfolk-women-s-marketing-network-nwm-network",A,,,,,""
686,"North & Western Lancashire Chamber of Commerce","paulm@lancschamber.co.uk","","north-western-lancashire-chamber-of-commerce",A,,,,,""
687,"North East Chamber of Commerce","info@neechamber.co.uk","","north-east-chamber-of-commerce",A,,,,,""
688,"North East Network","info@northeastnetwork.co.uk","","north-east-network",A,,,,,""
689,"North Wales Business Club","info@nwbc.org.uk","","north-wales-business-club",A,,,,,""
690,"Northern Housing Consortium","kathy.thomas@northern-consortium.org.uk","","northern-housing-consortium",A,,,,,""
691,"Norwich Business Women's Network (NBWN)","enquiries@nbwn.co.uk","","norwich-business-women-s-network-nbwn",A,,,,,""
692,"Norwich Kitty Business Networking Group","norwichkittynetworking@gmail.com","","norwich-kitty-business-networking-group",A,,,,,""
693,"Notary Services Limited","info@notaryservicesltd.co.uk","","notary-services-limited",A,,,,,""
694,"Nottingham City Business Club","admin@nottinghamcitybusinessclub.co.uk","","nottingham-city-business-club",A,,,,,""
695,"Nottingham Partners","hello@nottinghampartners.co.uk","","nottingham-partners",A,,,,,""
696,"Nottinghamshire Business Support","businessteam@nottscc.gov.uk","","nottinghamshire-business-support",A,,,,,""
697,"Nottinghamshire Women's Centre","samra@nottinghamwomenscentre.com","","nottinghamshire-women-s-centre",A,,,,,""
698,"Novi","enquiries@forwardladies.com","","novi",A,,,,,""
699,"NWN (National Women's Network)","amanda@national-womens-network.co.uk","","nwn-national-women-s-network",A,,,,,""
700,"NWS (North Wales Social)","hello@northwalessocial.co.uk","","nws-north-wales-social",A,,,,,""
701,"OEUK Share Fair","hwestwell@oeuk.org.uk","","oeuk-share-fair",A,,,,,""
702,"Officers' Association Scotland","info@oascotland.org.uk","","officers-association-scotland",A,,,,,""
703,"ONLE","james@theonle.network","","onle",A,,,,,""
704,"Open College UK Limited","customersupport@opencollege.info","","open-college-uk-limited",A,,,,,""
705,"Opendoorz","admin@opendoorz.biz","","opendoorz",A,,,,,""
706,"ORB - Organisation for Responsible Businesses","jill@orbuk.org","","orb-organisation-for-responsible-businesses",A,,,,,""
707,"Out and About Campers","hello@outandaboutcampers.co.uk","","out-and-about-campers",A,,,,,""
708,"Out Britain","info@outbritain.co.uk","","out-britain",A,,,,,""
709,"Outback 365","info@outback365.co.uk","","outback-365",A,,,,,""
710,"Outside Ideas","hello@outside-ideas.com","","outside-ideas",A,,,,,""
711,"OxfordSTEM.Network","info@priddeymarketing.co.uk","","oxfordstem-network",A,,,,,""
712,"PA Surveyors","info@pa-surveyors.co.uk","","pa-surveyors",A,,,,,""
713,"Padel Partners Networking","guy@ggfit.com","","padel-partners-networking",A,,,,,""
714,"Parallax Counselling","info@parallaxcounselling.co.uk","","parallax-counselling",A,,,,,""
715,"Pathway2Grow (Coffee & Natter)","info@pathway2grow.co.uk","","pathway2grow-coffee-natter",A,,,,,""
716,"Patina Sofas","info@patinasofas.com","","patina-sofas",A,,,,,""
717,"pbn (Perthshire Businesswomen's Network)","info@pbn.org.uk","","pbn-perthshire-businesswomen-s-network",A,,,,,""
718,"Pearce Accounts Consultancy Services","info@pearceaccounts.com","","pearce-accounts-consultancy-services",A,,,,,""
719,"Pearl Accountants","info@pearlaccountants.com","","pearl-accountants",A,,,,,""
720,"Peer Networks (Schools & Learning Providers)","governor.services@norfolk.gov.uk","","peer-networks-schools-learning-providers",A,,,,,""
721,"Pegrum Electrical Ltd","info@pegrumelectricalltd.co.uk","","pegrum-electrical-ltd",A,,,,,""
722,"Peppercorn Speed Networking","members@peppercorn.biz","","peppercorn-speed-networking",A,,,,,""
723,"Personal Training Didsbury","info@personaltrainingdidsbury.com","","personal-training-didsbury",A,,,,,""
724,"PIN (Property Investors Network)","info@propertyinvestorsnetwork.co.uk","","pin-property-investors-network",A,,,,,""
725,"Pink Link","events@pinklinkladies.co.uk","","pink-link",A,,,,,""
726,"Pink Link Ladies","coral@pinklinkladies.co.uk","","pink-link-ladies",A,,,,,""
727,"Platform Thirty1","sam@platformthirty1.com","","platform-thirty1-2",A,,,,,""
728,"PLC Business Networking Group","hello@plcnetworking.uk","","plc-business-networking-group",A,,,,,""
729,"Plus Group","hello@plusgroup.org","","plus-group",A,,,,,""
730,"Plymouth Business Network","info@plymouthbusinessnetwork.co.uk","","plymouth-business-network",A,,,,,""
731,"POP Connect","katherine@popconnect.net","","pop-connect",A,,,,,""
732,"Power Networkers Hub","growth@kub-uk.com","","power-networkers-hub",A,,,,,""
733,"Power of Women","hello@powerofwomen.org.uk","","power-of-women",A,,,,,""
734,"POWERful Women","info@powerfulwomen.org.uk","","powerful-women",A,,,,,""
735,"PPN (Progressive Property Network)","hello@progressiveproperty.co.uk","","ppn-progressive-property-network",A,,,,,"already_claimed"
736,"PPN (Progressive Property Network) - Blackfriars London","kevinmc_donnell@hotmail.com","","ppn-progressive-property-network-blackfriars-london",A,,,,,"already_claimed"
737,"PPN (Progressive Property Network) - Bournemouth","leighashbee@progressivepropertynetwork.co.uk","","ppn-progressive-property-network-bournemouth",A,,,,,"already_claimed"
738,"PPN (Progressive Property Network) - Brentwood","brentwood@progressivepropertynetwork.co.uk","","ppn-progressive-property-network-brentwood",A,,,,,"already_claimed"
739,"PPN (Progressive Property Network) - Glasgow","glasgow@progressivepropertynetwork.co.uk","","ppn-progressive-property-network-glasgow",A,,,,,""
740,"PPN (Progressive Property Network) - Holborn","holborn@progressivepropertynetwork.co.uk","","ppn-progressive-property-network-holborn",A,,,,,""
741,"PPN (Progressive Property Network) - Humberside","heidimobbs@progressivepropertynetwork.co.uk","","ppn-progressive-property-network-humberside",A,,,,,""
742,"PPN (Progressive Property Network) - Ipswich","halsteadottley@progressivepropertynetwork.co.uk","","ppn-progressive-property-network-ipswich",A,,,,,""
743,"PPN (Progressive Property Network) - Leamington Spa","leamingtonspa@progressivepropertynetwork.co.uk","","ppn-progressive-property-network-leamington-spa",A,,,,,""
744,"PPN (Progressive Property Network) - Leeds","mojogee@progressivepropertynetwork.co.uk","","ppn-progressive-property-network-leeds",A,,,,,""
745,"PPN (Progressive Property Network) - Liverpool","liverpool@progresspropertynetwork.co.uk","","ppn-progressive-property-network-liverpool",A,,,,,""
746,"PPN (Progressive Property Network) - Milton Keynes","miltonkeynes@progressivepropertynetwork.co.uk","","ppn-progressive-property-network-milton-keynes",A,,,,,""
747,"PPN (Progressive Property Network) - Oxford","oxford@progressivepropertynetwork.co.uk","","ppn-progressive-property-network-oxford",A,,,,,""
748,"PPN (Progressive Property Network) - Peterborough","peterborough@progressivepropertynetwork.co.uk","","ppn-progressive-property-network-peterborough",A,,,,,""
749,"PPN (Progressive Property Network) - Preston & Fylde","preston@progressivepropertynetwork.co.uk","","ppn-progressive-property-network-preston-fylde",A,,,,,""
750,"PPN (Progressive Property Network) - Sheffield","kevinmcdonnell@progressivepropertynetwork.co.uk","","ppn-progressive-property-network-sheffield",A,,,,,""
751,"PPN (Progressive Property Network) - South Manchester","mikechadwick@progressivepropertynetwork.co.uk","","ppn-progressive-property-network-south-manchester",A,,,,,"already_claimed"
752,"PPN (Progressive Property Network) - Stratford London","stratford@progressivepropertynetwork.co.uk","","ppn-progressive-property-network-stratford-london",A,,,,,""
753,"PPN (Progressive Property Network) - Worcester","worcester@progressivepropertynetwork.co.uk","","ppn-progressive-property-network-worcester",A,,,,,""
754,"Pratt Digital","hello@prattdigital.com","","pratt-digital",A,,,,,""
755,"Precision Presentation","bill@businesswingman.co.uk","","precision-presentation",A,,,,,""
756,"Premier GT Ltd","sales@premiergt.com","","premier-gt-ltd",A,,,,,""
757,"Private Client Network","info@bristolprivateclients.com","","private-client-network",A,,,,,""
758,"Pro V Networking","info@provnetworking.co.uk","","pro-v-networking",A,,,,,""
759,"Procon Nottinghamshire","info@procon-nottinghamshire.co.uk","","procon-nottinghamshire",A,,,,,""
760,"Professionals UK","enquiries@professionalsuk.co.uk","","professionals-uk-2",A,,,,,""
761,"Progressive Business Network","customercare@progressiveproperty.co.uk","","progressive-business-network",A,,,,,""
762,"Promise for Business","mail@richardpavey.co.uk","","promise-for-business",A,,,,,""
763,"Proper Networking","andyguile@askandyguile.co.uk","","proper-networking",A,,,,,""
764,"Property & Poppadoms","hello@propertyandpoppadoms.co.uk","","",A,,,,,"already_claimed"
766,"Property Foundations Group","contact@propertyfoundationsgroup.co.uk","","property-foundations-group",A,,,,,""
767,"Prosper (Hybrid)","barry@wordsmart.biz","","prosper-hybrid",A,,,,,""
768,"ProspHER","admin@prospher.co.uk","","prospher",A,,,,,""
769,"PWH Accountancy Ltd","enquiries@pwhaccountancy.com","","pwh-accountancy-ltd",A,,,,,""
770,"Quadratech Diagnostics","info@quadratech.co.uk","","quadratech-diagnostics",A,,,,,""
771,"Quantum You","toni@quantumvantage.co.uk","","quantum-you",A,,,,,""
772,"Radvan Joinery","sam@radvanjoinery.co.uk","","radvan-joinery",A,,,,,""
773,"Rangers Business Club","commercial@rangers.co.uk","","rangers-business-club",A,,,,,""
774,"Rawlinson Pryde & Partners","mail@rppaccounts.co.uk","","rawlinson-pryde-partners",A,,,,,""
775,"Reading Business Club","chair@readingbusinessclub.com","","reading-business-club",A,,,,,""
776,"Real5 Networking","andrew@real5networking.com","","real5-networking",A,,,,,""
777,"Real5 Networking - Bristol","bristol@real5networking.com","","real5-networking-bristol",A,,,,,""
778,"Real5 Networking - Dumfries","dumfries@real5networking.com","","real5-networking-dumfries",A,,,,,""
779,"Real5 Networking - Knowsley","jenny@real5networking.com","","real5-networking-knowsley",A,,,,,""
780,"Real5 Networking - Knutsford & Altrincham","david@real5networking.com","","real5-networking-knutsford-altrincham",A,,,,,""
781,"Real5 Networking - Liverpool","andy.martin@real5networking.com","","real5-networking-liverpool",A,,,,,""
782,"Real5 Networking - Liverpool South","liverpoolsouth@real5networking.com","","real5-networking-liverpool-south",A,,,,,""
783,"Real5 Networking - Mersey Gateway","matt@real5networking.com","","real5-networking-mersey-gateway",A,,,,,""
784,"Real5 Networking - St Helens","jim@real5networking.com","","real5-networking-st-helens",A,,,,,""
785,"Real5 Networking - Warrington East","mark@real5networking.com","","real5-networking-warrington-east",A,,,,,""
786,"Real5 Networking - Wigan","wigan@real5networking.com","","real5-networking-wigan",A,,,,,""
787,"Real5 Networking - Wilmslow & Alderley Edge","wilmslow@real5networking.com","","real5-networking-wilmslow-alderley-edge",A,,,,,""
788,"Real5 Networking - Windsor & Maidenhead","helen.williams@real5networking.com","","real5-networking-windsor-maidenhead",A,,,,,""
789,"Real5 Networking - Wirral","melissa@real5networking.com","","real5-networking-wirral",A,,,,,""
790,"Rebel Meetups (Oxford)","jo.barber@seeing-social.co.uk","","rebel-meetups-oxford",A,,,,,""
791,"Redditch United Business Club","info@redditchunited.co.uk","","redditch-united-business-club",A,,,,,""
792,"Revitalise Networking Club","lee@revitalise-connect.com","","revitalise-networking-club",A,,,,,""
793,"Ribbons","info@ribbons-network.com","","ribbons",A,,,,,""
794,"Ride Executive Bristol","info@rideexecutivebristol.com","","ride-executive-bristol",A,,,,,""
795,"Rido Business Centres","info@ridobusinesscentres.co.uk","","rido-business-centres",A,,,,,""
796,"RLV Mortgages","info@rlvmortgages.co.uk","","rlv-mortgages",A,,,,,""
797,"ROBIN (Responsible Oxfordshire Business Involvement Network)","info@robinoxford.org.uk","","robin-responsible-oxfordshire-business-involvement-network",A,,,,,""
798,"Robson Laidler Accountants","ba@robson-laidler.co.uk","","robson-laidler-accountants",A,,,,,""
799,"Rothera Bray Solicitors","enquiries@rotherabray.co.uk","","rothera-bray-solicitors",A,,,,,""
800,"RSViP Network","info@rsvipnetwork.co.uk","","rsvip-network",A,,,,,""
801,"SAM Networking Ltd","sam@sam-networking.co.uk","","sam-networking-ltd",A,,,,,""
802,"Sarah Heffer Accountancy Ltd","mail@sarahhefferaccountancy.co.uk","","sarah-heffer-accountancy-ltd",A,,,,,""
803,"Saville & Co Scrivener Notaries","mail@savillenotaries.com","","saville-co-scrivener-notaries",A,,,,,""
804,"SBEN (Staffordshire Business & Environment Network)","sben@staffordshire.gov.uk","","sben-staffordshire-business-environment-network",A,,,,,""
805,"Scottish Business Network","russellt@sbn.scot","","scottish-business-network",A,,,,,""
806,"Scottish FA Business Club","michael.chisholm@scottishfa.co.uk","","scottish-fa-business-club",A,,,,,""
807,"Scottish National Network","hello@scottishnationalnetwork.com","","scottish-national-network",A,,,,,""
808,"Scottish PA Network","rosemary@scottishpanetwork.com","","scottish-pa-network",A,,,,,""
809,"ScreenPop","katherine@screenpop.club","","screenpop",A,,,,,""
810,"Search Norwich","hello@searchnorwich.org","","search-norwich",A,,,,,""
811,"Second Home","hola.spitalfields@secondhome.io","","second-home",A,,,,,""
812,"SEMLA","info@semla.org.uk","","semla",A,,,,,""
813,"SEO Expert Paul Hoda","office@paulhoda.uk","","seo-expert-paul-hoda",A,,,,,""
814,"Seths Estate Agents","sales@seths.co.uk","","seths-estate-agents",A,,,,,""
815,"Severn Business Network","info@severnbusinessnetwork.co.uk","","severn-business-network",A,,,,,""
816,"Sharon Stone Notary Public","sharonstonenotary@outlook.com","","sharon-stone-notary-public",A,,,,,""
817,"She Business","info@shebusiness.co.uk","","she-business",A,,,,,""
818,"She's The Business","sarah@asandwhenadmin.co.uk","","she-s-the-business",A,,,,,""
819,"Sheffield Business Together","info@sheffieldbusinesstogether.org.uk","","sheffield-business-together",A,,,,,""
820,"Sheffield Social Enterprise Network","hello@ssen.org.uk","","sheffield-social-enterprise-network",A,,,,,""
821,"Shine Space","enquiries@shinespace.co.uk","","shine-space",A,,,,,""
822,"Shout Network","ian@shoutnetwork.co.uk","","shout-network",A,,,,,""
823,"Shropshire Charity Network","hello@vhmcharityconsultancy.com","","shropshire-charity-network",A,,,,,""
824,"Shutters By The Sea","shuttersbythesea@outlook.com","","shutters-by-the-sea",A,,,,,""
825,"Silicon Yorkshire","geoff@the-yorkshiremafia.co.uk","","silicon-yorkshire",A,,,,,""
826,"Simons Rodkin Solicitors LLP","enquiries@sr-law.co.uk","","simons-rodkin-solicitors-llp",A,,,,,""
827,"Simply Business Club","info@simplybusinessmagazine.co.uk","","simply-business-club",A,,,,,""
828,"Sing 4 Business","info@sing4business.co.uk","","sing-4-business",A,,,,,""
829,"Sirius","info@sirius-hull.co.uk","","sirius",A,,,,,""
830,"SisterSnog","hela@sistersnog.com","","sistersnog",A,,,,,""
831,"SK LifeCoach UK","steven@sklifecoachuk.co.uk","","sk-lifecoach-uk",A,,,,,""
832,"Small Business Britain","hello@smallbusinessbritain.uk","","small-business-britain",A,,,,,""
833,"Small99","adam@small99.co.uk","","small99",A,,,,,""
834,"Smart Play Network","admin@smartplaynetwork.org","","smart-play-network",A,,,,,""
835,"SME Alliance","andy.k.smealliance@gmail.com","","sme-alliance",A,,,,,""
836,"SME Success","chris@smesuccess.co.uk","","business-growth-club",A,,,,,"already_claimed"
837,"Smith Butler Accountants & Business Advisors","email@smithbutler.co.uk","","smith-butler-accountants-business-advisors",A,,,,,""
838,"Social Chaos","jason@socialchaos.uk","","social-chaos",A,,,,,""
839,"Social Progress","info@socialprogress.co.uk","","social-progress",A,,,,,""
840,"Society of Petroleum Engineers","aberdeen.events@spe-uk.org","","",A,,,,,"already_claimed"
841,"Society of Professional Economists","admin@spe.org.uk","","society-of-professional-economists",A,,,,,""
842,"Sole and Body Work","soleandbodywork1@gmail.com","","sole-and-body-work",A,,,,,""
843,"Solidaire Solicitors","info@solidaire.co.uk","","solidaire-solicitors",A,,,,,""
844,"Solsure","info@solsure.co.uk","","solsure",A,,,,,""
845,"Somerville Street Coworking Studio","hello@somervillestreetstudio.co.uk","","somerville-street-coworking-studio",A,,,,,""
846,"South Coast Golf Networking","david@southcoastgolf.co.uk","","south-coast-golf-networking",A,,,,,""
847,"South Somerset Meetups","clare@clarefarthing.co.uk","","south-somerset-meetups",A,,,,,""
848,"South Yorkshire Chamber","events@scci.org.uk","","south-yorkshire-chamber",A,,,,,""
849,"Southampton International Boat Show Exhibiting","exhibiting@southamptonboatshow.com","","southampton-international-boat-show-exhibiting",A,,,,,""
850,"Southdowns Psychotherapy","alana@sdpsy.co.uk","","southdowns-psychotherapy",A,,,,,""
851,"Southend Peers","info@southendpeers.co.uk","","southend-peers",A,,,,,""
852,"Speed Networking Group","hello@speednetworkinggroup.com","","speed-networking-group",A,,,,,""
853,"Spire Barristers","events@spirebarristers.co.uk","","spire-barristers",A,,,,,""
854,"St Andrews Business Club","secretary@standrewsbusinessclub.co.uk","","st-andrews-business-club",A,,,,,""
855,"Start Communications","info@startcomms.co.uk","","start-communications",A,,,,,""
856,"Startup Networks","hello@thestartupnetworks.co.uk","","startup-networks",A,,,,,""
857,"Sterling Networks","info@sterlingnetworks.co.uk","","sterling-networks",A,,,,,""
858,"Stockport Business Club","amjad@comms-byte.com","","stockport-business-club",A,,,,,""
859,"Strategic Alliance Network (Stockport)","caitlin@youronlinemechanic.co.uk","","strategic-alliance-network-stockport",A,,,,,""
860,"Stravara Consulting","glenis@stravara.co.uk","","stravara-consulting",A,,,,,""
861,"SturdyBuild","info@sturdybuild.co.uk","","sturdybuild",A,,,,,""
862,"Success Networking","andrew@successnetworking.co.uk","","success-networking",A,,,,,""
863,"Sue Ford Networking","mansfield@sueford-networking.co.uk","","sue-ford-networking",A,,,,,""
864,"Sunrise Solicitors Ltd","enquiries@sunrisesolicitors.co.uk","","sunrise-solicitors-ltd",A,,,,,""
865,"Supercuts UK","ukguestcare@rgsalons.com","","supercuts-uk",A,,,,,""
866,"Superwoman","carolinehazell@thompsondarwin.com","","superwoman",A,,,,,""
867,"Surveyor Sorted","info@surveyorsorted.co.uk","","surveyor-sorted",A,,,,,""
868,"Sussex Cricket The Boundary Club","info@sussexcricket.co.uk","","sussex-cricket-the-boundary-club",A,,,,,""
869,"Sussex Mortgages","info@sussex.mortgage","","sussex-mortgages",A,,,,,""
870,"SWAN","requisition@swan.io","","swan",A,,,,,""
871,"Swindon Buzz","swindon@business-buzz.org","","swindon-buzz",A,,,,,""
872,"SWLBC (South Wales Ladies Business Club)","lucy.lloyd@kilsbywilliams.com","","swlbc-south-wales-ladies-business-club",A,,,,,""
873,"SYOB (Start Your Own Business","andy@syob.net","","syob-start-your-own-business",A,,,,,""
874,"Talk Business UK","hello@talkbusiness.co.uk","","talk-business-uk",A,,,,,""
875,"Talk Networking","info@talknetworking.co.uk","","talk-networking",A,,,,,""
876,"Tamsin Taylor Counselling","tamsintaylorcounsellor@gmail.com","","tamsin-taylor-counselling",A,,,,,""
877,"Tastebuds Collective","info@tastebudscollective.co.uk","","tastebuds-collective",A,,,,,""
878,"Tax Enquiry Advice","vicky@taxenquiryadvice.com","","tax-enquiry-advice",A,,,,,""
879,"TC (Trusted Contacts)","simon@knibbs.co.uk","","tc-trusted-contacts",A,,,,,""
880,"Team Kent Business Club","andy.griffiths@kentcricket.co.uk","","team-kent-business-club",A,,,,,""
881,"Tech East","info@techeast.com","","tech-east",A,,,,,""
882,"Tedco","hello@tedco.org","","tedco",A,,,,,""
883,"Thandi Nicholls Ltd","enquiries@uklandlordtax.co.uk","","thandi-nicholls-ltd",A,,,,,""
884,"The After Work Club","info@theafterworkclub.co.uk","","the-after-work-club",A,,,,,""
885,"The Association","michael@melvincreative.co.uk","","the-association",A,,,,,""
886,"The Athena Network","joanne.sumner@theathenanetwork.com","","the-athena-network-3",A,,,,,""
887,"The Athena Network","anna.atkinscarter@theathenanetwork.com","","the-athena-network-5",A,,,,,""
888,"The Athena Network","lindsay.mcloughlin@theathenanetwork.com","","the-athena-network-4",A,,,,,""
889,"The Athena Network","pa.joannesumner@theathenanetwork.com","","the-athena-network-2",A,,,,,""
890,"The Athena Network","jacqueline.rogers@theathenanetwork.com","","the-athena-network",A,,,,,""
891,"The Athena Network - Athena Welwyn-Hatfield","kate.cherry@theathenanetwork.com","","the-athena-network-athena-welwyn-hatfield",A,,,,,""
892,"The Athena Network - Warwickshire","holly.nixon@theathenanetwork.com","","the-athena-network-warwickshire",A,,,,,""
893,"The Athena Network Reading &amp; Henley Region","debbie.atkins@theathenanetwork.com","","the-athena-network-reading-amp-henley-region",A,,,,,""
894,"The Athena Network Richmond","helen.bantock@theathenanetwork.com","","the-athena-network-richmond",A,,,,,""
895,"The Aylesbury Group (TAG)","pjb@boltonservices.co.uk","","the-aylesbury-group-tag",A,,,,,""
896,"The Black Economists Network","felicia@tben.co.uk","","the-black-economists-network",A,,,,,""
897,"The Black Professionals","admin@theblackprofessionals.co.uk","","the-black-professionals",A,,,,,""
898,"The Blues Business Club","commercial@southend-united.co.uk","","the-blues-business-club",A,,,,,""
899,"The British Council","general.enquiries@britishcouncil.org","","the-british-council",A,,,,,""
900,"The Business Colab","info@hcfoundation.org.uk","","the-business-colab",A,,,,,""
901,"The Business Community","paul@buscomm.co.uk","","the-business-community",A,,,,,""
902,"The Business Culture HEY","tony@thebchey.net","","the-business-culture-hey",A,,,,,""
903,"The Business Growth Network","support@thebusinessgrowthnetwork.com","","",A,,,,,"already_claimed"
904,"The Business Nest","thebusinessnestuk@gmail.com","","the-business-nest",A,,,,,""
905,"The Business Network","helen@business-network.co.uk","","the-business-network",A,,,,,""
906,"The Business Network - Armagh","info@armaghbusinessnetwork.co.uk","","the-business-network-armagh",A,,,,,""
907,"The Business Network - Birmingham","simon@business-network.co.uk","","the-business-network-birmingham",A,,,,,"already_claimed"
908,"The Business Network - Chester","simon.edmondson@business-network.co.uk","","the-business-network-chester",A,,,,,""
909,"The Business Network - Liverpool","alan@business-network.co.uk","","the-business-network-liverpool",A,,,,,""
910,"The Business Network - South Humberside","amy@business-network.co.uk","","the-business-network-south-humberside",A,,,,,"already_claimed"
911,"The Business Network Birmingham","glenn@business-network.co.uk","","the-business-network-birmingham-2",A,,,,,""
912,"The Business Network Central & East Lancashire","karen@bncel.co.uk","","the-business-network-central-east-lancashire",A,,,,,""
914,"The Business Wellbeing Club","rosjones@businesswellbeing.club","","the-business-wellbeing-club",A,,,,,""
915,"The Business Woman's Network","mandie@thebusinesswomansnetwork.co.uk","","the-business-woman-s-network",A,,,,,""
916,"The Careers Edit","contact@thecareersedit.com","","the-careers-edit",A,,,,,""
917,"The Cheshire Club","chessocialites@gmail.com","","the-cheshire-club",A,,,,,""
918,"The Conduit","membership@theconduit.com","","the-conduit",A,,,,,""
919,"The Confederation of British Industry","enquiries@cbi.org.uk","","the-confederation-of-british-industry",A,,,,,""
920,"The Confederation of British Industry  - East of England","east.england@cbi.org.uk","","the-confederation-of-british-industry-east-of-england",A,,,,,""
921,"The Confederation of British Industry  - London","london@cbi.org.uk","","the-confederation-of-british-industry-london",A,,,,,""
922,"The Confederation of British Industry  - Midlands - Birmingham","midlands@cbi.org.uk","","the-confederation-of-british-industry-midlands-birmingham",A,,,,,""
923,"The Confederation of British Industry  - North West","north.west@cbi.org.uk","","the-confederation-of-british-industry-north-west",A,,,,,""
924,"The Confederation of British Industry  - Scotland","scotland@cbi.org.uk","","the-confederation-of-british-industry-scotland",A,,,,,""
925,"The Confederation of British Industry  - South West","south.west@cbi.org.uk","","the-confederation-of-british-industry-south-west",A,,,,,""
926,"The Confederation of British Industry  - Wales","wales@cbi.org.uk","","the-confederation-of-british-industry-wales",A,,,,,""
927,"The Confederation of British Industry  - Yorkshire & Humber","yorkshire.humber@cbi.org.uk","","the-confederation-of-british-industry-yorkshire-humber",A,,,,,""
928,"The Confederation of British Industry  -Northern Ireland","northern.ireland@cbi.org.uk","","the-confederation-of-british-industry-northern-ireland",A,,,,,""
929,"The Cream Tea Club","events@madewithmaturity.com","","the-cream-tea-club",A,,,,,""
930,"The Creative Collective","info@thecreativecollectivenetworking.co.uk","","the-creative-collective",A,,,,,""
931,"The Curious Owl","info@thecuriousowl.co.uk","","the-curious-owl",A,,,,,""
932,"The Curry Club","hello@thecurryclubs.co.uk","","the-curry-club",A,,,,,""
933,"The Divorce Company","info@thedivorcecompany.co.uk","","the-divorce-company",A,,,,,""
934,"The Doyle Club","chairman@doyleclub.org","","the-doyle-club",A,,,,,""
935,"The Empowering Entrepreneur","michelle@imsinternet.co.uk","","the-empowering-entrepreneur",A,,,,,""
936,"The Farmer Network - Cumbria","info@thefarmernetwork.co.uk","","the-farmer-network-cumbria",A,,,,,""
937,"The Farmer Network - Northumberland","northumberland@thefarmernetwork.co.uk","","the-farmer-network-northumberland",A,,,,,""
938,"The Forum of Private Businesses","info@fpb.org","","the-forum-of-private-businesses",A,,,,,""
939,"The Founders Network","albert@thefoundersnetwork.co.uk","","the-founders-network",A,,,,,""
940,"The Giraffe Network","info@thegiraffenetwork.co.uk","","the-giraffe-network",A,,,,,""
941,"The Golf Connection","info@thegolfconnection.co.uk","","the-golf-connection",A,,,,,""
942,"The Growth Community","nicky@thegrowthcommunity.co.uk","","the-growth-community",A,,,,,""
943,"The Growth Hub","talktous@thegrowthhub.biz","","the-growth-hub",A,,,,,""
944,"The HR Network","info@thehrnetworkem.co.uk","","the-hr-network",A,,,,,""
945,"The In-Field Business Club Somerset County CC","events@somersetcountycc.co.uk","","the-in-field-business-club-somerset-county-cc",A,,,,,""
946,"The Institute of Directors","membership@iod.com","","the-institute-of-directors",A,,,,,""
947,"The Institute of Directors - Aberdeen & Grampian","iod.scotland@iod.com","","the-institute-of-directors-aberdeen-grampian",A,,,,,""
948,"The Institute of Directors - Berkshire","iod.south@iod.com","","the-institute-of-directors-berkshire",A,,,,,""
949,"The Institute of Directors - Black Country & Staffordshire","iod.westmidlands@iod.com","","the-institute-of-directors-black-country-staffordshire",A,,,,,""
950,"The Institute of Directors - Cambridgeshire","east@iod.com","","the-institute-of-directors-cambridgeshire",A,,,,,""
951,"The Institute of Directors - Cheshire","iod.northwest@iod.com","","the-institute-of-directors-cheshire",A,,,,,""
952,"The Institute of Directors - Derbyshire & Nottinghamshire","iod.eastmidlands@iod.com","","the-institute-of-directors-derbyshire-nottinghamshire",A,,,,,""
953,"The Institute of Directors - East Yorkshire","iod.yorkshire@iod.com","","the-institute-of-directors-east-yorkshire",A,,,,,""
954,"The Institute of Directors - Hampshire & Isle of Wight","memberrelations@iod.com","","the-institute-of-directors-hampshire-isle-of-wight",A,,,,,""
955,"The Institute of Directors - London","london@iod.com","","the-institute-of-directors-london",A,,,,,""
956,"The Institute of Directors - Mid Wales","joanna.price@iod.com","","the-institute-of-directors-mid-wales",A,,,,,""
957,"The Institute of Directors - South West","iod.southwest@iod.com","","the-institute-of-directors-south-west",A,,,,,""
958,"The Institute of Directors -Northern Ireland","chelsea.brennan@iod.com","","the-institute-of-directors-northern-ireland",A,,,,,""
959,"The Institute of Directors British Asian Business Group","britishasianbusiness@iod.com","","the-institute-of-directors-british-asian-business-group",A,,,,,""
960,"The Luxury Network","info@theluxurynetwork.co.uk","","the-luxury-network",A,,,,,""
961,"The Marketing Meetup","joe@themarketingmeetup.com","","the-marketing-meetup",A,,,,,""
962,"The Mussel Club","tom@themusselclub.co.uk","","the-mussel-club",A,,,,,""
963,"The Network Group","info@thenetwork-group.com","","the-network-group",A,,,,,""
964,"The North Wales Business Network","nina@nwbn.uk","","",A,,,,,"already_claimed"
965,"The Northern Affinity","info@thenorthernaffinity.co.uk","","the-northern-affinity",A,,,,,""
966,"The Omni Business Development Network","sales@omnilocalbusinessnetworking.com","","the-omni-business-development-network",A,,,,,""
967,"The Owners' Network (TON)","info@theownersnetwork.co.uk","","the-owners-network-ton",A,,,,,""
968,"The Party Pigs","matt@thepartypigs.co.uk","","the-party-pigs",A,,,,,""
969,"The Perfect Health Hub","elaine@discplus.health","","the-perfect-health-hub",A,,,,,""
970,"The Plan Business Networking","info@the-plan-network.co.uk","","the-plan-business-networking",A,,,,,""
971,"The Recruitment Network","support@therecruitmentnetwork.com","","",A,,,,,"already_claimed"
972,"The Responsible Business Network Northern Ireland","info@bitcni.org.uk","","the-responsible-business-network-northern-ireland",A,,,,,""
973,"The Samphire Club","admin@thesamphireclub.com","","the-samphire-club",A,,,,,""
974,"The Share Network Group","alan@liquidindulgence.co.uk","","the-share-network-group",A,,,,,""
975,"The Sun Network","jfgwells57@gmail.com","","the-sun-network",A,,,,,""
976,"The Team Network","team@theteamnetwork.co.uk","","the-team-network",A,,,,,""
977,"The Tribe Network","info@thetribenetwork.co.uk","","the-tribe-network",A,,,,,""
978,"The Trust Network","info@thetrustnetwork.org.uk","","the-trust-network",A,,,,,""
979,"The Wealthy Woman Company","hello@thewealthywomancompany.co.uk","","the-wealthy-woman-company",A,,,,,""
980,"The Wee Carpet Shoppe","weecarpetshoppe@aol.com","","the-wee-carpet-shoppe",A,,,,,""
981,"The Woodpecker Project","info@thewoodpeckerproject.co.uk","","the-woodpecker-project",A,,,,,""
982,"The Worshipful Company of Constructors (WCC)","constructorsclerk@constructorscompany.co.uk","","the-worshipful-company-of-constructors-wcc",A,,,,,""
983,"The Yorkshire Mafia","geoff@theyorkshiremafia.com","","the-yorkshire-mafia",A,,,,,""
984,"The Yorkshire Mafia","events@theyorkshiremafia.com","","the-yorkshire-mafia-2",A,,,,,""
985,"The Yorkshire Society","p.heathcote@theyorkshiresociety.og","","the-yorkshire-society-2",A,,,,,""
986,"Thirsty Thursday","sue@catchdesigns.co.uk","","thirsty-thursday",A,,,,,""
987,"Thirsty Thursdays","info@thirstythursdaystokesley.co.uk","","thirsty-thursdays",A,,,,,""
988,"Three Bridges Football Club 200","clubhouse@threebridgesfc.co.uk","","three-bridges-football-club-200",A,,,,,""
989,"Tim’s Training","hello@timstraining.co.uk","","tim-s-training",A,,,,,""
990,"Toast Networking","toastnetworking@gmail.com","","toast-networking",A,,,,,""
991,"TOP Networking","hello@topnetworking.co.uk","","top-networking",A,,,,,""
992,"Torque Law","info@torquelaw.co.uk","","torque-law",A,,,,,""
993,"Total Business Network","liz@totalbusinessnetwork.com","","total-business-network",A,,,,,""
994,"Treehouse Tribe Networking","treehousetribenetworking@gmail.com","","treehouse-tribe-networking",A,,,,,""
995,"Trusted Business Community","sean@trustedbusinesscommunity.com","","trusted-business-community",A,,,,,""
996,"Turf Supplies Essex","contact@turfsuppliesessex.co.uk","","turf-supplies-essex",A,,,,,""
997,"Turner Scott Lettings","lettings@turnerscott.co.uk","","turner-scott-lettings",A,,,,,""
998,"UK Black Comms Network","hello@blackcommsnetwork.co.uk","","uk-black-comms-network",A,,,,,""
999,"UK Curry Connect","info@ukcurryconnect.co.uk","","uk-curry-connect",A,,,,,""
1000,"UKNetworker","contact@uknetworker.co.uk","","uknetworker",A,,,,,""
1001,"UKREiiF (The UK's Real Estate Investment & Infrastructure Forum)","keith.griffiths@built-environment-networking.com","","ukreiif-the-uk-s-real-estate-investment-infrastructure-forum",A,,,,,""
1002,"Unique Ladies Networking","suzy@uniqueladies.co.uk","","unique-ladies-networking",A,,,,,""
1003,"Unique Ladies Networking - Hyndburn","dawn@uniqueladies.co.uk","","unique-ladies-networking-hyndburn",A,,,,,""
1004,"Universal Safety Practitioners","info@universal-safety.co.uk","","universal-safety-practitioners",A,,,,,""
1005,"UNO - BNI Dunstable","s.noble@electrofitsolutions.org","","uno-bni-dunstable",A,,,,,""
1006,"V N Platform Consultancy","tania@beheardbebravebefree.com","","v-n-platform-consultancy",A,,,,,""
1007,"Vectis Business Link","alextana1950@gmail.com","","vectis-business-link",A,,,,,""
1008,"Venters Property","hello@ventersproperty.com","","venters-property",A,,,,,""
1009,"VHS Fletchers Solicitors","enquiries@vhsfletchers.co.uk","","vhs-fletchers-solicitors",A,,,,,""
1010,"Virtual Power Networking","marc@emjayconsultancy.com","","virtual-power-networking",A,,,,,""
1011,"Visit North Yorkshire","biz@visitnorthyorkshire.com","","visit-north-yorkshire",A,,,,,""
1012,"VisitBritain Business Events","business-events@visitbritain.org","","visitbritain-business-events",A,,,,,""
1013,"VNXD","ian@virtualnonexecs.com","","vnxd",A,,,,,""
1014,"Waleshrnetwork.cymru","info@waleshrnetwork.cymru","","waleshrnetwork-cymru",A,,,,,""
1015,"WAMS Tax Ltd","bill.stevenson@wamstaxltd.com","","wams-tax-ltd",A,,,,,""
1016,"Ware & Kaye","rosie.guenzel@warekay.co.uk","","rosie-guenzel",A,,,,,""
1017,"Warwick Finance Societies","warwickfinancesoc@gmail.com","","warwick-finance-societies",A,,,,,""
1018,"Wave Staffing","contact@wavestaffing.co.uk","","wave-staffing",A,,,,,""
1019,"Wayman & Long Solicitors","enquiries@waymanandlong.co.uk","","wayman-long-solicitors",A,,,,,""
1020,"We Are Catalyst","enquiries@wearecatalyst.org","","we-are-catalyst",A,,,,,""
1021,"We are In Business","tracey@weareinbusiness.co.uk","","we-are-in-business",A,,,,,""
1022,"We Are Wakefield","claire@wearewakefield.org.uk","","we-are-wakefield",A,,,,,""
1023,"WEBX (Weymouth Business Exchange)","admin@webx.org.com","","webx-weymouth-business-exchange",A,,,,,""
1024,"Wednesday Club","meetings@wednesdayclub.org.uk","","wednesday-club",A,,,,,""
1025,"WeDo Scotland","hello@wedoscotland.com","","wedo-scotland",A,,,,,""
1026,"Wee Bit Social","marti@weebitsocial.com","","wee-bit-social",A,,,,,""
1027,"Wensleydale Business Network","lwbusinessnetwork@gmail.com","","wensleydale-business-network",A,,,,,""
1028,"West & North Yorkshire Chamber of Commerce","beverley.holmes@wnychamber.co.uk","","west-north-yorkshire-chamber-of-commerce",A,,,,,""
1029,"Westminster Business Council","team@westminsterbc.org.uk","","westminster-business-council",A,,,,,""
1030,"Westwing Solicitors","info@westwingsolicitors.co.uk","","westwing-solicitors",A,,,,,""
1031,"Weybridge Independent Network","info@weybridgenetwork.co.uk","","weybridge-independent-network",A,,,,,""
1032,"Wharf Notaries","hello@wharfnotaries.com","","wharf-notaries",A,,,,,""
1033,"What's My Business","hello@mybusinessnetworking.co.uk","","what-s-my-business",A,,,,,"already_claimed"
1034,"Whitstable Business Club","admin@whitstablebusinessclub.co.uk","","whitstable-business-club",A,,,,,""
1035,"Whole In One","hello@the19thclub.co.uk","","whole-in-one",A,,,,,""
1036,"WIBF (Women in Banking & Finance)","operations@wibf.org.uk","","wibf-women-in-banking-finance",A,,,,,""
1037,"WiBSE (Women in Building Services Engineering)","wibse@cibse.org","","wibse-women-in-building-services-engineering",A,,,,,""
1038,"Willett & Co Solicitors","law@willettsolicitors.com","","willett-co-solicitors",A,,,,,""
1039,"Willmore Phillips","neilmacca@icloud.com","","willmore-phillips",A,,,,,""
1040,"Wish Architects Ltd","studio@wisharchitects.co.uk","","wish-architects-ltd",A,,,,,""
1041,"Woking Asian Business Forum","info@wabf.org.uk","","woking-asian-business-forum",A,,,,,""
1042,"Woman Who","admin@womanwho.co.uk","","woman-who",A,,,,,""
1043,"Women Ahead Dundee and Angus","info@womenahead.co.uk","","women-ahead-dundee-and-angus",A,,,,,"already_claimed"
1044,"Women Connect","hello@women-connect.co.uk","","women-connect",A,,,,,""
1045,"Women in Business Hull","info@womeninbusinesshull.co.uk","","women-in-business-hull",A,,,,,"already_claimed"
1046,"Women In Business Network","ruth@wibn.co.uk","","women-in-business-network",A,,,,,""
1047,"Women In Business Network - Altrincham","susie.sprigg@wibn.co.uk","","women-in-business-network-altrincham",A,,,,,"already_claimed"
1048,"Women In Business Network - Ampthill & Flitwick Group","louise.yexley@wibn.co.uk","Women In Business Network - Bedford · Women In Business Network - Bishop's Stortford · Women In Business Network - Bishop's Stortford Brunch · Women In Business Network - Hertford & Ware · Women In Business Network - St Albans & Hatfield Group","women-in-business-network-ampthill-flitwick-group",A,,,,,"already_claimed; multi_group_email"
1049,"Women In Business Network - Billericay & Basildon","rachel.gilbert@wibn.co.uk","","women-in-business-network-billericay-basildon",A,,,,,"already_claimed"
1050,"Women In Business Network - Bolton","ru.howard@wibn.co.uk","","women-in-business-network-bolton",A,,,,,""
1051,"Women In Business Network - Bury St Edmunds","karan.wilson@wibn.co.uk","","women-in-business-network-bury-st-edmunds",A,,,,,""
1052,"Women In Business Network - Caerphilly","rhianne.mordecai@wibn.co.uk","","women-in-business-network-caerphilly",A,,,,,"already_claimed"
1053,"Women In Business Network - Cambridge North","amy.wilkes@wibn.co.uk","","women-in-business-network-cambridge-north",A,,,,,""
1054,"Women In Business Network - Canterbury","katherine.vass@wibn.co.uk","","women-in-business-network-canterbury",A,,,,,""
1055,"Women In Business Network - Chester","rosie.diver@wibn.co.uk","","women-in-business-network-chester",A,,,,,""
1056,"Women In Business Network - Chiswick","samantha.lawton@wibn.co.uk","","women-in-business-network-chiswick",A,,,,,""
1057,"Women In Business Network - Hampstead","lisa@lkpersonaltraining.co.uk","","women-in-business-network-hampstead",A,,,,,""
1058,"Women In Business Network - Highgate & Finchley","danielle@theheathhomeopath.co.uk","","women-in-business-network-highgate-finchley",A,,,,,""
1059,"Women In Business Network - London City","ceylan.boyce@wibn.co.uk","","women-in-business-network-london-city",A,,,,,""
1060,"Women In Business Network - Marlow","vicki.messenger@wibn.co.uk","","women-in-business-network-marlow",A,,,,,"already_claimed"
1061,"Women In Business Network - Pendle","helen.clarke@wibn.co.uk","","women-in-business-network-pendle",A,,,,,""
1062,"Women in Healthcare UK","info@womeninhealthcare.co.uk","","women-in-healthcare-uk",A,,,,,""
1063,"Women in Property","publicrelations@womeninproperty.org.uk","","women-in-property",A,,,,,""
1064,"Women in Property - Central Scotland","j.love@gardiner.com","","women-in-property-central-scotland",A,,,,,""
1065,"Women in Property - Devon & Cornwall","antoniadalessio@gilbertstephens.co.uk","","women-in-property-devon-cornwall",A,,,,,""
1066,"Women in Property - Highlands & Islands","mary@highlandrural.com","","women-in-property-highlands-islands",A,,,,,"already_claimed"
1067,"Women in Property - Lancashire & Cumbria","jane.fillis@harrison-drury.com","","women-in-property-lancashire-cumbria",A,,,,,""
1068,"Women in Property - Midlands","hannah@pi-sq.co.uk","","women-in-property-midlands",A,,,,,"already_claimed"
1069,"Women in Property - North West","rachael@engage5.co.uk","","women-in-property-north-west",A,,,,,""
1070,"Women in Property - Northern Scotland","catherine.dryburgh@barratthomes.co.uk","","women-in-property-northern-scotland",A,,,,,""
1071,"Women in Property - Solent","jade.hawksworth@footanstey.com","","women-in-property-solent",A,,,,,""
1072,"Women in Property - South East","sukdosanjh1@gmail.com","","women-in-property-south-east",A,,,,,""
1073,"Women in Property - South Wales","rhiannon.peploe-williams@blakemorgan.co.uk","","women-in-property-south-wales",A,,,,,""
1074,"Women in Property - South West","rachelholmes@harrisevolution.com","","women-in-property-south-west",A,,,,,""
1075,"Women in Property - Thames Valley","nicky.brock@carterjonas.co.uk","","women-in-property-thames-valley",A,,,,,""
1076,"Women in Property - Yorkshire & North East","april.marsden@bowmanriley.com","","women-in-property-yorkshire-north-east",A,,,,,""
1077,"Women in the Law UK","womeninthelawuk@gmail.com","","women-in-the-law-uk",A,,,,,""
1078,"Women Mean Business (WMB)","ed@womenmeanbusiness.com","","women-mean-business-wmb",A,,,,,""
1079,"Women Talk Business","mailus@talkbusiness.com","","women-talk-business",A,,,,,""
1080,"Women Who Business Networking","hello@womenwhouk.co.uk","","women-who-business-networking",A,,,,,""
1081,"Women Who Do (WWD)","hello@womenwd.com","","women-who-do-wwd",A,,,,,""
1082,"Women's Business Club","angela@womensbusiness.club","","women-s-business-club",A,,,,,""
1083,"Womenpreneur Collective","zoe@zoejphoenix.com","","womenpreneur-collective",A,,,,,""
1084,"Womens Business Network Limited","sharon@womensbusinessnetwork.co.uk","","womens-business-network-limited",A,,,,,""
1085,"Working Breakfast","steve@cagedfish.co.uk","","working-breakfast",A,,,,,""
1086,"Worthing Theatres and Museum","boxoffice@wtm.uk","","worthing-theatres-and-museum",A,,,,,""
1087,"Wrexham Property Meet","susie@zestyproperties.co.uk","","wrexham-property-meet",A,,,,,""
1088,"WRU Business Club","info@wru.wales","","wru-business-club",A,,,,,""
1089,"Xpand Marketing","discover@xpandmarketing.co.uk","","xpand-marketing",A,,,,,""
1090,"YaaMas Networking","mummyonabreak@outlook.com","","yaamas-networking",A,,,,,""
1091,"yaba (Yorkshire Asia Business Association)","sharon@yaba.uk.com","","yaba-yorkshire-asia-business-association",A,,,,,""
1092,"YNY Growth Hub","support@ynygrowthhub.com","","yny-growth-hub",A,,,,,""
1093,"YORBusiness","info@yorbusinessevents.co.uk","","yorbusiness",A,,,,,""
1094,"Yorkshire Enterprise Network","smalik@yorkshirenetwork.co.uk","","yorkshire-enterprise-network",A,,,,,""
1095,"Yorkshire Enterprise Network (YEN)","info@yorkshirenetwork.co.uk","","yorkshire-enterprise-network-yen",A,,,,,""
1096,"Yorkshire in Business","info@yorkshireinbusiness.org.uk","","yorkshire-in-business",A,,,,,""
1097,"Yorkshire in Business Network - Scarborough","business.newsletter@northyorks.gov.uk","","yorkshire-in-business-network-scarborough",A,,,,,""
1098,"Yorkshire Indie","gem@yorkshireindie.co.uk","","yorkshire-indie",A,,,,,""
1099,"Yorkshire Ladies Links","mel@yorkshireladieslinks.co.uk","","yorkshire-ladies-links",A,,,,,""
1100,"Your Business Matters.co","hello@yourbusinessmatters.co","","your-business-matters-co",A,,,,,""
1101,"Your Business World","brett@ybworld.co.uk","","your-business-world",A,,,,,""
1102,"Your Network","yournetwork@mencap.org.uk","","your-network",A,,,,,""
1103,"Your Partnerships","info@yourpartnerships.co.uk","","your-partnerships",A,,,,,""
1104,"Zoco Networking Group","nick@zoconetworking.co.uk","","zoco-networking-group",A,,,,,"already_claimed"
1105,"Zokit","hello@zokit.co.uk","","zokit",A,,,,,""