Email,Organiser name,OTHER_GROUPS_NOTE,CLAIM_URL
chris@121businesslinks.co.uk,"121 Business Links","","https://www.thenetworkerhub.com/for-organisers?email=chris%40121businesslinks.co.uk&intent=organiser-claim&auth=register&next=%2Forganiser%2F%3Fonboard%3Dclaim"
info@cambridgeshirefa.com,"1884 Business Club (Cambridgeshire FA)","","https://www.thenetworkerhub.com/for-organisers?email=info%40cambridgeshirefa.com&intent=organiser-claim&auth=register&next=%2Forganiser%2F%3Fonboard%3Dclaim"
support@1networking.biz,"1N","","https://www.thenetworkerhub.com/for-organisers?email=support%401networking.biz&intent=organiser-claim&auth=register&next=%2Forganiser%2F%3Fonboard%3Dclaim"
sara@4nonline.biz,"4N Online","","https://www.thenetworkerhub.com/for-organisers?email=sara%404nonline.biz&intent=organiser-claim&auth=register&next=%2Forganiser%2F%3Fonboard%3Dclaim"
support@4nonline.biz,"4Networking","","https://www.thenetworkerhub.com/for-organisers?email=support%404nonline.biz&intent=organiser-claim&auth=register&next=%2Forganiser%2F%3Fonboard%3Dclaim"
chair@abcbusinessnetwork.org,"ABC Business Network","","https://www.thenetworkerhub.com/for-organisers?email=chair%40abcbusinessnetwork.org&intent=organiser-claim&auth=register&next=%2Forganiser%2F%3Fonboard%3Dclaim"
info@abcnetworking.biz,"ABC Networking","","https://www.thenetworkerhub.com/for-organisers?email=info%40abcnetworking.biz&intent=organiser-claim&auth=register&next=%2Forganiser%2F%3Fonboard%3Dclaim"
info@agcc.co.uk,"Aberdeen & Grampian Chamber of Commerce","","https://www.thenetworkerhub.com/for-organisers?email=info%40agcc.co.uk&intent=organiser-claim&auth=register&next=%2Forganiser%2F%3Fonboard%3Dclaim"
president@abw.org.uk,"ABW (Ayrshire Business Women)","","https://www.thenetworkerhub.com/for-organisers?email=president%40abw.org.uk&intent=organiser-claim&auth=register&next=%2Forganiser%2F%3Fonboard%3Dclaim"
andrewjoy@actioncoach.co.uk,"ActionCOACH UK","","https://www.thenetworkerhub.com/for-organisers?email=andrewjoy%40actioncoach.co.uk&intent=organiser-claim&auth=register&next=%2Forganiser%2F%3Fonboard%3Dclaim"
wakefield@actioncoach.co.uk,"ActionCOACH Wakefield","","https://www.thenetworkerhub.com/for-organisers?email=wakefield%40actioncoach.co.uk&intent=organiser-claim&auth=register&next=%2Forganiser%2F%3Fonboard%3Dclaim"
enquiries@advancenorthumberland.co.uk,"Advance Northumberland","","https://www.thenetworkerhub.com/for-organisers?email=enquiries%40advancenorthumberland.co.uk&intent=organiser-claim&auth=register&next=%2Forganiser%2F%3Fonboard%3Dclaim"
commercial@afcwimbledon.co.uk,"AFC Wimbledon Business Club","","https://www.thenetworkerhub.com/for-organisers?email=commercial%40afcwimbledon.co.uk&intent=organiser-claim&auth=register&next=%2Forganiser%2F%3Fonboard%3Dclaim"
support@afvbc.com,"AFVBC (Armed Forces & Veterans Breakfast Clubs)","","https://www.thenetworkerhub.com/for-organisers?email=support%40afvbc.com&intent=organiser-claim&auth=register&next=%2Forganiser%2F%3Fonboard%3Dclaim"
info@agamers.co,"AGame Masterminds","","https://www.thenetworkerhub.com/for-organisers?email=info%40agamers.co&intent=organiser-claim&auth=register&next=%2Forganiser%2F%3Fonboard%3Dclaim"
info@alexander-accountancy.co.uk,"Alexander Accountancy's Property People","","https://www.thenetworkerhub.com/for-organisers?email=info%40alexander-accountancy.co.uk&intent=organiser-claim&auth=register&next=%2Forganiser%2F%3Fonboard%3Dclaim"
info@alfrescoadventures.co.uk,"Alfresco Adventures","","https://www.thenetworkerhub.com/for-organisers?email=info%40alfrescoadventures.co.uk&intent=organiser-claim&auth=register&next=%2Forganiser%2F%3Fonboard%3Dclaim"
terry@all1network.com,"All 1 Network","","https://www.thenetworkerhub.com/for-organisers?email=terry%40all1network.com&intent=organiser-claim&auth=register&next=%2Forganiser%2F%3Fonboard%3Dclaim"
avbn@ambervalley-business-networking.co.uk,"Amber Valley Business Networking","","https://www.thenetworkerhub.com/for-organisers?email=avbn%40ambervalley-business-networking.co.uk&intent=organiser-claim&auth=register&next=%2Forganiser%2F%3Fonboard%3Dclaim"
info@aberdeenrenewables.com,"AREG (Aberdeen Renewable Energy Group)","","https://www.thenetworkerhub.com/for-organisers?email=info%40aberdeenrenewables.com&intent=organiser-claim&auth=register&next=%2Forganiser%2F%3Fonboard%3Dclaim"
lorraine@arena.org.uk,"Arena","","https://www.thenetworkerhub.com/for-organisers?email=lorraine%40arena.org.uk&intent=organiser-claim&auth=register&next=%2Forganiser%2F%3Fonboard%3Dclaim"
president@asb-scotland.org,"ASB (Association of Scottish Business Women)","","https://www.thenetworkerhub.com/for-organisers?email=president%40asb-scotland.org&intent=organiser-claim&auth=register&next=%2Forganiser%2F%3Fonboard%3Dclaim"
infouk@ashoka.org,"Ashoka","","https://www.thenetworkerhub.com/for-organisers?email=infouk%40ashoka.org&intent=organiser-claim&auth=register&next=%2Forganiser%2F%3Fonboard%3Dclaim"
website@birmingham-chamber.com,"Asian Business Chamber of Commerce","","https://www.thenetworkerhub.com/for-organisers?email=website%40birmingham-chamber.com&intent=organiser-claim&auth=register&next=%2Forganiser%2F%3Fonboard%3Dclaim"
me@audriewoodhouse.com,"Audrie Woodhouse - Honestly Speaking","","https://www.thenetworkerhub.com/for-organisers?email=me%40audriewoodhouse.com&intent=organiser-claim&auth=register&next=%2Forganiser%2F%3Fonboard%3Dclaim"
hello@averysurveys.co.uk,"Avery & Co","","https://www.thenetworkerhub.com/for-organisers?email=hello%40averysurveys.co.uk&intent=organiser-claim&auth=register&next=%2Forganiser%2F%3Fonboard%3Dclaim"
info@risetohealthcoaching.com,"Awakened Connections Network","","https://www.thenetworkerhub.com/for-organisers?email=info%40risetohealthcoaching.com&intent=organiser-claim&auth=register&next=%2Forganiser%2F%3Fonboard%3Dclaim"
tracy@b2blunchclub.co.uk,"B2B Lunch Club","","https://www.thenetworkerhub.com/for-organisers?email=tracy%40b2blunchclub.co.uk&intent=organiser-claim&auth=register&next=%2Forganiser%2F%3Fonboard%3Dclaim"
info@b4-business.com,"B4","","https://www.thenetworkerhub.com/for-organisers?email=info%40b4-business.com&intent=organiser-claim&auth=register&next=%2Forganiser%2F%3Fonboard%3Dclaim"
cashback@marknorthall.com,"BAB Networking","","https://www.thenetworkerhub.com/for-organisers?email=cashback%40marknorthall.com&intent=organiser-claim&auth=register&next=%2Forganiser%2F%3Fonboard%3Dclaim"
babble@businessbabble.net,"Babble","","https://www.thenetworkerhub.com/for-organisers?email=babble%40businessbabble.net&intent=organiser-claim&auth=register&next=%2Forganiser%2F%3Fonboard%3Dclaim"
cassie@cfatax.co.uk,"Barco business club","","https://www.thenetworkerhub.com/for-organisers?email=cassie%40cfatax.co.uk&intent=organiser-claim&auth=register&next=%2Forganiser%2F%3Fonboard%3Dclaim"
info@brchamber.co.uk,"Barnsley & Rotherham - Chamber of Commerce","","https://www.thenetworkerhub.com/for-organisers?email=info%40brchamber.co.uk&intent=organiser-claim&auth=register&next=%2Forganiser%2F%3Fonboard%3Dclaim"
support@igeenet.com,"Barty's","","https://www.thenetworkerhub.com/for-organisers?email=support%40igeenet.com&intent=organiser-claim&auth=register&next=%2Forganiser%2F%3Fonboard%3Dclaim"
chairman@basingstokebusinessclub.org.uk,"Basingstoke Business Club","","https://www.thenetworkerhub.com/for-organisers?email=chairman%40basingstokebusinessclub.org.uk&intent=organiser-claim&auth=register&next=%2Forganiser%2F%3Fonboard%3Dclaim"
bath@businessfocusnetworking.co.uk,"Bath Business Focus","","https://www.thenetworkerhub.com/for-organisers?email=bath%40businessfocusnetworking.co.uk&intent=organiser-claim&auth=register&next=%2Forganiser%2F%3Fonboard%3Dclaim"
support@batleyentrepreneurshipclub.com,"Batley Entrepreneurship Club","","https://www.thenetworkerhub.com/for-organisers?email=support%40batleyentrepreneurshipclub.com&intent=organiser-claim&auth=register&next=%2Forganiser%2F%3Fonboard%3Dclaim"
info@bawe-scotland.org,"BAWE (British Association of Women Entrepreneurs in Scotland)","","https://www.thenetworkerhub.com/for-organisers?email=info%40bawe-scotland.org&intent=organiser-claim&auth=register&next=%2Forganiser%2F%3Fonboard%3Dclaim"
marcus@artimage.co.uk,"BBN (Bay Business Network)","","https://www.thenetworkerhub.com/for-organisers?email=marcus%40artimage.co.uk&intent=organiser-claim&auth=register&next=%2Forganiser%2F%3Fonboard%3Dclaim"
brian@bbnetworking.co.uk,"BBN Networking","","https://www.thenetworkerhub.com/for-organisers?email=brian%40bbnetworking.co.uk&intent=organiser-claim&auth=register&next=%2Forganiser%2F%3Fonboard%3Dclaim"
dianne.richardson@becbusinesscluster.co.uk,"BECBC (Britain's Energy Coast Business Cluster)","","https://www.thenetworkerhub.com/for-organisers?email=dianne.richardson%40becbusinesscluster.co.uk&intent=organiser-claim&auth=register&next=%2Forganiser%2F%3Fonboard%3Dclaim"
info@chamber-business.com,"Bedfordshire Chamber of Commerce","","https://www.thenetworkerhub.com/for-organisers?email=info%40chamber-business.com&intent=organiser-claim&auth=register&next=%2Forganiser%2F%3Fonboard%3Dclaim"
info@berkshiregrowthhub.co.uk,"Berkshire Growth Hub","","https://www.thenetworkerhub.com/for-organisers?email=info%40berkshiregrowthhub.co.uk&intent=organiser-claim&auth=register&next=%2Forganiser%2F%3Fonboard%3Dclaim"
info@berkshiremummies.co.uk,"Berkshire Mummies","","https://www.thenetworkerhub.com/for-organisers?email=info%40berkshiremummies.co.uk&intent=organiser-claim&auth=register&next=%2Forganiser%2F%3Fonboard%3Dclaim"
james@thebetterbusiness.network,"Better Business Network","","https://www.thenetworkerhub.com/for-organisers?email=james%40thebetterbusiness.network&intent=organiser-claim&auth=register&next=%2Forganiser%2F%3Fonboard%3Dclaim"
enquiries@betternetworking.co.uk,"Better Networking Hubs","","https://www.thenetworkerhub.com/for-organisers?email=enquiries%40betternetworking.co.uk&intent=organiser-claim&auth=register&next=%2Forganiser%2F%3Fonboard%3Dclaim"
centralservices@bforb.co.uk,"BforB – Business for Breakfast UK","","https://www.thenetworkerhub.com/for-organisers?email=centralservices%40bforb.co.uk&intent=organiser-claim&auth=register&next=%2Forganiser%2F%3Fonboard%3Dclaim"
nigel@bforb.co.uk,"BforB Networking Clubs","","https://www.thenetworkerhub.com/for-organisers?email=nigel%40bforb.co.uk&intent=organiser-claim&auth=register&next=%2Forganiser%2F%3Fonboard%3Dclaim"
jim@printlord.co.uk,"Big Business Breakfast Club - Various Venues","","https://www.thenetworkerhub.com/for-organisers?email=jim%40printlord.co.uk&intent=organiser-claim&auth=register&next=%2Forganiser%2F%3Fonboard%3Dclaim"
hello@biignetworking.co.uk,"BiiG (Business in Ilminster Group)","","https://www.thenetworkerhub.com/for-organisers?email=hello%40biignetworking.co.uk&intent=organiser-claim&auth=register&next=%2Forganiser%2F%3Fonboard%3Dclaim"
jason@pocketbox.co.uk,"BITA - Birmingham","","https://www.thenetworkerhub.com/for-organisers?email=jason%40pocketbox.co.uk&intent=organiser-claim&auth=register&next=%2Forganiser%2F%3Fonboard%3Dclaim"
frankie@totallinemarking.co.uk,"BITA - BITAx","","https://www.thenetworkerhub.com/for-organisers?email=frankie%40totallinemarking.co.uk&intent=organiser-claim&auth=register&next=%2Forganiser%2F%3Fonboard%3Dclaim"
natalie@whitcombehr.co.uk,"BITA - Kent","","https://www.thenetworkerhub.com/for-organisers?email=natalie%40whitcombehr.co.uk&intent=organiser-claim&auth=register&next=%2Forganiser%2F%3Fonboard%3Dclaim"
adam@advantageinvestment.co.uk,"BITA - Liverpool","","https://www.thenetworkerhub.com/for-organisers?email=adam%40advantageinvestment.co.uk&intent=organiser-claim&auth=register&next=%2Forganiser%2F%3Fonboard%3Dclaim"
paul@bita.ie,"BITA - London","","https://www.thenetworkerhub.com/for-organisers?email=paul%40bita.ie&intent=organiser-claim&auth=register&next=%2Forganiser%2F%3Fonboard%3Dclaim"
as@groupams.co.uk,"BITA - Manchester","","https://www.thenetworkerhub.com/for-organisers?email=as%40groupams.co.uk&intent=organiser-claim&auth=register&next=%2Forganiser%2F%3Fonboard%3Dclaim"
brendan@ghostconsultancy.com,"BITA - Northern Ireland","","https://www.thenetworkerhub.com/for-organisers?email=brendan%40ghostconsultancy.com&intent=organiser-claim&auth=register&next=%2Forganiser%2F%3Fonboard%3Dclaim"
sean.mcneill@offshoresolar.co.uk,"BITA - South West (Devon)","","https://www.thenetworkerhub.com/for-organisers?email=sean.mcneill%40offshoresolar.co.uk&intent=organiser-claim&auth=register&next=%2Forganiser%2F%3Fonboard%3Dclaim"
marialawless@signatureassociates.co.uk,"BITA - Surrey","","https://www.thenetworkerhub.com/for-organisers?email=marialawless%40signatureassociates.co.uk&intent=organiser-claim&auth=register&next=%2Forganiser%2F%3Fonboard%3Dclaim"
hello@bizgroup66.co.uk,"Biz Group 66","","https://www.thenetworkerhub.com/for-organisers?email=hello%40bizgroup66.co.uk&intent=organiser-claim&auth=register&next=%2Forganiser%2F%3Fonboard%3Dclaim"
brianmorrison.glasgow@gmail.com,"BizSocial Networking","","https://www.thenetworkerhub.com/for-organisers?email=brianmorrison.glasgow%40gmail.com&intent=organiser-claim&auth=register&next=%2Forganiser%2F%3Fonboard%3Dclaim"
enquiries@blacksolicitorsnetwork.org,"Black Solicitors Network","","https://www.thenetworkerhub.com/for-organisers?email=enquiries%40blacksolicitorsnetwork.org&intent=organiser-claim&auth=register&next=%2Forganiser%2F%3Fonboard%3Dclaim"
admin@bswn.org.uk,"Black South West Network","","https://www.thenetworkerhub.com/for-organisers?email=admin%40bswn.org.uk&intent=organiser-claim&auth=register&next=%2Forganiser%2F%3Fonboard%3Dclaim"
beds@bni.com,"Blaze BNI (Hitchin)","","https://www.thenetworkerhub.com/for-organisers?email=beds%40bni.com&intent=organiser-claim&auth=register&next=%2Forganiser%2F%3Fonboard%3Dclaim"
paul.lawton@business-matching.co.uk,"BMUK",", plus Business Matching UK - Leeds, Business Matching UK - London, Business Matching UK - Manchester, and Business Matching UK - NorthEast","https://www.thenetworkerhub.com/for-organisers?email=paul.lawton%40business-matching.co.uk&intent=organiser-claim&auth=register&next=%2Forganiser%2F%3Fonboard%3Dclaim"
simon@bni.com,"BNI  - Head Office","","https://www.thenetworkerhub.com/for-organisers?email=simon%40bni.com&intent=organiser-claim&auth=register&next=%2Forganiser%2F%3Fonboard%3Dclaim"
dawnadlam@bni.com,"BNI  - Head Office","","https://www.thenetworkerhub.com/for-organisers?email=dawnadlam%40bni.com&intent=organiser-claim&auth=register&next=%2Forganiser%2F%3Fonboard%3Dclaim"
info@millandbrae.com,"BNI - Abbey (BNI (Paisley)","","https://www.thenetworkerhub.com/for-organisers?email=info%40millandbrae.com&intent=organiser-claim&auth=register&next=%2Forganiser%2F%3Fonboard%3Dclaim"
bni@eurobni.com,"BNI - BNI Belfast Waterfront","","https://www.thenetworkerhub.com/for-organisers?email=bni%40eurobni.com&intent=organiser-claim&auth=register&next=%2Forganiser%2F%3Fonboard%3Dclaim"
info@thebusinessmindet.co.uk,"BNI - BNI Cathedral (Northern Ireland)","","https://www.thenetworkerhub.com/for-organisers?email=info%40thebusinessmindet.co.uk&intent=organiser-claim&auth=register&next=%2Forganiser%2F%3Fonboard%3Dclaim"
support@close-focus.co.uk,"BNI - BNI Erimus (Belfast)","","https://www.thenetworkerhub.com/for-organisers?email=support%40close-focus.co.uk&intent=organiser-claim&auth=register&next=%2Forganiser%2F%3Fonboard%3Dclaim"
frank@fgmboilerservice.co.uk,"BNI - BNI Lisburn","","https://www.thenetworkerhub.com/for-organisers?email=frank%40fgmboilerservice.co.uk&intent=organiser-claim&auth=register&next=%2Forganiser%2F%3Fonboard%3Dclaim"
enquiries@fieldtrainingservices.co.uk,"BNI - Cardiff Central","","https://www.thenetworkerhub.com/for-organisers?email=enquiries%40fieldtrainingservices.co.uk&intent=organiser-claim&auth=register&next=%2Forganiser%2F%3Fonboard%3Dclaim"
info@dublcheckcleaning.co.uk,"BNI - Carnegie (Dunfermline)","","https://www.thenetworkerhub.com/for-organisers?email=info%40dublcheckcleaning.co.uk&intent=organiser-claim&auth=register&next=%2Forganiser%2F%3Fonboard%3Dclaim"
colinread@bni.co.uk,"BNI - Castle BNI (East Kilbride)","","https://www.thenetworkerhub.com/for-organisers?email=colinread%40bni.co.uk&intent=organiser-claim&auth=register&next=%2Forganiser%2F%3Fonboard%3Dclaim"
bninorthwales@bni.co.uk,"BNI - Deeside - North Wales","","https://www.thenetworkerhub.com/for-organisers?email=bninorthwales%40bni.co.uk&intent=organiser-claim&auth=register&next=%2Forganiser%2F%3Fonboard%3Dclaim"
lancs-nw@bni.co.uk,"BNI - Eden Business Network - Lancashire North West","","https://www.thenetworkerhub.com/for-organisers?email=lancs-nw%40bni.co.uk&intent=organiser-claim&auth=register&next=%2Forganiser%2F%3Fonboard%3Dclaim"
scotlandnorth@bni.co.uk,"BNI - Energy (Aberdeen)","","https://www.thenetworkerhub.com/for-organisers?email=scotlandnorth%40bni.co.uk&intent=organiser-claim&auth=register&next=%2Forganiser%2F%3Fonboard%3Dclaim"
glasgowsl@bni.co.uk,"BNI - Enterprise BNI - Glasgow & South Lanarkshire","","https://www.thenetworkerhub.com/for-organisers?email=glasgowsl%40bni.co.uk&intent=organiser-claim&auth=register&next=%2Forganiser%2F%3Fonboard%3Dclaim"
charlie@bniglasgowsl.com,"BNI - Evolution Glasgow","","https://www.thenetworkerhub.com/for-organisers?email=charlie%40bniglasgowsl.com&intent=organiser-claim&auth=register&next=%2Forganiser%2F%3Fonboard%3Dclaim"
info@bni-irvine.co.uk,"BNI - Magnum BNI (Irvine)","","https://www.thenetworkerhub.com/for-organisers?email=info%40bni-irvine.co.uk&intent=organiser-claim&auth=register&next=%2Forganiser%2F%3Fonboard%3Dclaim"
shropshire@bni.co.uk,"BNI - Nova (Newport","","https://www.thenetworkerhub.com/for-organisers?email=shropshire%40bni.co.uk&intent=organiser-claim&auth=register&next=%2Forganiser%2F%3Fonboard%3Dclaim"
hampshirenorth@bni.co.uk,"BNI - Phoenix Basingstoke","","https://www.thenetworkerhub.com/for-organisers?email=hampshirenorth%40bni.co.uk&intent=organiser-claim&auth=register&next=%2Forganiser%2F%3Fonboard%3Dclaim"
londonse@bni.co.uk,"BNI - Rendezvous (Hatch End)","","https://www.thenetworkerhub.com/for-organisers?email=londonse%40bni.co.uk&intent=organiser-claim&auth=register&next=%2Forganiser%2F%3Fonboard%3Dclaim"
northwales@bni.co.uk,"BNI - Spectrum - North Wales","","https://www.thenetworkerhub.com/for-organisers?email=northwales%40bni.co.uk&intent=organiser-claim&auth=register&next=%2Forganiser%2F%3Fonboard%3Dclaim"
shai@virtuallythere.co,"BNI - Thomas Telford (Telford)","","https://www.thenetworkerhub.com/for-organisers?email=shai%40virtuallythere.co&intent=organiser-claim&auth=register&next=%2Forganiser%2F%3Fonboard%3Dclaim"
eastmidlands@bni.co.uk,"BNI -@J28 - Derbyshire South","","https://www.thenetworkerhub.com/for-organisers?email=eastmidlands%40bni.co.uk&intent=organiser-claim&auth=register&next=%2Forganiser%2F%3Fonboard%3Dclaim"
sussex_east@bni.co.uk,"BNI -1st Eastbourne BNI","","https://www.thenetworkerhub.com/for-organisers?email=sussex_east%40bni.co.uk&intent=organiser-claim&auth=register&next=%2Forganiser%2F%3Fonboard%3Dclaim"
yorkshire_north@bni.co.uk,"BNI -Abundance BNI (Harrogate)","","https://www.thenetworkerhub.com/for-organisers?email=yorkshire_north%40bni.co.uk&intent=organiser-claim&auth=register&next=%2Forganiser%2F%3Fonboard%3Dclaim"
oxfordshire@bni.co.uk,"BNI -Academy (Oxford)","","https://www.thenetworkerhub.com/for-organisers?email=oxfordshire%40bni.co.uk&intent=organiser-claim&auth=register&next=%2Forganiser%2F%3Fonboard%3Dclaim"
birmingham@bni.co.uk,"BNI -Ace BNI (Dorridge)","","https://www.thenetworkerhub.com/for-organisers?email=birmingham%40bni.co.uk&intent=organiser-claim&auth=register&next=%2Forganiser%2F%3Fonboard%3Dclaim"
blackcountry@bni.co.uk,"BNI -Achievers BNI (Wolverhampton) - Black Country","","https://www.thenetworkerhub.com/for-organisers?email=blackcountry%40bni.co.uk&intent=organiser-claim&auth=register&next=%2Forganiser%2F%3Fonboard%3Dclaim"
northeast@bni.co.uk,"BNI -Affinity BNI - Northumbria","","https://www.thenetworkerhub.com/for-organisers?email=northeast%40bni.co.uk&intent=organiser-claim&auth=register&next=%2Forganiser%2F%3Fonboard%3Dclaim"
herts@bni.co.uk,"BNI -Alban (St Albans)","","https://www.thenetworkerhub.com/for-organisers?email=herts%40bni.co.uk&intent=organiser-claim&auth=register&next=%2Forganiser%2F%3Fonboard%3Dclaim"
manchester@bni.co.uk,"BNI -Alchemy BNI (Didsbury)","","https://www.thenetworkerhub.com/for-organisers?email=manchester%40bni.co.uk&intent=organiser-claim&auth=register&next=%2Forganiser%2F%3Fonboard%3Dclaim"
londonne@bni.co.uk,"BNI -Alliance BNI London NE","","https://www.thenetworkerhub.com/for-organisers?email=londonne%40bni.co.uk&intent=organiser-claim&auth=register&next=%2Forganiser%2F%3Fonboard%3Dclaim"
norfolk@bni.co.uk,"BNI -Ambition Norwich","","https://www.thenetworkerhub.com/for-organisers?email=norfolk%40bni.co.uk&intent=organiser-claim&auth=register&next=%2Forganiser%2F%3Fonboard%3Dclaim"
berkshire@bni.co.uk,"BNI -Ascot","","https://www.thenetworkerhub.com/for-organisers?email=berkshire%40bni.co.uk&intent=organiser-claim&auth=register&next=%2Forganiser%2F%3Fonboard%3Dclaim"
kenteast@bni.co.uk,"BNI -Ashford","","https://www.thenetworkerhub.com/for-organisers?email=kenteast%40bni.co.uk&intent=organiser-claim&auth=register&next=%2Forganiser%2F%3Fonboard%3Dclaim"
dorset@bni.co.uk,"BNI -Bay","","https://www.thenetworkerhub.com/for-organisers?email=dorset%40bni.co.uk&intent=organiser-claim&auth=register&next=%2Forganiser%2F%3Fonboard%3Dclaim"
carol@events-simplified.co.uk,"BNI -Graphene BNI","","https://www.thenetworkerhub.com/for-organisers?email=carol%40events-simplified.co.uk&intent=organiser-claim&auth=register&next=%2Forganiser%2F%3Fonboard%3Dclaim"
durhamteesside@bni.co.uk,"BNI -Steel BNI (Middlesbrough)","","https://www.thenetworkerhub.com/for-organisers?email=durhamteesside%40bni.co.uk&intent=organiser-claim&auth=register&next=%2Forganiser%2F%3Fonboard%3Dclaim"
hertfordshirenorthandeast@bni.co.uk,"BNI -Synergy (Hertford)","","https://www.thenetworkerhub.com/for-organisers?email=hertfordshirenorthandeast%40bni.co.uk&intent=organiser-claim&auth=register&next=%2Forganiser%2F%3Fonboard%3Dclaim"
yorkshire@bni.co.uk,"BNI -Synergy BNI Barnsley","","https://www.thenetworkerhub.com/for-organisers?email=yorkshire%40bni.co.uk&intent=organiser-claim&auth=register&next=%2Forganiser%2F%3Fonboard%3Dclaim"
essexwest@bni.co.uk,"BNI A27 - Essex West","","https://www.thenetworkerhub.com/for-organisers?email=essexwest%40bni.co.uk&intent=organiser-claim&auth=register&next=%2Forganiser%2F%3Fonboard%3Dclaim"
essexeast@bni.co.uk,"BNI Action - Essex East","","https://www.thenetworkerhub.com/for-organisers?email=essexeast%40bni.co.uk&intent=organiser-claim&auth=register&next=%2Forganiser%2F%3Fonboard%3Dclaim"
tim@bni-lne.com,"BNI Alliance","","https://www.thenetworkerhub.com/for-organisers?email=tim%40bni-lne.com&intent=organiser-claim&auth=register&next=%2Forganiser%2F%3Fonboard%3Dclaim"
northwest@bni.co.uk,"BNI Alpha - Liverpool","","https://www.thenetworkerhub.com/for-organisers?email=northwest%40bni.co.uk&intent=organiser-claim&auth=register&next=%2Forganiser%2F%3Fonboard%3Dclaim"
londoneast@bni.co.uk,"BNI Apollo - London East","","https://www.thenetworkerhub.com/for-organisers?email=londoneast%40bni.co.uk&intent=organiser-claim&auth=register&next=%2Forganiser%2F%3Fonboard%3Dclaim"
bristol@bni.co.uk,"BNI Bradman (Bristol)","","https://www.thenetworkerhub.com/for-organisers?email=bristol%40bni.co.uk&intent=organiser-claim&auth=register&next=%2Forganiser%2F%3Fonboard%3Dclaim"
enquiries@bnionline.co.uk,"BNI Brunch (Samlesbury)","","https://www.thenetworkerhub.com/for-organisers?email=enquiries%40bnionline.co.uk&intent=organiser-claim&auth=register&next=%2Forganiser%2F%3Fonboard%3Dclaim"
londoncentral@bni.co.uk,"BNI Central - Central London & The City","","https://www.thenetworkerhub.com/for-organisers?email=londoncentral%40bni.co.uk&intent=organiser-claim&auth=register&next=%2Forganiser%2F%3Fonboard%3Dclaim"
somerset@bni.co.uk,"BNI Concorde - Somerset","","https://www.thenetworkerhub.com/for-organisers?email=somerset%40bni.co.uk&intent=organiser-claim&auth=register&next=%2Forganiser%2F%3Fonboard%3Dclaim"
kentwest@bni.co.uk,"BNI Conversion - Kent West","","https://www.thenetworkerhub.com/for-organisers?email=kentwest%40bni.co.uk&intent=organiser-claim&auth=register&next=%2Forganiser%2F%3Fonboard%3Dclaim"
enquiries@bnidevon.co.uk,"BNI Devon","","https://www.thenetworkerhub.com/for-organisers?email=enquiries%40bnidevon.co.uk&intent=organiser-claim&auth=register&next=%2Forganiser%2F%3Fonboard%3Dclaim"
paul@bnidorset.co.uk,"BNI Dorset","","https://www.thenetworkerhub.com/for-organisers?email=paul%40bnidorset.co.uk&intent=organiser-claim&auth=register&next=%2Forganiser%2F%3Fonboard%3Dclaim"
pfitzsimmons@wilfordsmith.com,"BNI Fusion Warrington","","https://www.thenetworkerhub.com/for-organisers?email=pfitzsimmons%40wilfordsmith.com&intent=organiser-claim&auth=register&next=%2Forganiser%2F%3Fonboard%3Dclaim"
cambridgeshire@bni.co.uk,"BNI Granta - Cambridge","","https://www.thenetworkerhub.com/for-organisers?email=cambridgeshire%40bni.co.uk&intent=organiser-claim&auth=register&next=%2Forganiser%2F%3Fonboard%3Dclaim"
suffolk@bni.co.uk,"BNI Legend - Suffolk","","https://www.thenetworkerhub.com/for-organisers?email=suffolk%40bni.co.uk&intent=organiser-claim&auth=register&next=%2Forganiser%2F%3Fonboard%3Dclaim"
duncan@1pcs.co.uk,"BNI Leicestershire and Rutland","","https://www.thenetworkerhub.com/for-organisers?email=duncan%401pcs.co.uk&intent=organiser-claim&auth=register&next=%2Forganiser%2F%3Fonboard%3Dclaim"
liverpool@bni.co.uk,"BNI Lima - Liverpool","","https://www.thenetworkerhub.com/for-organisers?email=liverpool%40bni.co.uk&intent=organiser-claim&auth=register&next=%2Forganiser%2F%3Fonboard%3Dclaim"
paulsmith@bni.com,"BNI Marina","","https://www.thenetworkerhub.com/for-organisers?email=paulsmith%40bni.com&intent=organiser-claim&auth=register&next=%2Forganiser%2F%3Fonboard%3Dclaim"
yorkshire_east@bni.co.uk,"BNI Marina (Hull)","","https://www.thenetworkerhub.com/for-organisers?email=yorkshire_east%40bni.co.uk&intent=organiser-claim&auth=register&next=%2Forganiser%2F%3Fonboard%3Dclaim"
southwest@bni.co.uk,"BNI Parade (Bath)","","https://www.thenetworkerhub.com/for-organisers?email=southwest%40bni.co.uk&intent=organiser-claim&auth=register&next=%2Forganiser%2F%3Fonboard%3Dclaim"
alastair.mcleod@businessdoctors.co.uk,"BNI Pavilion","","https://www.thenetworkerhub.com/for-organisers?email=alastair.mcleod%40businessdoctors.co.uk&intent=organiser-claim&auth=register&next=%2Forganiser%2F%3Fonboard%3Dclaim"
paul@insanetech.net,"BNI Pioneer Online","","https://www.thenetworkerhub.com/for-organisers?email=paul%40insanetech.net&intent=organiser-claim&auth=register&next=%2Forganiser%2F%3Fonboard%3Dclaim"
hampshiresouth@bni.co.uk,"BNI Prime Online - Hampshire South","","https://www.thenetworkerhub.com/for-organisers?email=hampshiresouth%40bni.co.uk&intent=organiser-claim&auth=register&next=%2Forganiser%2F%3Fonboard%3Dclaim"
dionne@bniscotlandse.com,"BNI Scotland South","","https://www.thenetworkerhub.com/for-organisers?email=dionne%40bniscotlandse.com&intent=organiser-claim&auth=register&next=%2Forganiser%2F%3Fonboard%3Dclaim"
support@bni.com,"BNI South Wales","","https://www.thenetworkerhub.com/for-organisers?email=support%40bni.com&intent=organiser-claim&auth=register&next=%2Forganiser%2F%3Fonboard%3Dclaim"
samturton@bni.com,"BNI South Wales","","https://www.thenetworkerhub.com/for-organisers?email=samturton%40bni.com&intent=organiser-claim&auth=register&next=%2Forganiser%2F%3Fonboard%3Dclaim"
sean@simplymagic.co.uk,"BNI The Mighty Nelson","","https://www.thenetworkerhub.com/for-organisers?email=sean%40simplymagic.co.uk&intent=organiser-claim&auth=register&next=%2Forganiser%2F%3Fonboard%3Dclaim"
bni@virtuallythere.co,"BNI Thomas Telford (Newport)","","https://www.thenetworkerhub.com/for-organisers?email=bni%40virtuallythere.co&intent=organiser-claim&auth=register&next=%2Forganiser%2F%3Fonboard%3Dclaim"
derbyshire@bni.co.uk,"BNI Trailblazers - Derbyshire South","","https://www.thenetworkerhub.com/for-organisers?email=derbyshire%40bni.co.uk&intent=organiser-claim&auth=register&next=%2Forganiser%2F%3Fonboard%3Dclaim"
info@bnnl.co.uk,"BNNL (Business Networking North London)","","https://www.thenetworkerhub.com/for-organisers?email=info%40bnnl.co.uk&intent=organiser-claim&auth=register&next=%2Forganiser%2F%3Fonboard%3Dclaim"
ian@bobconnections.co.uk,"BoB Connections","","https://www.thenetworkerhub.com/for-organisers?email=ian%40bobconnections.co.uk&intent=organiser-claim&auth=register&next=%2Forganiser%2F%3Fonboard%3Dclaim"
tina.duggan@bobnetworking.co.uk,"BoB Networking","","https://www.thenetworkerhub.com/for-organisers?email=tina.duggan%40bobnetworking.co.uk&intent=organiser-claim&auth=register&next=%2Forganiser%2F%3Fonboard%3Dclaim"
gary@boombusinessclub.com,"Boom Business Club","","https://www.thenetworkerhub.com/for-organisers?email=gary%40boombusinessclub.com&intent=organiser-claim&auth=register&next=%2Forganiser%2F%3Fonboard%3Dclaim"
info@bpa-online.co.uk,"BPA (Bournemouth Property Association)","","https://www.thenetworkerhub.com/for-organisers?email=info%40bpa-online.co.uk&intent=organiser-claim&auth=register&next=%2Forganiser%2F%3Fonboard%3Dclaim"
hello@blueskyseo.co.uk,"Breakfast Bites","","https://www.thenetworkerhub.com/for-organisers?email=hello%40blueskyseo.co.uk&intent=organiser-claim&auth=register&next=%2Forganiser%2F%3Fonboard%3Dclaim"
hello@thebrewnetworking.com,"Brew Beginning","","https://www.thenetworkerhub.com/for-organisers?email=hello%40thebrewnetworking.com&intent=organiser-claim&auth=register&next=%2Forganiser%2F%3Fonboard%3Dclaim"
paul@brighterthinking.co.uk,"Brighter Thinking Ltd","","https://www.thenetworkerhub.com/for-organisers?email=paul%40brighterthinking.co.uk&intent=organiser-claim&auth=register&next=%2Forganiser%2F%3Fonboard%3Dclaim"
info@britishchambers.org.uk,"British Chambers of Commerce (National)","","https://www.thenetworkerhub.com/for-organisers?email=info%40britishchambers.org.uk&intent=organiser-claim&auth=register&next=%2Forganiser%2F%3Fonboard%3Dclaim"
info@brittontime.com,"Britton & Time Solicitors","","https://www.thenetworkerhub.com/for-organisers?email=info%40brittontime.com&intent=organiser-claim&auth=register&next=%2Forganiser%2F%3Fonboard%3Dclaim"
xander@bnidirector.com,"Brixton BNI","","https://www.thenetworkerhub.com/for-organisers?email=xander%40bnidirector.com&intent=organiser-claim&auth=register&next=%2Forganiser%2F%3Fonboard%3Dclaim"
hello@bromleybusinessnetwork.co.uk,"Bromley Business Network Limited","","https://www.thenetworkerhub.com/for-organisers?email=hello%40bromleybusinessnetwork.co.uk&intent=organiser-claim&auth=register&next=%2Forganiser%2F%3Fonboard%3Dclaim"
info@btob-events.co.uk,"BtoB Events","","https://www.thenetworkerhub.com/for-organisers?email=info%40btob-events.co.uk&intent=organiser-claim&auth=register&next=%2Forganiser%2F%3Fonboard%3Dclaim"
info@bucks-fizz.biz,"Bucks Fizz Networking","","https://www.thenetworkerhub.com/for-organisers?email=info%40bucks-fizz.biz&intent=organiser-claim&auth=register&next=%2Forganiser%2F%3Fonboard%3Dclaim"
connect@birminghamsuniquenetwork.com,"BUN (Birmingham's Unique Network)","","https://www.thenetworkerhub.com/for-organisers?email=connect%40birminghamsuniquenetwork.com&intent=organiser-claim&auth=register&next=%2Forganiser%2F%3Fonboard%3Dclaim"
bipcnorfolk@norfolk.gov.uk,"Business & IP Centre Norfolk","","https://www.thenetworkerhub.com/for-organisers?email=bipcnorfolk%40norfolk.gov.uk&intent=organiser-claim&auth=register&next=%2Forganiser%2F%3Fonboard%3Dclaim"
info@businessbase.org.uk,"Business Base","","https://www.thenetworkerhub.com/for-organisers?email=info%40businessbase.org.uk&intent=organiser-claim&auth=register&next=%2Forganiser%2F%3Fonboard%3Dclaim"
admin@business-buzz.org,"Business Buzz","","https://www.thenetworkerhub.com/for-organisers?email=admin%40business-buzz.org&intent=organiser-claim&auth=register&next=%2Forganiser%2F%3Fonboard%3Dclaim"
bedford@business-buzz.org,"Business Buzz - Bedfordshire","","https://www.thenetworkerhub.com/for-organisers?email=bedford%40business-buzz.org&intent=organiser-claim&auth=register&next=%2Forganiser%2F%3Fonboard%3Dclaim"
mk@business-buzz.org,"Business Buzz - Buckinghamshire","","https://www.thenetworkerhub.com/for-organisers?email=mk%40business-buzz.org&intent=organiser-claim&auth=register&next=%2Forganiser%2F%3Fonboard%3Dclaim"
cheltenham@business-buzz.org,"Business Buzz - Cheltenham","","https://www.thenetworkerhub.com/for-organisers?email=cheltenham%40business-buzz.org&intent=organiser-claim&auth=register&next=%2Forganiser%2F%3Fonboard%3Dclaim"
katrina@business-buzz.org,"Business Buzz - Essex","","https://www.thenetworkerhub.com/for-organisers?email=katrina%40business-buzz.org&intent=organiser-claim&auth=register&next=%2Forganiser%2F%3Fonboard%3Dclaim"
leicestershire@business-buzz.org,"Business Buzz - Leicestershire & Rutland","","https://www.thenetworkerhub.com/for-organisers?email=leicestershire%40business-buzz.org&intent=organiser-claim&auth=register&next=%2Forganiser%2F%3Fonboard%3Dclaim"
london@business-buzz.org,"Business Buzz - London","","https://www.thenetworkerhub.com/for-organisers?email=london%40business-buzz.org&intent=organiser-claim&auth=register&next=%2Forganiser%2F%3Fonboard%3Dclaim"
northamptonshire@business-buzz.org,"Business Buzz - Northamptonshire","","https://www.thenetworkerhub.com/for-organisers?email=northamptonshire%40business-buzz.org&intent=organiser-claim&auth=register&next=%2Forganiser%2F%3Fonboard%3Dclaim"
oxfordshire@business-buzz.org,"Business Buzz - Oxfordshire","","https://www.thenetworkerhub.com/for-organisers?email=oxfordshire%40business-buzz.org&intent=organiser-claim&auth=register&next=%2Forganiser%2F%3Fonboard%3Dclaim"
warwickshire@business-buzz.org,"Business Buzz - Warwickshire","","https://www.thenetworkerhub.com/for-organisers?email=warwickshire%40business-buzz.org&intent=organiser-claim&auth=register&next=%2Forganiser%2F%3Fonboard%3Dclaim"
wellingborough@business-buzz.org,"Business Buzz Wellingborough","","https://www.thenetworkerhub.com/for-organisers?email=wellingborough%40business-buzz.org&intent=organiser-claim&auth=register&next=%2Forganiser%2F%3Fonboard%3Dclaim"
jon@businessconnectpublishing.co.uk,"Business Connect","","https://www.thenetworkerhub.com/for-organisers?email=jon%40businessconnectpublishing.co.uk&intent=organiser-claim&auth=register&next=%2Forganiser%2F%3Fonboard%3Dclaim"
info@businessfocusburton.co.uk,"Business Focus Networking - Burton","","https://www.thenetworkerhub.com/for-organisers?email=info%40businessfocusburton.co.uk&intent=organiser-claim&auth=register&next=%2Forganiser%2F%3Fonboard%3Dclaim"
info@businessforcalderdale.co.uk,"Business for Calderdale","","https://www.thenetworkerhub.com/for-organisers?email=info%40businessforcalderdale.co.uk&intent=organiser-claim&auth=register&next=%2Forganiser%2F%3Fonboard%3Dclaim"
info@bgateway.com,"Business Gateway","","https://www.thenetworkerhub.com/for-organisers?email=info%40bgateway.com&intent=organiser-claim&auth=register&next=%2Forganiser%2F%3Fonboard%3Dclaim"
neil@businessgrowthclub.net,"Business Growth Club","","https://www.thenetworkerhub.com/for-organisers?email=neil%40businessgrowthclub.net&intent=organiser-claim&auth=register&next=%2Forganiser%2F%3Fonboard%3Dclaim"
admin@businessjunction.co.uk,"Business Junction","","https://www.thenetworkerhub.com/for-organisers?email=admin%40businessjunction.co.uk&intent=organiser-claim&auth=register&next=%2Forganiser%2F%3Fonboard%3Dclaim"
hello@lynx19.com,"Business Lynx","","https://www.thenetworkerhub.com/for-organisers?email=hello%40lynx19.com&intent=organiser-claim&auth=register&next=%2Forganiser%2F%3Fonboard%3Dclaim"
info@business-matching.co.uk,"Business Matching UK","","https://www.thenetworkerhub.com/for-organisers?email=info%40business-matching.co.uk&intent=organiser-claim&auth=register&next=%2Forganiser%2F%3Fonboard%3Dclaim"
business@redcar-cleveland.gov.uk,"Business Redcar Cleveland","","https://www.thenetworkerhub.com/for-organisers?email=business%40redcar-cleveland.gov.uk&intent=organiser-claim&auth=register&next=%2Forganiser%2F%3Fonboard%3Dclaim"
winse@businessfives.com,"Business Sevens","","https://www.thenetworkerhub.com/for-organisers?email=winse%40businessfives.com&intent=organiser-claim&auth=register&next=%2Forganiser%2F%3Fonboard%3Dclaim"
info@businesswest.co.uk,"Business West","","https://www.thenetworkerhub.com/for-organisers?email=info%40businesswest.co.uk&intent=organiser-claim&auth=register&next=%2Forganiser%2F%3Fonboard%3Dclaim"
lynne@bwsltd.co.uk,"Business Women Connections","","https://www.thenetworkerhub.com/for-organisers?email=lynne%40bwsltd.co.uk&intent=organiser-claim&auth=register&next=%2Forganiser%2F%3Fonboard%3Dclaim"
debbie@businesswomenunltd.co.uk,"Businesswomen UnLtd","","https://www.thenetworkerhub.com/for-organisers?email=debbie%40businesswomenunltd.co.uk&intent=organiser-claim&auth=register&next=%2Forganiser%2F%3Fonboard%3Dclaim"
aruna@busynetworking.net,"Busy Networking","","https://www.thenetworkerhub.com/for-organisers?email=aruna%40busynetworking.net&intent=organiser-claim&auth=register&next=%2Forganiser%2F%3Fonboard%3Dclaim"
aruna@bwnetworking.co.uk,"Busy Women Networking","","https://www.thenetworkerhub.com/for-organisers?email=aruna%40bwnetworking.co.uk&intent=organiser-claim&auth=register&next=%2Forganiser%2F%3Fonboard%3Dclaim"
office@buylocalnorfolk.org.uk,"Buy Local Norfolk","","https://www.thenetworkerhub.com/for-organisers?email=office%40buylocalnorfolk.org.uk&intent=organiser-claim&auth=register&next=%2Forganiser%2F%3Fonboard%3Dclaim"
hello@buzzbusinessnetworking.eu,"Buzz Business Networking","","https://www.thenetworkerhub.com/for-organisers?email=hello%40buzzbusinessnetworking.eu&intent=organiser-claim&auth=register&next=%2Forganiser%2F%3Fonboard%3Dclaim"
info@buzzardnetworking.co.uk,"Buzzard Networking","","https://www.thenetworkerhub.com/for-organisers?email=info%40buzzardnetworking.co.uk&intent=organiser-claim&auth=register&next=%2Forganiser%2F%3Fonboard%3Dclaim"
julia@bwsltd.co.uk,"BWC (Business Women Connections)","","https://www.thenetworkerhub.com/for-organisers?email=julia%40bwsltd.co.uk&intent=organiser-claim&auth=register&next=%2Forganiser%2F%3Fonboard%3Dclaim"
karen@bwcaberdeen.co.uk,"BWC Aberdeen","","https://www.thenetworkerhub.com/for-organisers?email=karen%40bwcaberdeen.co.uk&intent=organiser-claim&auth=register&next=%2Forganiser%2F%3Fonboard%3Dclaim"
alvina@bwcedinburgh.co.uk,"BWC Edinburgh & Fife","","https://www.thenetworkerhub.com/for-organisers?email=alvina%40bwcedinburgh.co.uk&intent=organiser-claim&auth=register&next=%2Forganiser%2F%3Fonboard%3Dclaim"
info@bypnetwork.co.uk,"BYP Network","","https://www.thenetworkerhub.com/for-organisers?email=info%40bypnetwork.co.uk&intent=organiser-claim&auth=register&next=%2Forganiser%2F%3Fonboard%3Dclaim"
hello@c4di.net,"C4DI","","https://www.thenetworkerhub.com/for-organisers?email=hello%40c4di.net&intent=organiser-claim&auth=register&next=%2Forganiser%2F%3Fonboard%3Dclaim"
contact@cadrerocket.com,"Cadre Rocket","","https://www.thenetworkerhub.com/for-organisers?email=contact%40cadrerocket.com&intent=organiser-claim&auth=register&next=%2Forganiser%2F%3Fonboard%3Dclaim"
neuronetworkmcr@calmhorizoncoaching.co.uk,"Calm Horizon Coaching","","https://www.thenetworkerhub.com/for-organisers?email=neuronetworkmcr%40calmhorizoncoaching.co.uk&intent=organiser-claim&auth=register&next=%2Forganiser%2F%3Fonboard%3Dclaim"
dan@cambridgeunited.com,"Cambridge United Business Club (Football Club)","","https://www.thenetworkerhub.com/for-organisers?email=dan%40cambridgeunited.com&intent=organiser-claim&auth=register&next=%2Forganiser%2F%3Fonboard%3Dclaim"
hello@cambridgewireless.co.uk,"Cambridge Wireless","","https://www.thenetworkerhub.com/for-organisers?email=hello%40cambridgewireless.co.uk&intent=organiser-claim&auth=register&next=%2Forganiser%2F%3Fonboard%3Dclaim"
info@cwentrepreneursnet.com,"Canary Wharf Female Entrepreneurs Network","","https://www.thenetworkerhub.com/for-organisers?email=info%40cwentrepreneursnet.com&intent=organiser-claim&auth=register&next=%2Forganiser%2F%3Fonboard%3Dclaim"
capbusinessclubs3@gmail.com,"CAP Business Clubs","","https://www.thenetworkerhub.com/for-organisers?email=capbusinessclubs3%40gmail.com&intent=organiser-claim&auth=register&next=%2Forganiser%2F%3Fonboard%3Dclaim"
office@cardiffbusinessclub.org,"Cardiff Business Club","","https://www.thenetworkerhub.com/for-organisers?email=office%40cardiffbusinessclub.org&intent=organiser-claim&auth=register&next=%2Forganiser%2F%3Fonboard%3Dclaim"
cardiff@creativemornings.com,"Cardiff Start","","https://www.thenetworkerhub.com/for-organisers?email=cardiff%40creativemornings.com&intent=organiser-claim&auth=register&next=%2Forganiser%2F%3Fonboard%3Dclaim"
claire@catena-network.co.uk,"Catena Network","","https://www.thenetworkerhub.com/for-organisers?email=claire%40catena-network.co.uk&intent=organiser-claim&auth=register&next=%2Forganiser%2F%3Fonboard%3Dclaim"
cbn@swanseacity.com,"CBN (City Business Network)","","https://www.thenetworkerhub.com/for-organisers?email=cbn%40swanseacity.com&intent=organiser-claim&auth=register&next=%2Forganiser%2F%3Fonboard%3Dclaim"
enquires@britishchambers.org.uk,"Chamber of trade","","https://www.thenetworkerhub.com/for-organisers?email=enquires%40britishchambers.org.uk&intent=organiser-claim&auth=register&next=%2Forganiser%2F%3Fonboard%3Dclaim"
enquiries@ayrshire-chamber.org,"Chamber of trade  - Ayrshire","","https://www.thenetworkerhub.com/for-organisers?email=enquiries%40ayrshire-chamber.org&intent=organiser-claim&auth=register&next=%2Forganiser%2F%3Fonboard%3Dclaim"
website@blackcountrychamber.co.uk,"Chamber of trade  - Black Country","","https://www.thenetworkerhub.com/for-organisers?email=website%40blackcountrychamber.co.uk&intent=organiser-claim&auth=register&next=%2Forganiser%2F%3Fonboard%3Dclaim"
enquiries@cambscci.co.uk,"Chamber of trade  - Cambridgeshire","","https://www.thenetworkerhub.com/for-organisers?email=enquiries%40cambscci.co.uk&intent=organiser-claim&auth=register&next=%2Forganiser%2F%3Fonboard%3Dclaim"
info@cw-seswm.com,"Chamber of trade  - Chambers Wales","","https://www.thenetworkerhub.com/for-organisers?email=info%40cw-seswm.com&intent=organiser-claim&auth=register&next=%2Forganiser%2F%3Fonboard%3Dclaim"
hello@cornwallchamber.co.uk,"Chamber of trade  - Cornwall","","https://www.thenetworkerhub.com/for-organisers?email=hello%40cornwallchamber.co.uk&intent=organiser-claim&auth=register&next=%2Forganiser%2F%3Fonboard%3Dclaim"
info@cw-chamber.co.uk,"Chamber of trade  - Coventry & Warwickshire","","https://www.thenetworkerhub.com/for-organisers?email=info%40cw-chamber.co.uk&intent=organiser-claim&auth=register&next=%2Forganiser%2F%3Fonboard%3Dclaim"
info@cumbriachamber.co.uk,"Chamber of trade  - Cumbria","","https://www.thenetworkerhub.com/for-organisers?email=info%40cumbriachamber.co.uk&intent=organiser-claim&auth=register&next=%2Forganiser%2F%3Fonboard%3Dclaim"
reception@devonchamber.co.uk,"Chamber of trade  - Devon","","https://www.thenetworkerhub.com/for-organisers?email=reception%40devonchamber.co.uk&intent=organiser-claim&auth=register&next=%2Forganiser%2F%3Fonboard%3Dclaim"
chamber@doncaster-chamber.co.uk,"Chamber of trade  - Doncaster","","https://www.thenetworkerhub.com/for-organisers?email=chamber%40doncaster-chamber.co.uk&intent=organiser-claim&auth=register&next=%2Forganiser%2F%3Fonboard%3Dclaim"
contact@dorsetchamber.co.uk,"Chamber of trade  - Dorset","","https://www.thenetworkerhub.com/for-organisers?email=contact%40dorsetchamber.co.uk&intent=organiser-claim&auth=register&next=%2Forganiser%2F%3Fonboard%3Dclaim"
info@dundeeandanguschamber.co.uk,"Chamber of trade  - Dundee & Angus","","https://www.thenetworkerhub.com/for-organisers?email=info%40dundeeandanguschamber.co.uk&intent=organiser-claim&auth=register&next=%2Forganiser%2F%3Fonboard%3Dclaim"
m.lockett@chamberelancs.co.uk,"Chamber of trade  - East Lancashire","","https://www.thenetworkerhub.com/for-organisers?email=m.lockett%40chamberelancs.co.uk&intent=organiser-claim&auth=register&next=%2Forganiser%2F%3Fonboard%3Dclaim"
information@emc-dnl.co.uk,"Chamber of trade  - East Midlands (Derbyshire","","https://www.thenetworkerhub.com/for-organisers?email=information%40emc-dnl.co.uk&intent=organiser-claim&auth=register&next=%2Forganiser%2F%3Fonboard%3Dclaim"
info@edinburghchamber.co.uk,"Chamber of trade  - Edinburgh","","https://www.thenetworkerhub.com/for-organisers?email=info%40edinburghchamber.co.uk&intent=organiser-claim&auth=register&next=%2Forganiser%2F%3Fonboard%3Dclaim"
enquiries@essexchambers.co.uk,"Chamber of trade  - Essex","","https://www.thenetworkerhub.com/for-organisers?email=enquiries%40essexchambers.co.uk&intent=organiser-claim&auth=register&next=%2Forganiser%2F%3Fonboard%3Dclaim"
info@fifechamber.co.uk,"Chamber of trade  - Fife","","https://www.thenetworkerhub.com/for-organisers?email=info%40fifechamber.co.uk&intent=organiser-claim&auth=register&next=%2Forganiser%2F%3Fonboard%3Dclaim"
chamber@glasgowchamberofcommerce.com,"Chamber of trade  - Glasgow","","https://www.thenetworkerhub.com/for-organisers?email=chamber%40glasgowchamberofcommerce.com&intent=organiser-claim&auth=register&next=%2Forganiser%2F%3Fonboard%3Dclaim"
info@birmingham-chamber.com,"Chamber of trade  - Greater Birmingham","","https://www.thenetworkerhub.com/for-organisers?email=info%40birmingham-chamber.com&intent=organiser-claim&auth=register&next=%2Forganiser%2F%3Fonboard%3Dclaim"
info@gmchamber.co.uk,"Chamber of trade  - Greater Manchester","","https://www.thenetworkerhub.com/for-organisers?email=info%40gmchamber.co.uk&intent=organiser-claim&auth=register&next=%2Forganiser%2F%3Fonboard%3Dclaim"
info@hampshirechamber.co.uk,"Chamber of trade  - Hampshire","","https://www.thenetworkerhub.com/for-organisers?email=info%40hampshirechamber.co.uk&intent=organiser-claim&auth=register&next=%2Forganiser%2F%3Fonboard%3Dclaim"
enquiries@hwchamber.co.uk,"Chamber of trade  - Herefordshire & Worcestershire","","https://www.thenetworkerhub.com/for-organisers?email=enquiries%40hwchamber.co.uk&intent=organiser-claim&auth=register&next=%2Forganiser%2F%3Fonboard%3Dclaim"
enquiries@hertschamber.com,"Chamber of trade  - Hertfordshire","","https://www.thenetworkerhub.com/for-organisers?email=enquiries%40hertschamber.com&intent=organiser-claim&auth=register&next=%2Forganiser%2F%3Fonboard%3Dclaim"
info@hull-humber-chamber.co.uk,"Chamber of trade  - Hull & Humber","","https://www.thenetworkerhub.com/for-organisers?email=info%40hull-humber-chamber.co.uk&intent=organiser-claim&auth=register&next=%2Forganiser%2F%3Fonboard%3Dclaim"
info@inverness-chamber.co.uk,"Chamber of trade  - Inverness","","https://www.thenetworkerhub.com/for-organisers?email=info%40inverness-chamber.co.uk&intent=organiser-claim&auth=register&next=%2Forganiser%2F%3Fonboard%3Dclaim"
chamber@iwchamber.co.uk,"Chamber of trade  - Isle of Wight","","https://www.thenetworkerhub.com/for-organisers?email=chamber%40iwchamber.co.uk&intent=organiser-claim&auth=register&next=%2Forganiser%2F%3Fonboard%3Dclaim"
info@kentinvictachamber.co.uk,"Chamber of trade  - Kent Invicta","","https://www.thenetworkerhub.com/for-organisers?email=info%40kentinvictachamber.co.uk&intent=organiser-claim&auth=register&next=%2Forganiser%2F%3Fonboard%3Dclaim"
enquiries@lincs-chamber.co.uk,"Chamber of trade  - Lincolnshire","","https://www.thenetworkerhub.com/for-organisers?email=enquiries%40lincs-chamber.co.uk&intent=organiser-claim&auth=register&next=%2Forganiser%2F%3Fonboard%3Dclaim"
membership@liverpoolchamber.org.uk,"Chamber of trade  - Liverpool","","https://www.thenetworkerhub.com/for-organisers?email=membership%40liverpoolchamber.org.uk&intent=organiser-claim&auth=register&next=%2Forganiser%2F%3Fonboard%3Dclaim"
lc@londonchamber.co.uk,"Chamber of trade  - London","","https://www.thenetworkerhub.com/for-organisers?email=lc%40londonchamber.co.uk&intent=organiser-claim&auth=register&next=%2Forganiser%2F%3Fonboard%3Dclaim"
getconnected@my-chamber.co.uk,"Chamber of trade  - Mid Yorkshire","","https://www.thenetworkerhub.com/for-organisers?email=getconnected%40my-chamber.co.uk&intent=organiser-claim&auth=register&next=%2Forganiser%2F%3Fonboard%3Dclaim"
hello@norfolkchambers.co.uk,"Chamber of trade  - Norfolk","","https://www.thenetworkerhub.com/for-organisers?email=hello%40norfolkchambers.co.uk&intent=organiser-claim&auth=register&next=%2Forganiser%2F%3Fonboard%3Dclaim"
info@lancschamber.co.uk,"Chamber of trade  - North & Western Lancashire","","https://www.thenetworkerhub.com/for-organisers?email=info%40lancschamber.co.uk&intent=organiser-claim&auth=register&next=%2Forganiser%2F%3Fonboard%3Dclaim"
your@necc.co.uk,"Chamber of trade  - North East","","https://www.thenetworkerhub.com/for-organisers?email=your%40necc.co.uk&intent=organiser-claim&auth=register&next=%2Forganiser%2F%3Fonboard%3Dclaim"
info@renfrewshirechamber.com,"Chamber of trade  - Renfrewshire","","https://www.thenetworkerhub.com/for-organisers?email=info%40renfrewshirechamber.com&intent=organiser-claim&auth=register&next=%2Forganiser%2F%3Fonboard%3Dclaim"
membership@scci.org.uk,"Chamber of trade  - Sheffield","","https://www.thenetworkerhub.com/for-organisers?email=membership%40scci.org.uk&intent=organiser-claim&auth=register&next=%2Forganiser%2F%3Fonboard%3Dclaim"
enquiries@shropshire-chamber.co.uk,"Chamber of trade  - Shropshire","","https://www.thenetworkerhub.com/for-organisers?email=enquiries%40shropshire-chamber.co.uk&intent=organiser-claim&auth=register&next=%2Forganiser%2F%3Fonboard%3Dclaim"
membership@somerset-chamber.co.uk,"Chamber of trade  - Somerset","","https://www.thenetworkerhub.com/for-organisers?email=membership%40somerset-chamber.co.uk&intent=organiser-claim&auth=register&next=%2Forganiser%2F%3Fonboard%3Dclaim"
info@sccci.co.uk,"Chamber of trade  - South Cheshire","","https://www.thenetworkerhub.com/for-organisers?email=info%40sccci.co.uk&intent=organiser-claim&auth=register&next=%2Forganiser%2F%3Fonboard%3Dclaim"
info@staffordshirechambers.co.uk,"Chamber of trade  - Staffordshire","","https://www.thenetworkerhub.com/for-organisers?email=info%40staffordshirechambers.co.uk&intent=organiser-claim&auth=register&next=%2Forganiser%2F%3Fonboard%3Dclaim"
info@suffolkchamber.co.uk,"Chamber of trade  - Suffolk","","https://www.thenetworkerhub.com/for-organisers?email=info%40suffolkchamber.co.uk&intent=organiser-claim&auth=register&next=%2Forganiser%2F%3Fonboard%3Dclaim"
info@surrey-chambers.co.uk,"Chamber of trade  - Surrey","","https://www.thenetworkerhub.com/for-organisers?email=info%40surrey-chambers.co.uk&intent=organiser-claim&auth=register&next=%2Forganiser%2F%3Fonboard%3Dclaim"
info@sussexchamberofcommerce.co.uk,"Chamber of trade  - Sussex","","https://www.thenetworkerhub.com/for-organisers?email=info%40sussexchamberofcommerce.co.uk&intent=organiser-claim&auth=register&next=%2Forganiser%2F%3Fonboard%3Dclaim"
customerservices@tvchamber.co.uk,"Chamber of trade  - Thames Valley","","https://www.thenetworkerhub.com/for-organisers?email=customerservices%40tvchamber.co.uk&intent=organiser-claim&auth=register&next=%2Forganiser%2F%3Fonboard%3Dclaim"
info@wnychamber.co.uk,"Chamber of trade  - West & North Yorkshire","","https://www.thenetworkerhub.com/for-organisers?email=info%40wnychamber.co.uk&intent=organiser-claim&auth=register&next=%2Forganiser%2F%3Fonboard%3Dclaim"
info@wirralchamber.co.uk,"Chamber of trade  - Wirral","","https://www.thenetworkerhub.com/for-organisers?email=info%40wirralchamber.co.uk&intent=organiser-claim&auth=register&next=%2Forganiser%2F%3Fonboard%3Dclaim"
info@wcnwchamber.org.uk,"Chamber of trade  -West Cheshire & North Wales","","https://www.thenetworkerhub.com/for-organisers?email=info%40wcnwchamber.org.uk&intent=organiser-claim&auth=register&next=%2Forganiser%2F%3Fonboard%3Dclaim"
mail@northernirelandchamber.com,"Chamber of Trade Northern Ireland -Chamber of Trade","","https://www.thenetworkerhub.com/for-organisers?email=mail%40northernirelandchamber.com&intent=organiser-claim&auth=register&next=%2Forganiser%2F%3Fonboard%3Dclaim"
m.emery@birmingham-chamber.com,"Chambers of Commerce - Greater Birmingham","","https://www.thenetworkerhub.com/for-organisers?email=m.emery%40birmingham-chamber.com&intent=organiser-claim&auth=register&next=%2Forganiser%2F%3Fonboard%3Dclaim"
info@ciof.org.uk,"Chartered Institute of Fundraising","","https://www.thenetworkerhub.com/for-organisers?email=info%40ciof.org.uk&intent=organiser-claim&auth=register&next=%2Forganiser%2F%3Fonboard%3Dclaim"
centralsouth@institute-of-fundraising.org.uk,"Chartered Institute of Fundraising - Central South","","https://www.thenetworkerhub.com/for-organisers?email=centralsouth%40institute-of-fundraising.org.uk&intent=organiser-claim&auth=register&next=%2Forganiser%2F%3Fonboard%3Dclaim"
eastanglia@ciof.org.uk,"Chartered Institute of Fundraising - East Anglia","","https://www.thenetworkerhub.com/for-organisers?email=eastanglia%40ciof.org.uk&intent=organiser-claim&auth=register&next=%2Forganiser%2F%3Fonboard%3Dclaim"
eastmidlands@institute-of-fundraising.org.uk,"Chartered Institute of Fundraising - East Midlands","","https://www.thenetworkerhub.com/for-organisers?email=eastmidlands%40institute-of-fundraising.org.uk&intent=organiser-claim&auth=register&next=%2Forganiser%2F%3Fonboard%3Dclaim"
northeast@institute-of-fundraising.org.uk,"Chartered Institute of Fundraising - North East","","https://www.thenetworkerhub.com/for-organisers?email=northeast%40institute-of-fundraising.org.uk&intent=organiser-claim&auth=register&next=%2Forganiser%2F%3Fonboard%3Dclaim"
northwest@institute-of-fundraising.org.uk,"Chartered Institute of Fundraising - North West","","https://www.thenetworkerhub.com/for-organisers?email=northwest%40institute-of-fundraising.org.uk&intent=organiser-claim&auth=register&next=%2Forganiser%2F%3Fonboard%3Dclaim"
southwest@institute-of-fundraising.org.uk,"Chartered Institute of Fundraising - South West","","https://www.thenetworkerhub.com/for-organisers?email=southwest%40institute-of-fundraising.org.uk&intent=organiser-claim&auth=register&next=%2Forganiser%2F%3Fonboard%3Dclaim"
westmidlands@institute-of-fundraising.org.uk,"Chartered Institute of Fundraising - West Midlands","","https://www.thenetworkerhub.com/for-organisers?email=westmidlands%40institute-of-fundraising.org.uk&intent=organiser-claim&auth=register&next=%2Forganiser%2F%3Fonboard%3Dclaim"
yorkshire@institute-of-fundraising.org.uk,"Chartered Institute of Fundraising - Yorkshire","","https://www.thenetworkerhub.com/for-organisers?email=yorkshire%40institute-of-fundraising.org.uk&intent=organiser-claim&auth=register&next=%2Forganiser%2F%3Fonboard%3Dclaim"
alastairm@cipr.co.uk,"Chartered Institute of Public Relations","","https://www.thenetworkerhub.com/for-organisers?email=alastairm%40cipr.co.uk&intent=organiser-claim&auth=register&next=%2Forganiser%2F%3Fonboard%3Dclaim"
cipreastanglia@gmail.com,"Chartered Institute of Public Relations - East Anglia","","https://www.thenetworkerhub.com/for-organisers?email=cipreastanglia%40gmail.com&intent=organiser-claim&auth=register&next=%2Forganiser%2F%3Fonboard%3Dclaim"
cipr.glg@gmail.com,"Chartered Institute of Public Relations - Greater London","","https://www.thenetworkerhub.com/for-organisers?email=cipr.glg%40gmail.com&intent=organiser-claim&auth=register&next=%2Forganiser%2F%3Fonboard%3Dclaim"
midlands@cipr.co.uk,"Chartered Institute of Public Relations - Midlands","","https://www.thenetworkerhub.com/for-organisers?email=midlands%40cipr.co.uk&intent=organiser-claim&auth=register&next=%2Forganiser%2F%3Fonboard%3Dclaim"
ciprscotland@gmail.com,"Chartered Institute of Public Relations - Scotland","","https://www.thenetworkerhub.com/for-organisers?email=ciprscotland%40gmail.com&intent=organiser-claim&auth=register&next=%2Forganiser%2F%3Fonboard%3Dclaim"
wessex@cipr.co.uk,"Chartered Institute of Public Relations - Wessex","","https://www.thenetworkerhub.com/for-organisers?email=wessex%40cipr.co.uk&intent=organiser-claim&auth=register&next=%2Forganiser%2F%3Fonboard%3Dclaim"
paul.beck@appliedls.co.uk,"Chiltern Business Connections","","https://www.thenetworkerhub.com/for-organisers?email=paul.beck%40appliedls.co.uk&intent=organiser-claim&auth=register&next=%2Forganiser%2F%3Fonboard%3Dclaim"
tracey.young@ciltuk.org.uk,"CILT (Chartered Institute of Logistics and Transport)","","https://www.thenetworkerhub.com/for-organisers?email=tracey.young%40ciltuk.org.uk&intent=organiser-claim&auth=register&next=%2Forganiser%2F%3Fonboard%3Dclaim"
press@cips.org,"CIPS (Chartered Institute of Procurement & Supply)","","https://www.thenetworkerhub.com/for-organisers?email=press%40cips.org&intent=organiser-claim&auth=register&next=%2Forganiser%2F%3Fonboard%3Dclaim"
bedsandherts@cipsbranch.org,"CIPS (Chartered Institute of Procurement & Supply) - Bedfordshire & Hertfordshire","","https://www.thenetworkerhub.com/for-organisers?email=bedsandherts%40cipsbranch.org&intent=organiser-claim&auth=register&next=%2Forganiser%2F%3Fonboard%3Dclaim"
birmingham@cipsbranch.org,"CIPS (Chartered Institute of Procurement & Supply) - Birmingham & Coventry","","https://www.thenetworkerhub.com/for-organisers?email=birmingham%40cipsbranch.org&intent=organiser-claim&auth=register&next=%2Forganiser%2F%3Fonboard%3Dclaim"
london@cipsbranch.org,"CIPS (Chartered Institute of Procurement & Supply) - Central London","","https://www.thenetworkerhub.com/for-organisers?email=london%40cipsbranch.org&intent=organiser-claim&auth=register&next=%2Forganiser%2F%3Fonboard%3Dclaim"
derbyshire@cipsbranch.org,"CIPS (Chartered Institute of Procurement & Supply) - Derby & East Midlands","","https://www.thenetworkerhub.com/for-organisers?email=derbyshire%40cipsbranch.org&intent=organiser-claim&auth=register&next=%2Forganiser%2F%3Fonboard%3Dclaim"
dandc@cipsbranch.org,"CIPS (Chartered Institute of Procurement & Supply) - Devon & Cornwall","","https://www.thenetworkerhub.com/for-organisers?email=dandc%40cipsbranch.org&intent=organiser-claim&auth=register&next=%2Forganiser%2F%3Fonboard%3Dclaim"
east.anglia@cipsbranch.org,"CIPS (Chartered Institute of Procurement & Supply) - East Anglia","","https://www.thenetworkerhub.com/for-organisers?email=east.anglia%40cipsbranch.org&intent=organiser-claim&auth=register&next=%2Forganiser%2F%3Fonboard%3Dclaim"
eastofscot@cipsbranch.org,"CIPS (Chartered Institute of Procurement & Supply) - East of Scotland","","https://www.thenetworkerhub.com/for-organisers?email=eastofscot%40cipsbranch.org&intent=organiser-claim&auth=register&next=%2Forganiser%2F%3Fonboard%3Dclaim"
essex@cipsbranch.org,"CIPS (Chartered Institute of Procurement & Supply) - Essex","","https://www.thenetworkerhub.com/for-organisers?email=essex%40cipsbranch.org&intent=organiser-claim&auth=register&next=%2Forganiser%2F%3Fonboard%3Dclaim"
gloucester@cipsbranch.org,"CIPS (Chartered Institute of Procurement & Supply) - Gloucester","","https://www.thenetworkerhub.com/for-organisers?email=gloucester%40cipsbranch.org&intent=organiser-claim&auth=register&next=%2Forganiser%2F%3Fonboard%3Dclaim"
harrow@cipsbranch.org,"CIPS (Chartered Institute of Procurement & Supply) - Harrow","","https://www.thenetworkerhub.com/for-organisers?email=harrow%40cipsbranch.org&intent=organiser-claim&auth=register&next=%2Forganiser%2F%3Fonboard%3Dclaim"
handw@cipsbranch.org,"CIPS (Chartered Institute of Procurement & Supply) - Herefordshire & Worcestershire","","https://www.thenetworkerhub.com/for-organisers?email=handw%40cipsbranch.org&intent=organiser-claim&auth=register&next=%2Forganiser%2F%3Fonboard%3Dclaim"
humber@cipsbranch.org,"CIPS (Chartered Institute of Procurement & Supply) - Humber","","https://www.thenetworkerhub.com/for-organisers?email=humber%40cipsbranch.org&intent=organiser-claim&auth=register&next=%2Forganiser%2F%3Fonboard%3Dclaim"
kent@cipsbranch.org,"CIPS (Chartered Institute of Procurement & Supply) - Kent","","https://www.thenetworkerhub.com/for-organisers?email=kent%40cipsbranch.org&intent=organiser-claim&auth=register&next=%2Forganiser%2F%3Fonboard%3Dclaim"
manchester@cipsbranch.org,"CIPS (Chartered Institute of Procurement & Supply) - Manchester","","https://www.thenetworkerhub.com/for-organisers?email=manchester%40cipsbranch.org&intent=organiser-claim&auth=register&next=%2Forganiser%2F%3Fonboard%3Dclaim"
merseyside@cipsbranch.org,"CIPS (Chartered Institute of Procurement & Supply) - Merseyside","","https://www.thenetworkerhub.com/for-organisers?email=merseyside%40cipsbranch.org&intent=organiser-claim&auth=register&next=%2Forganiser%2F%3Fonboard%3Dclaim"
northlancs@cipsbranch.org,"CIPS (Chartered Institute of Procurement & Supply) - North Lancashire","","https://www.thenetworkerhub.com/for-organisers?email=northlancs%40cipsbranch.org&intent=organiser-claim&auth=register&next=%2Forganiser%2F%3Fonboard%3Dclaim"
northofscotland@cipsbranch.org,"CIPS (Chartered Institute of Procurement & Supply) - North of Scotland","","https://www.thenetworkerhub.com/for-organisers?email=northofscotland%40cipsbranch.org&intent=organiser-claim&auth=register&next=%2Forganiser%2F%3Fonboard%3Dclaim"
northumbria@cipsbranch.org,"CIPS (Chartered Institute of Procurement & Supply) - Northumbria","","https://www.thenetworkerhub.com/for-organisers?email=northumbria%40cipsbranch.org&intent=organiser-claim&auth=register&next=%2Forganiser%2F%3Fonboard%3Dclaim"
pandc@cipsbranch.org,"CIPS (Chartered Institute of Procurement & Supply) - Peterborough & Cambridge","","https://www.thenetworkerhub.com/for-organisers?email=pandc%40cipsbranch.org&intent=organiser-claim&auth=register&next=%2Forganiser%2F%3Fonboard%3Dclaim"
southlakes@cipsbranch.org,"CIPS (Chartered Institute of Procurement & Supply) - South Lakes","","https://www.thenetworkerhub.com/for-organisers?email=southlakes%40cipsbranch.org&intent=organiser-claim&auth=register&next=%2Forganiser%2F%3Fonboard%3Dclaim"
southlondon@cipsbranch.org,"CIPS (Chartered Institute of Procurement & Supply) - South London","","https://www.thenetworkerhub.com/for-organisers?email=southlondon%40cipsbranch.org&intent=organiser-claim&auth=register&next=%2Forganiser%2F%3Fonboard%3Dclaim"
southofengland@cipsbranch.org,"CIPS (Chartered Institute of Procurement & Supply) - South of England","","https://www.thenetworkerhub.com/for-organisers?email=southofengland%40cipsbranch.org&intent=organiser-claim&auth=register&next=%2Forganiser%2F%3Fonboard%3Dclaim"
south.wales@cipsbranch.org,"CIPS (Chartered Institute of Procurement & Supply) - South Wales","","https://www.thenetworkerhub.com/for-organisers?email=south.wales%40cipsbranch.org&intent=organiser-claim&auth=register&next=%2Forganiser%2F%3Fonboard%3Dclaim"
southyorkshire@cipsbranch.org,"CIPS (Chartered Institute of Procurement & Supply) - South Yorkshire","","https://www.thenetworkerhub.com/for-organisers?email=southyorkshire%40cipsbranch.org&intent=organiser-claim&auth=register&next=%2Forganiser%2F%3Fonboard%3Dclaim"
surrey@cipsbranch.org,"CIPS (Chartered Institute of Procurement & Supply) - Surrey & Sussex","","https://www.thenetworkerhub.com/for-organisers?email=surrey%40cipsbranch.org&intent=organiser-claim&auth=register&next=%2Forganiser%2F%3Fonboard%3Dclaim"
thames.valley@cipsbranch.org,"CIPS (Chartered Institute of Procurement & Supply) - Thames Valley","","https://www.thenetworkerhub.com/for-organisers?email=thames.valley%40cipsbranch.org&intent=organiser-claim&auth=register&next=%2Forganiser%2F%3Fonboard%3Dclaim"
westofengland@cipsbranch.org,"CIPS (Chartered Institute of Procurement & Supply) - West of England","","https://www.thenetworkerhub.com/for-organisers?email=westofengland%40cipsbranch.org&intent=organiser-claim&auth=register&next=%2Forganiser%2F%3Fonboard%3Dclaim"
westofscot@cipsbranch.org,"CIPS (Chartered Institute of Procurement & Supply) - West of Scotland","","https://www.thenetworkerhub.com/for-organisers?email=westofscot%40cipsbranch.org&intent=organiser-claim&auth=register&next=%2Forganiser%2F%3Fonboard%3Dclaim"
west.wales@cipsbranch.org,"CIPS (Chartered Institute of Procurement & Supply) - West Wales","","https://www.thenetworkerhub.com/for-organisers?email=west.wales%40cipsbranch.org&intent=organiser-claim&auth=register&next=%2Forganiser%2F%3Fonboard%3Dclaim"
yorkshire@cipsbranch.org,"CIPS (Chartered Institute of Procurement & Supply) - Yorkshire","","https://www.thenetworkerhub.com/for-organisers?email=yorkshire%40cipsbranch.org&intent=organiser-claim&auth=register&next=%2Forganiser%2F%3Fonboard%3Dclaim"
chesandnorthwales@cipsbranch.org,"CIPS (Chartered Institute of Procurement & Supply) -Cheshire & North Wales","","https://www.thenetworkerhub.com/for-organisers?email=chesandnorthwales%40cipsbranch.org&intent=organiser-claim&auth=register&next=%2Forganiser%2F%3Fonboard%3Dclaim"
northernireland@cipsbranch.org,"CIPS (Chartered Institute of Procurement & Supply) -Northern Ireland","","https://www.thenetworkerhub.com/for-organisers?email=northernireland%40cipsbranch.org&intent=organiser-claim&auth=register&next=%2Forganiser%2F%3Fonboard%3Dclaim"
jamie@circlenetworks.co.uk,"Circle Networks","","https://www.thenetworkerhub.com/for-organisers?email=jamie%40circlenetworks.co.uk&intent=organiser-claim&auth=register&next=%2Forganiser%2F%3Fonboard%3Dclaim"
team@cityladiesnetworking.com,"City Ladies Networking","","https://www.thenetworkerhub.com/for-organisers?email=team%40cityladiesnetworking.com&intent=organiser-claim&auth=register&next=%2Forganiser%2F%3Fonboard%3Dclaim"
info@newportbusinessclub.co.uk,"City of Newport Business Club","","https://www.thenetworkerhub.com/for-organisers?email=info%40newportbusinessclub.co.uk&intent=organiser-claim&auth=register&next=%2Forganiser%2F%3Fonboard%3Dclaim"
info@cityprofessionalsnetwork.co.uk,"City Professionals Networking (CPN)","","https://www.thenetworkerhub.com/for-organisers?email=info%40cityprofessionalsnetwork.co.uk&intent=organiser-claim&auth=register&next=%2Forganiser%2F%3Fonboard%3Dclaim"
admin@citywomen.org,"City Women Network (CWN)","","https://www.thenetworkerhub.com/for-organisers?email=admin%40citywomen.org&intent=organiser-claim&auth=register&next=%2Forganiser%2F%3Fonboard%3Dclaim"
jim@nustrategy.co.uk,"Club FIVE55","","https://www.thenetworkerhub.com/for-organisers?email=jim%40nustrategy.co.uk&intent=organiser-claim&auth=register&next=%2Forganiser%2F%3Fonboard%3Dclaim"
connect@clubsynergy.co.uk,"Club Synergy","","https://www.thenetworkerhub.com/for-organisers?email=connect%40clubsynergy.co.uk&intent=organiser-claim&auth=register&next=%2Forganiser%2F%3Fonboard%3Dclaim"
commercial@swfc.co.uk,"Club Wednesday Sheffield Weds FC","","https://www.thenetworkerhub.com/for-organisers?email=commercial%40swfc.co.uk&intent=organiser-claim&auth=register&next=%2Forganiser%2F%3Fonboard%3Dclaim"
coastalmeetings@gmail.com,"CoastalNet","","https://www.thenetworkerhub.com/for-organisers?email=coastalmeetings%40gmail.com&intent=organiser-claim&auth=register&next=%2Forganiser%2F%3Fonboard%3Dclaim"
info@thecobraclub.co.uk,"Cobra Club","","https://www.thenetworkerhub.com/for-organisers?email=info%40thecobraclub.co.uk&intent=organiser-claim&auth=register&next=%2Forganiser%2F%3Fonboard%3Dclaim"
hello@cwscreatives.com,"Coffee Work Sleep (CWS)","","https://www.thenetworkerhub.com/for-organisers?email=hello%40cwscreatives.com&intent=organiser-claim&auth=register&next=%2Forganiser%2F%3Fonboard%3Dclaim"
info@communitycolab.co.uk,"CoLab","","https://www.thenetworkerhub.com/for-organisers?email=info%40communitycolab.co.uk&intent=organiser-claim&auth=register&next=%2Forganiser%2F%3Fonboard%3Dclaim"
info@colemantrainingdevelopment.com,"Coleman Training Development","","https://www.thenetworkerhub.com/for-organisers?email=info%40colemantrainingdevelopment.com&intent=organiser-claim&auth=register&next=%2Forganiser%2F%3Fonboard%3Dclaim"
tim@collaboratemk.co.uk,"Collaborate MK","","https://www.thenetworkerhub.com/for-organisers?email=tim%40collaboratemk.co.uk&intent=organiser-claim&auth=register&next=%2Forganiser%2F%3Fonboard%3Dclaim"
gill@collaborationglobal.org,"Collaboration Global","","https://www.thenetworkerhub.com/for-organisers?email=gill%40collaborationglobal.org&intent=organiser-claim&auth=register&next=%2Forganiser%2F%3Fonboard%3Dclaim"
help@colleaguesontap.com,"Colleagues on tap","","https://www.thenetworkerhub.com/for-organisers?email=help%40colleaguesontap.com&intent=organiser-claim&auth=register&next=%2Forganiser%2F%3Fonboard%3Dclaim"
kirsty@kirstyjames.co.uk,"Colony Networking","","https://www.thenetworkerhub.com/for-organisers?email=kirsty%40kirstyjames.co.uk&intent=organiser-claim&auth=register&next=%2Forganiser%2F%3Fonboard%3Dclaim"
info@communityfirstyorkshire.org.uk,"Community First Yorkshire – Network Events","","https://www.thenetworkerhub.com/for-organisers?email=info%40communityfirstyorkshire.org.uk&intent=organiser-claim&auth=register&next=%2Forganiser%2F%3Fonboard%3Dclaim"
simon@thechw.co.uk,"Connect & Collaborate (Telford)","","https://www.thenetworkerhub.com/for-organisers?email=simon%40thechw.co.uk&intent=organiser-claim&auth=register&next=%2Forganiser%2F%3Fonboard%3Dclaim"
info@biskit.co.uk,"Connect over a cuppa","","https://www.thenetworkerhub.com/for-organisers?email=info%40biskit.co.uk&intent=organiser-claim&auth=register&next=%2Forganiser%2F%3Fonboard%3Dclaim"
paul@connectsurrey.com,"Connect Surrey","","https://www.thenetworkerhub.com/for-organisers?email=paul%40connectsurrey.com&intent=organiser-claim&auth=register&next=%2Forganiser%2F%3Fonboard%3Dclaim"
corinnanicol@gmail.com,"Connect Women in Biz","","https://www.thenetworkerhub.com/for-organisers?email=corinnanicol%40gmail.com&intent=organiser-claim&auth=register&next=%2Forganiser%2F%3Fonboard%3Dclaim"
info@connectyorkshire.org,"Connect Yorkshire","","https://www.thenetworkerhub.com/for-organisers?email=info%40connectyorkshire.org&intent=organiser-claim&auth=register&next=%2Forganiser%2F%3Fonboard%3Dclaim"
admin@kingstreetstudios.co.uk,"Connects Network (Staffordshire)","","https://www.thenetworkerhub.com/for-organisers?email=admin%40kingstreetstudios.co.uk&intent=organiser-claim&auth=register&next=%2Forganiser%2F%3Fonboard%3Dclaim"
network@cornerstone-northants.org,"Cornerstone","","https://www.thenetworkerhub.com/for-organisers?email=network%40cornerstone-northants.org&intent=organiser-claim&auth=register&next=%2Forganiser%2F%3Fonboard%3Dclaim"
info.costa@btconnect.com,"Costa Rural Support Network","","https://www.thenetworkerhub.com/for-organisers?email=info.costa%40btconnect.com&intent=organiser-claim&auth=register&next=%2Forganiser%2F%3Fonboard%3Dclaim"
info@cotswoldnetworking.co.uk,"Cotswold Networking Bath","","https://www.thenetworkerhub.com/for-organisers?email=info%40cotswoldnetworking.co.uk&intent=organiser-claim&auth=register&next=%2Forganiser%2F%3Fonboard%3Dclaim"
sam.thomas@countybusinessclubs.co.uk,"County Business Clubs","","https://www.thenetworkerhub.com/for-organisers?email=sam.thomas%40countybusinessclubs.co.uk&intent=organiser-claim&auth=register&next=%2Forganiser%2F%3Fonboard%3Dclaim"
info@coworkwhitby.co.uk,"Cowork Whitby Monthly Socials","","https://www.thenetworkerhub.com/for-organisers?email=info%40coworkwhitby.co.uk&intent=organiser-claim&auth=register&next=%2Forganiser%2F%3Fonboard%3Dclaim"
hello@creativecontent.company,"Creative Content Company","","https://www.thenetworkerhub.com/for-organisers?email=hello%40creativecontent.company&intent=organiser-claim&auth=register&next=%2Forganiser%2F%3Fonboard%3Dclaim"
paul@kehorne.co.uk,"Cross Reference Networking","","https://www.thenetworkerhub.com/for-organisers?email=paul%40kehorne.co.uk&intent=organiser-claim&auth=register&next=%2Forganiser%2F%3Fonboard%3Dclaim"
craig@crseditorial.co.uk,"CRS Editorial Leeds Netwalk","","https://www.thenetworkerhub.com/for-organisers?email=craig%40crseditorial.co.uk&intent=organiser-claim&auth=register&next=%2Forganiser%2F%3Fonboard%3Dclaim"
claire.muir3@nhs.net,"Cumbria Social Enterprise Partnership","","https://www.thenetworkerhub.com/for-organisers?email=claire.muir3%40nhs.net&intent=organiser-claim&auth=register&next=%2Forganiser%2F%3Fonboard%3Dclaim"
shwmae@cynnalcymru.com,"Cynnal Cymru","","https://www.thenetworkerhub.com/for-organisers?email=shwmae%40cynnalcymru.com&intent=organiser-claim&auth=register&next=%2Forganiser%2F%3Fonboard%3Dclaim"
hello@dalesbusinesswomen.co.uk,"Dales Business Women","","https://www.thenetworkerhub.com/for-organisers?email=hello%40dalesbusinesswomen.co.uk&intent=organiser-claim&auth=register&next=%2Forganiser%2F%3Fonboard%3Dclaim"
jayson.gurney@darlingtonbusinessclub.co.uk,"Darlington Business Club ltd","","https://www.thenetworkerhub.com/for-organisers?email=jayson.gurney%40darlingtonbusinessclub.co.uk&intent=organiser-claim&auth=register&next=%2Forganiser%2F%3Fonboard%3Dclaim"
contact@dealsourcingnetwork.co.uk,"Deal Sourcing Network","","https://www.thenetworkerhub.com/for-organisers?email=contact%40dealsourcingnetwork.co.uk&intent=organiser-claim&auth=register&next=%2Forganiser%2F%3Fonboard%3Dclaim"
contact@smallbusinessnetwork.ltd,"Denbighshire Small Business Network","","https://www.thenetworkerhub.com/for-organisers?email=contact%40smallbusinessnetwork.ltd&intent=organiser-claim&auth=register&next=%2Forganiser%2F%3Fonboard%3Dclaim"
jimmy.drew@derbyshireccc.com,"Derbyshire Cricket Club 1870 Business Club","","https://www.thenetworkerhub.com/for-organisers?email=jimmy.drew%40derbyshireccc.com&intent=organiser-claim&auth=register&next=%2Forganiser%2F%3Fonboard%3Dclaim"
enquiries@designnetworknorth.org,"Design Network North","","https://www.thenetworkerhub.com/for-organisers?email=enquiries%40designnetworknorth.org&intent=organiser-claim&auth=register&next=%2Forganiser%2F%3Fonboard%3Dclaim"
vickie@developher.co.uk,"DevelopHER","","https://www.thenetworkerhub.com/for-organisers?email=vickie%40developher.co.uk&intent=organiser-claim&auth=register&next=%2Forganiser%2F%3Fonboard%3Dclaim"
devonwomeninbusiness@gmail.com,"Devon Women in Business","","https://www.thenetworkerhub.com/for-organisers?email=devonwomeninbusiness%40gmail.com&intent=organiser-claim&auth=register&next=%2Forganiser%2F%3Fonboard%3Dclaim"
info@directorgolf.com,"Director Golf","","https://www.thenetworkerhub.com/for-organisers?email=info%40directorgolf.com&intent=organiser-claim&auth=register&next=%2Forganiser%2F%3Fonboard%3Dclaim"
connect@dobusinessnetwork.com,"Do Business Network","","https://www.thenetworkerhub.com/for-organisers?email=connect%40dobusinessnetwork.com&intent=organiser-claim&auth=register&next=%2Forganiser%2F%3Fonboard%3Dclaim"
info@down2business.org,"Down2Business Plymouth","","https://www.thenetworkerhub.com/for-organisers?email=info%40down2business.org&intent=organiser-claim&auth=register&next=%2Forganiser%2F%3Fonboard%3Dclaim"
info@dragonsofnewport.com,"Dragons of Newport","","https://www.thenetworkerhub.com/for-organisers?email=info%40dragonsofnewport.com&intent=organiser-claim&auth=register&next=%2Forganiser%2F%3Fonboard%3Dclaim"
info@driffield-business.co.uk,"Driffield Business Club","","https://www.thenetworkerhub.com/for-organisers?email=info%40driffield-business.co.uk&intent=organiser-claim&auth=register&next=%2Forganiser%2F%3Fonboard%3Dclaim"
alison@durhambusinessclub.co.uk,"Durham Business Group","","https://www.thenetworkerhub.com/for-organisers?email=alison%40durhambusinessclub.co.uk&intent=organiser-claim&auth=register&next=%2Forganiser%2F%3Fonboard%3Dclaim"
e2e-guest-visit-host@example.com,"E2E Guest Visit Host","","https://www.thenetworkerhub.com/for-organisers?email=e2e-guest-visit-host%40example.com&intent=organiser-claim&auth=register&next=%2Forganiser%2F%3Fonboard%3Dclaim"
admin@eagb.co.uk,"EAGB  (Executive Association of Great Britain)","","https://www.thenetworkerhub.com/for-organisers?email=admin%40eagb.co.uk&intent=organiser-claim&auth=register&next=%2Forganiser%2F%3Fonboard%3Dclaim"
hello@eastmeetswestclub.com,"East Meets West Club","","https://www.thenetworkerhub.com/for-organisers?email=hello%40eastmeetswestclub.com&intent=organiser-claim&auth=register&next=%2Forganiser%2F%3Fonboard%3Dclaim"
dave.clements@grafterssupergroups.co.uk,"Edgbaston Grafters Super Group","","https://www.thenetworkerhub.com/for-organisers?email=dave.clements%40grafterssupergroups.co.uk&intent=organiser-claim&auth=register&next=%2Forganiser%2F%3Fonboard%3Dclaim"
advicenetwork@capitalcitypartnership.org,"Edinburgh Advice Network","","https://www.thenetworkerhub.com/for-organisers?email=advicenetwork%40capitalcitypartnership.org&intent=organiser-claim&auth=register&next=%2Forganiser%2F%3Fonboard%3Dclaim"
info@edinburghbusinesswomensclub.co.uk,"Edinburgh Businesswoman’s Club","","https://www.thenetworkerhub.com/for-organisers?email=info%40edinburghbusinesswomensclub.co.uk&intent=organiser-claim&auth=register&next=%2Forganiser%2F%3Fonboard%3Dclaim"
colin@edinburghconnections.co.uk,"Edinburgh Connections","","https://www.thenetworkerhub.com/for-organisers?email=colin%40edinburghconnections.co.uk&intent=organiser-claim&auth=register&next=%2Forganiser%2F%3Fonboard%3Dclaim"
gill.wood@edinburghrugby.org,"Edinburgh Rugby Business Club","","https://www.thenetworkerhub.com/for-organisers?email=gill.wood%40edinburghrugby.org&intent=organiser-claim&auth=register&next=%2Forganiser%2F%3Fonboard%3Dclaim"
enquiries@edward-harte.co.uk,"Edward Harte Solicitors","","https://www.thenetworkerhub.com/for-organisers?email=enquiries%40edward-harte.co.uk&intent=organiser-claim&auth=register&next=%2Forganiser%2F%3Fonboard%3Dclaim"
eelassociation@gmail.com,"EEL","","https://www.thenetworkerhub.com/for-organisers?email=eelassociation%40gmail.com&intent=organiser-claim&auth=register&next=%2Forganiser%2F%3Fonboard%3Dclaim"
info@egba.co.uk,"EGBA (East Grinstead Business Association)","","https://www.thenetworkerhub.com/for-organisers?email=info%40egba.co.uk&intent=organiser-claim&auth=register&next=%2Forganiser%2F%3Fonboard%3Dclaim"
domestic@ekems.co.uk,"EKEMS","","https://www.thenetworkerhub.com/for-organisers?email=domestic%40ekems.co.uk&intent=organiser-claim&auth=register&next=%2Forganiser%2F%3Fonboard%3Dclaim"
hello@elevatingbusiness.co.uk,"Elevating Business","","https://www.thenetworkerhub.com/for-organisers?email=hello%40elevatingbusiness.co.uk&intent=organiser-claim&auth=register&next=%2Forganiser%2F%3Fonboard%3Dclaim"
info@eligaconsultancy.com,"Eliga Consultancy","","https://www.thenetworkerhub.com/for-organisers?email=info%40eligaconsultancy.com&intent=organiser-claim&auth=register&next=%2Forganiser%2F%3Fonboard%3Dclaim"
support@elitebusinessacademy.co.uk,"Elite Business Academy","","https://www.thenetworkerhub.com/for-organisers?email=support%40elitebusinessacademy.co.uk&intent=organiser-claim&auth=register&next=%2Forganiser%2F%3Fonboard%3Dclaim"
enquiries@elpamsolicitors.co.uk,"ELP Arbuthnott McClanachan","","https://www.thenetworkerhub.com/for-organisers?email=enquiries%40elpamsolicitors.co.uk&intent=organiser-claim&auth=register&next=%2Forganiser%2F%3Fonboard%3Dclaim"
help@elsbyandco.co.uk,"Elsby and Co","","https://www.thenetworkerhub.com/for-organisers?email=help%40elsbyandco.co.uk&intent=organiser-claim&auth=register&next=%2Forganiser%2F%3Fonboard%3Dclaim"
leigh@leighkadooka.com,"Empower Biz Network","","https://www.thenetworkerhub.com/for-organisers?email=leigh%40leighkadooka.com&intent=organiser-claim&auth=register&next=%2Forganiser%2F%3Fonboard%3Dclaim"
info@executivenetworkgroup.co.uk,"ENG (Executive Network Group)","","https://www.thenetworkerhub.com/for-organisers?email=info%40executivenetworkgroup.co.uk&intent=organiser-claim&auth=register&next=%2Forganiser%2F%3Fonboard%3Dclaim"
media@enterprisenation.com,"Enterprise Nation","","https://www.thenetworkerhub.com/for-organisers?email=media%40enterprisenation.com&intent=organiser-claim&auth=register&next=%2Forganiser%2F%3Fonboard%3Dclaim"
enterprise-works@york.ac.uk,"Enterprise Works","","https://www.thenetworkerhub.com/for-organisers?email=enterprise-works%40york.ac.uk&intent=organiser-claim&auth=register&next=%2Forganiser%2F%3Fonboard%3Dclaim"
support@entrepreneurscircle.org,"Entrepreneurs Circle","","https://www.thenetworkerhub.com/for-organisers?email=support%40entrepreneurscircle.org&intent=organiser-claim&auth=register&next=%2Forganiser%2F%3Fonboard%3Dclaim"
info@entrepreneursforum.net,"Entrepreneurs Forum","","https://www.thenetworkerhub.com/for-organisers?email=info%40entrepreneursforum.net&intent=organiser-claim&auth=register&next=%2Forganiser%2F%3Fonboard%3Dclaim"
kmorza@envoyconsultingltd.uk,"Envoy Consulting Ltd","","https://www.thenetworkerhub.com/for-organisers?email=kmorza%40envoyconsultingltd.uk&intent=organiser-claim&auth=register&next=%2Forganiser%2F%3Fonboard%3Dclaim"
info@eoacc.com,"EOACC Ltd","","https://www.thenetworkerhub.com/for-organisers?email=info%40eoacc.com&intent=organiser-claim&auth=register&next=%2Forganiser%2F%3Fonboard%3Dclaim"
sales@esgnetwork.co.uk,"ESG Network","","https://www.thenetworkerhub.com/for-organisers?email=sales%40esgnetwork.co.uk&intent=organiser-claim&auth=register&next=%2Forganiser%2F%3Fonboard%3Dclaim"
info@essexbusinessforum.com,"Essex Business Forum","","https://www.thenetworkerhub.com/for-organisers?email=info%40essexbusinessforum.com&intent=organiser-claim&auth=register&next=%2Forganiser%2F%3Fonboard%3Dclaim"
info@essexbusinesspartnerships.org.uk,"Essex Business Partnerships","","https://www.thenetworkerhub.com/for-organisers?email=info%40essexbusinesspartnerships.org.uk&intent=organiser-claim&auth=register&next=%2Forganiser%2F%3Fonboard%3Dclaim"
boundary.club@essexcricket.org.uk,"Essex Cricket Business Club","","https://www.thenetworkerhub.com/for-organisers?email=boundary.club%40essexcricket.org.uk&intent=organiser-claim&auth=register&next=%2Forganiser%2F%3Fonboard%3Dclaim"
jennie@eventraptor.com,"EventRaptor","","https://www.thenetworkerhub.com/for-organisers?email=jennie%40eventraptor.com&intent=organiser-claim&auth=register&next=%2Forganiser%2F%3Fonboard%3Dclaim"
francesca@everywoman.com,"Every Woman","","https://www.thenetworkerhub.com/for-organisers?email=francesca%40everywoman.com&intent=organiser-claim&auth=register&next=%2Forganiser%2F%3Fonboard%3Dclaim"
everyoneeveryday@corra.scot,"Everyone","","https://www.thenetworkerhub.com/for-organisers?email=everyoneeveryday%40corra.scot&intent=organiser-claim&auth=register&next=%2Forganiser%2F%3Fonboard%3Dclaim"
stephen@motivationmatters.co.uk,"Expert Circles Global","","https://www.thenetworkerhub.com/for-organisers?email=stephen%40motivationmatters.co.uk&intent=organiser-claim&auth=register&next=%2Forganiser%2F%3Fonboard%3Dclaim"
business.support@eastriding.gov.uk,"EYRC Events","","https://www.thenetworkerhub.com/for-organisers?email=business.support%40eastriding.gov.uk&intent=organiser-claim&auth=register&next=%2Forganiser%2F%3Fonboard%3Dclaim"
mandy@mybeautifulpen.uk,"Fab Networking","","https://www.thenetworkerhub.com/for-organisers?email=mandy%40mybeautifulpen.uk&intent=organiser-claim&auth=register&next=%2Forganiser%2F%3Fonboard%3Dclaim"
jenny@aspireaccounts.com,"Fab Networking Group Atherton (Friends & Business)","","https://www.thenetworkerhub.com/for-organisers?email=jenny%40aspireaccounts.com&intent=organiser-claim&auth=register&next=%2Forganiser%2F%3Fonboard%3Dclaim"
glenda@fabulousnetworking.co.uk,"Fabulous Networking","","https://www.thenetworkerhub.com/for-organisers?email=glenda%40fabulousnetworking.co.uk&intent=organiser-claim&auth=register&next=%2Forganiser%2F%3Fonboard%3Dclaim"
hello@face2facemaidenhead.co.uk,"Face2Face Maidenhead Business Networking","","https://www.thenetworkerhub.com/for-organisers?email=hello%40face2facemaidenhead.co.uk&intent=organiser-claim&auth=register&next=%2Forganiser%2F%3Fonboard%3Dclaim"
info@fec-renewables.co.uk,"FEC Renewables Ltd","","https://www.thenetworkerhub.com/for-organisers?email=info%40fec-renewables.co.uk&intent=organiser-claim&auth=register&next=%2Forganiser%2F%3Fonboard%3Dclaim"
janine@femalebusinessnetwork.co.uk,"Female Business Network","","https://www.thenetworkerhub.com/for-organisers?email=janine%40femalebusinessnetwork.co.uk&intent=organiser-claim&auth=register&next=%2Forganiser%2F%3Fonboard%3Dclaim"
info@fignorwich.org,"Fig Norwich (Financial Industry Group)","","https://www.thenetworkerhub.com/for-organisers?email=info%40fignorwich.org&intent=organiser-claim&auth=register&next=%2Forganiser%2F%3Fonboard%3Dclaim"
emma@fireflyhub.uk,"Firefly Hub","","https://www.thenetworkerhub.com/for-organisers?email=emma%40fireflyhub.uk&intent=organiser-claim&auth=register&next=%2Forganiser%2F%3Fonboard%3Dclaim"
info@thefocuscollection.co.uk,"Focus Business Club","","https://www.thenetworkerhub.com/for-organisers?email=info%40thefocuscollection.co.uk&intent=organiser-claim&auth=register&next=%2Forganiser%2F%3Fonboard%3Dclaim"
sean@fore-business.com,"Fore Business","","https://www.thenetworkerhub.com/for-organisers?email=sean%40fore-business.com&intent=organiser-claim&auth=register&next=%2Forganiser%2F%3Fonboard%3Dclaim"
stevenjinnes@hbhy.co.uk,"Fore Business - Aberdeen","","https://www.thenetworkerhub.com/for-organisers?email=stevenjinnes%40hbhy.co.uk&intent=organiser-claim&auth=register&next=%2Forganiser%2F%3Fonboard%3Dclaim"
ed@edboakesdriving.co.uk,"Fore Business - Aylesbury","","https://www.thenetworkerhub.com/for-organisers?email=ed%40edboakesdriving.co.uk&intent=organiser-claim&auth=register&next=%2Forganiser%2F%3Fonboard%3Dclaim"
philip@hysons.co.uk,"Fore Business - Basingstoke & Newbury","","https://www.thenetworkerhub.com/for-organisers?email=philip%40hysons.co.uk&intent=organiser-claim&auth=register&next=%2Forganiser%2F%3Fonboard%3Dclaim"
peter.warr2@battbroadbent.co.uk,"Fore Business - Bath","","https://www.thenetworkerhub.com/for-organisers?email=peter.warr2%40battbroadbent.co.uk&intent=organiser-claim&auth=register&next=%2Forganiser%2F%3Fonboard%3Dclaim"
sam.beesley@sjpp.co.uk,"Fore Business - Bedford","","https://www.thenetworkerhub.com/for-organisers?email=sam.beesley%40sjpp.co.uk&intent=organiser-claim&auth=register&next=%2Forganiser%2F%3Fonboard%3Dclaim"
robin@rcla.co.uk,"Fore Business - Benfleet (South Essex)","","https://www.thenetworkerhub.com/for-organisers?email=robin%40rcla.co.uk&intent=organiser-claim&auth=register&next=%2Forganiser%2F%3Fonboard%3Dclaim"
paul@printdesignteam.co.uk,"Fore Business - Birmingham","","https://www.thenetworkerhub.com/for-organisers?email=paul%40printdesignteam.co.uk&intent=organiser-claim&auth=register&next=%2Forganiser%2F%3Fonboard%3Dclaim"
rob@businessgrowth-strategies.com,"Fore Business - Bournemouth","","https://www.thenetworkerhub.com/for-organisers?email=rob%40businessgrowth-strategies.com&intent=organiser-claim&auth=register&next=%2Forganiser%2F%3Fonboard%3Dclaim"
ben@buzzbd.co.uk,"Fore Business - Bradford","","https://www.thenetworkerhub.com/for-organisers?email=ben%40buzzbd.co.uk&intent=organiser-claim&auth=register&next=%2Forganiser%2F%3Fonboard%3Dclaim"
james@scurfieldandassociates.co.uk,"Fore Business - Brentwood","","https://www.thenetworkerhub.com/for-organisers?email=james%40scurfieldandassociates.co.uk&intent=organiser-claim&auth=register&next=%2Forganiser%2F%3Fonboard%3Dclaim"
richard@nexcen.co.uk,"Fore Business - Bristol","","https://www.thenetworkerhub.com/for-organisers?email=richard%40nexcen.co.uk&intent=organiser-claim&auth=register&next=%2Forganiser%2F%3Fonboard%3Dclaim"
iain@weirassociates.co.uk,"Fore Business - Cambridge","","https://www.thenetworkerhub.com/for-organisers?email=iain%40weirassociates.co.uk&intent=organiser-claim&auth=register&next=%2Forganiser%2F%3Fonboard%3Dclaim"
trevorellse@gmail.com,"Fore Business - Canterbury","","https://www.thenetworkerhub.com/for-organisers?email=trevorellse%40gmail.com&intent=organiser-claim&auth=register&next=%2Forganiser%2F%3Fonboard%3Dclaim"
quintin@accendoaccountants.co.uk,"Fore Business - Cardiff","","https://www.thenetworkerhub.com/for-organisers?email=quintin%40accendoaccountants.co.uk&intent=organiser-claim&auth=register&next=%2Forganiser%2F%3Fonboard%3Dclaim"
andy@mpr-it.co.uk,"Fore Business - Caterham","","https://www.thenetworkerhub.com/for-organisers?email=andy%40mpr-it.co.uk&intent=organiser-claim&auth=register&next=%2Forganiser%2F%3Fonboard%3Dclaim"
james.weaver@wpa-hcp.org.uk,"Fore Business - Cheltenham","","https://www.thenetworkerhub.com/for-organisers?email=james.weaver%40wpa-hcp.org.uk&intent=organiser-claim&auth=register&next=%2Forganiser%2F%3Fonboard%3Dclaim"
gavin@purewealthmanagement.co.uk,"Fore Business - Chepstow","","https://www.thenetworkerhub.com/for-organisers?email=gavin%40purewealthmanagement.co.uk&intent=organiser-claim&auth=register&next=%2Forganiser%2F%3Fonboard%3Dclaim"
martyn@periwinkleproperty.com,"Fore Business - Chester","","https://www.thenetworkerhub.com/for-organisers?email=martyn%40periwinkleproperty.com&intent=organiser-claim&auth=register&next=%2Forganiser%2F%3Fonboard%3Dclaim"
kevin.attwell@bwmltd.org,"Fore Business - Chigwell","","https://www.thenetworkerhub.com/for-organisers?email=kevin.attwell%40bwmltd.org&intent=organiser-claim&auth=register&next=%2Forganiser%2F%3Fonboard%3Dclaim"
toby.pawson@conceptvehicleleasing.co.uk,"Fore Business - Cobham","","https://www.thenetworkerhub.com/for-organisers?email=toby.pawson%40conceptvehicleleasing.co.uk&intent=organiser-claim&auth=register&next=%2Forganiser%2F%3Fonboard%3Dclaim"
adrian.peck@peckuk.com,"Fore Business - Colchester","","https://www.thenetworkerhub.com/for-organisers?email=adrian.peck%40peckuk.com&intent=organiser-claim&auth=register&next=%2Forganiser%2F%3Fonboard%3Dclaim"
will.clayton@constantinelaw.co.uk,"Fore Business - Crewe","","https://www.thenetworkerhub.com/for-organisers?email=will.clayton%40constantinelaw.co.uk&intent=organiser-claim&auth=register&next=%2Forganiser%2F%3Fonboard%3Dclaim"
kenkennison@hotmail.com,"Fore Business - Croydon","","https://www.thenetworkerhub.com/for-organisers?email=kenkennison%40hotmail.com&intent=organiser-claim&auth=register&next=%2Forganiser%2F%3Fonboard%3Dclaim"
dean@deanafox.com,"Fore Business - Darlington","","https://www.thenetworkerhub.com/for-organisers?email=dean%40deanafox.com&intent=organiser-claim&auth=register&next=%2Forganiser%2F%3Fonboard%3Dclaim"
salesmanager@thedartmouthhotel.co.uk,"Fore Business - Dartmouth","","https://www.thenetworkerhub.com/for-organisers?email=salesmanager%40thedartmouthhotel.co.uk&intent=organiser-claim&auth=register&next=%2Forganiser%2F%3Fonboard%3Dclaim"
chris.tucker@scmsales.co.uk,"Fore Business - Derby","","https://www.thenetworkerhub.com/for-organisers?email=chris.tucker%40scmsales.co.uk&intent=organiser-claim&auth=register&next=%2Forganiser%2F%3Fonboard%3Dclaim"
steve@holezerogolf.co.uk,"Fore Business - Doncaster","","https://www.thenetworkerhub.com/for-organisers?email=steve%40holezerogolf.co.uk&intent=organiser-claim&auth=register&next=%2Forganiser%2F%3Fonboard%3Dclaim"
wayne.henderson@me.com,"Fore Business - Dundee","","https://www.thenetworkerhub.com/for-organisers?email=wayne.henderson%40me.com&intent=organiser-claim&auth=register&next=%2Forganiser%2F%3Fonboard%3Dclaim"
alex@depiqd.co.uk,"Fore Business - East Grinstead","","https://www.thenetworkerhub.com/for-organisers?email=alex%40depiqd.co.uk&intent=organiser-claim&auth=register&next=%2Forganiser%2F%3Fonboard%3Dclaim"
johnyoung@johnyounggroup.co.uk,"Fore Business - Edinburgh","","https://www.thenetworkerhub.com/for-organisers?email=johnyoung%40johnyounggroup.co.uk&intent=organiser-claim&auth=register&next=%2Forganiser%2F%3Fonboard%3Dclaim"
nick@progressint.com,"Fore Business - Goodwood","","https://www.thenetworkerhub.com/for-organisers?email=nick%40progressint.com&intent=organiser-claim&auth=register&next=%2Forganiser%2F%3Fonboard%3Dclaim"
gilles@gillespelenc.com,"Fore Business - Guildford","","https://www.thenetworkerhub.com/for-organisers?email=gilles%40gillespelenc.com&intent=organiser-claim&auth=register&next=%2Forganiser%2F%3Fonboard%3Dclaim"
barry@yorkshirewinerascal.com,"Fore Business - Harrogate","","https://www.thenetworkerhub.com/for-organisers?email=barry%40yorkshirewinerascal.com&intent=organiser-claim&auth=register&next=%2Forganiser%2F%3Fonboard%3Dclaim"
andy@catandra.co.uk,"Fore Business - Horsham","","https://www.thenetworkerhub.com/for-organisers?email=andy%40catandra.co.uk&intent=organiser-claim&auth=register&next=%2Forganiser%2F%3Fonboard%3Dclaim"
danny@emworkwear.com,"Fore Business - Huddersfield","","https://www.thenetworkerhub.com/for-organisers?email=danny%40emworkwear.com&intent=organiser-claim&auth=register&next=%2Forganiser%2F%3Fonboard%3Dclaim"
steve@steveball-recruitment.co.uk,"Fore Business - Hull","","https://www.thenetworkerhub.com/for-organisers?email=steve%40steveball-recruitment.co.uk&intent=organiser-claim&auth=register&next=%2Forganiser%2F%3Fonboard%3Dclaim"
james.roper@sjpp.co.uk,"Fore Business - Ipswich","","https://www.thenetworkerhub.com/for-organisers?email=james.roper%40sjpp.co.uk&intent=organiser-claim&auth=register&next=%2Forganiser%2F%3Fonboard%3Dclaim"
paul@uscita.co.uk,"Fore Business - Knutsford","","https://www.thenetworkerhub.com/for-organisers?email=paul%40uscita.co.uk&intent=organiser-claim&auth=register&next=%2Forganiser%2F%3Fonboard%3Dclaim"
rob.cornford@mytrustedwills.co.uk,"Fore Business - Leamington Spa","","https://www.thenetworkerhub.com/for-organisers?email=rob.cornford%40mytrustedwills.co.uk&intent=organiser-claim&auth=register&next=%2Forganiser%2F%3Fonboard%3Dclaim"
mark@hotseathangout.com,"Fore Business - Leatherhead","","https://www.thenetworkerhub.com/for-organisers?email=mark%40hotseathangout.com&intent=organiser-claim&auth=register&next=%2Forganiser%2F%3Fonboard%3Dclaim"
michael@askmjs.co.uk,"Fore Business - Leeds","","https://www.thenetworkerhub.com/for-organisers?email=michael%40askmjs.co.uk&intent=organiser-claim&auth=register&next=%2Forganiser%2F%3Fonboard%3Dclaim"
jonnyuzumaki@gmail.com,"Fore Business - Leicester","","https://www.thenetworkerhub.com/for-organisers?email=jonnyuzumaki%40gmail.com&intent=organiser-claim&auth=register&next=%2Forganiser%2F%3Fonboard%3Dclaim"
paul.williams@secureinheritance.co.uk,"Fore Business - Liverpool","","https://www.thenetworkerhub.com/for-organisers?email=paul.williams%40secureinheritance.co.uk&intent=organiser-claim&auth=register&next=%2Forganiser%2F%3Fonboard%3Dclaim"
adam@csone.co.uk,"Fore Business - Maidstone","","https://www.thenetworkerhub.com/for-organisers?email=adam%40csone.co.uk&intent=organiser-claim&auth=register&next=%2Forganiser%2F%3Fonboard%3Dclaim"
aaron.unsworth@thig.co.uk,"Fore Business - Manchester North","","https://www.thenetworkerhub.com/for-organisers?email=aaron.unsworth%40thig.co.uk&intent=organiser-claim&auth=register&next=%2Forganiser%2F%3Fonboard%3Dclaim"
andy@mhfatraininguk.co.uk,"Fore Business - Manchester South","","https://www.thenetworkerhub.com/for-organisers?email=andy%40mhfatraininguk.co.uk&intent=organiser-claim&auth=register&next=%2Forganiser%2F%3Fonboard%3Dclaim"
brian.hardie@themarketingcentre.com,"Fore Business - Marlow & Maidenhead","","https://www.thenetworkerhub.com/for-organisers?email=brian.hardie%40themarketingcentre.com&intent=organiser-claim&auth=register&next=%2Forganiser%2F%3Fonboard%3Dclaim"
kevin@root-cause-consultancy.co.uk,"Fore Business - Newcastle","","https://www.thenetworkerhub.com/for-organisers?email=kevin%40root-cause-consultancy.co.uk&intent=organiser-claim&auth=register&next=%2Forganiser%2F%3Fonboard%3Dclaim"
tom@onefoursix.co.uk,"Fore Business - Northampton","","https://www.thenetworkerhub.com/for-organisers?email=tom%40onefoursix.co.uk&intent=organiser-claim&auth=register&next=%2Forganiser%2F%3Fonboard%3Dclaim"
michael.duale@sjpp.co.uk,"Fore Business - Norwich","","https://www.thenetworkerhub.com/for-organisers?email=michael.duale%40sjpp.co.uk&intent=organiser-claim&auth=register&next=%2Forganiser%2F%3Fonboard%3Dclaim"
paul@dermodyowen.co.uk,"Fore Business - Nottingham","","https://www.thenetworkerhub.com/for-organisers?email=paul%40dermodyowen.co.uk&intent=organiser-claim&auth=register&next=%2Forganiser%2F%3Fonboard%3Dclaim"
steve@customer-journey.io,"Fore Business - Ormskirk","","https://www.thenetworkerhub.com/for-organisers?email=steve%40customer-journey.io&intent=organiser-claim&auth=register&next=%2Forganiser%2F%3Fonboard%3Dclaim"
ben@gslmedia.co.uk,"Fore Business - Plymouth","","https://www.thenetworkerhub.com/for-organisers?email=ben%40gslmedia.co.uk&intent=organiser-claim&auth=register&next=%2Forganiser%2F%3Fonboard%3Dclaim"
michael@fusedhealthandsafety.co.uk,"Fore Business - Preston","","https://www.thenetworkerhub.com/for-organisers?email=michael%40fusedhealthandsafety.co.uk&intent=organiser-claim&auth=register&next=%2Forganiser%2F%3Fonboard%3Dclaim"
philgchappell60@gmail.com,"Fore Business - Reading","","https://www.thenetworkerhub.com/for-organisers?email=philgchappell60%40gmail.com&intent=organiser-claim&auth=register&next=%2Forganiser%2F%3Fonboard%3Dclaim"
brettsgroup@hotmail.com,"Fore Business - Sheffield","","https://www.thenetworkerhub.com/for-organisers?email=brettsgroup%40hotmail.com&intent=organiser-claim&auth=register&next=%2Forganiser%2F%3Fonboard%3Dclaim"
tony@lockfit.co.uk,"Fore Business - Shirley","","https://www.thenetworkerhub.com/for-organisers?email=tony%40lockfit.co.uk&intent=organiser-claim&auth=register&next=%2Forganiser%2F%3Fonboard%3Dclaim"
paul.davies@debtcol.co.uk,"Fore Business - Southampton","","https://www.thenetworkerhub.com/for-organisers?email=paul.davies%40debtcol.co.uk&intent=organiser-claim&auth=register&next=%2Forganiser%2F%3Fonboard%3Dclaim"
mike.orchard@hotmail.com,"Fore Business - Swanley","","https://www.thenetworkerhub.com/for-organisers?email=mike.orchard%40hotmail.com&intent=organiser-claim&auth=register&next=%2Forganiser%2F%3Fonboard%3Dclaim"
jeff.tucker@traksolutions.co.uk,"Fore Business - Swindon","","https://www.thenetworkerhub.com/for-organisers?email=jeff.tucker%40traksolutions.co.uk&intent=organiser-claim&auth=register&next=%2Forganiser%2F%3Fonboard%3Dclaim"
nick.searle@finecal.co.uk,"Fore Business - Taunton","","https://www.thenetworkerhub.com/for-organisers?email=nick.searle%40finecal.co.uk&intent=organiser-claim&auth=register&next=%2Forganiser%2F%3Fonboard%3Dclaim"
cj@integritytaxation.co.uk,"Fore Business - Telford","","https://www.thenetworkerhub.com/for-organisers?email=cj%40integritytaxation.co.uk&intent=organiser-claim&auth=register&next=%2Forganiser%2F%3Fonboard%3Dclaim"
tom@websir.co.uk,"Fore Business - Thame","","https://www.thenetworkerhub.com/for-organisers?email=tom%40websir.co.uk&intent=organiser-claim&auth=register&next=%2Forganiser%2F%3Fonboard%3Dclaim"
james.bruce@stylesandco.co.uk,"Fore Business - Warrington","","https://www.thenetworkerhub.com/for-organisers?email=james.bruce%40stylesandco.co.uk&intent=organiser-claim&auth=register&next=%2Forganiser%2F%3Fonboard%3Dclaim"
tim@golfmanagementgroup.co.uk,"Fore Business - Watford","","https://www.thenetworkerhub.com/for-organisers?email=tim%40golfmanagementgroup.co.uk&intent=organiser-claim&auth=register&next=%2Forganiser%2F%3Fonboard%3Dclaim"
peter.hudson62@yahoo.com,"Fore Business - Welwyn Garden City","","https://www.thenetworkerhub.com/for-organisers?email=peter.hudson62%40yahoo.com&intent=organiser-claim&auth=register&next=%2Forganiser%2F%3Fonboard%3Dclaim"
neurotech4health@gmail.com,"Fore Business - West Bromwich","","https://www.thenetworkerhub.com/for-organisers?email=neurotech4health%40gmail.com&intent=organiser-claim&auth=register&next=%2Forganiser%2F%3Fonboard%3Dclaim"
info@fitandfurnish.co.uk,"Fore Business - Weston-Super-Mare","","https://www.thenetworkerhub.com/for-organisers?email=info%40fitandfurnish.co.uk&intent=organiser-claim&auth=register&next=%2Forganiser%2F%3Fonboard%3Dclaim"
alun.edwards@mmc-management.co.uk,"Fore Business - Wirral","","https://www.thenetworkerhub.com/for-organisers?email=alun.edwards%40mmc-management.co.uk&intent=organiser-claim&auth=register&next=%2Forganiser%2F%3Fonboard%3Dclaim"
paul@newheritageinteriors.co.uk,"Fore Business - Witney","","https://www.thenetworkerhub.com/for-organisers?email=paul%40newheritageinteriors.co.uk&intent=organiser-claim&auth=register&next=%2Forganiser%2F%3Fonboard%3Dclaim"
guy@ggfit.co.uk,"Fore Business - Wokingham","","https://www.thenetworkerhub.com/for-organisers?email=guy%40ggfit.co.uk&intent=organiser-claim&auth=register&next=%2Forganiser%2F%3Fonboard%3Dclaim"
john@greasley.co.uk,"Fore Business - Wolverhampton","","https://www.thenetworkerhub.com/for-organisers?email=john%40greasley.co.uk&intent=organiser-claim&auth=register&next=%2Forganiser%2F%3Fonboard%3Dclaim"
adam@studio55.ie,"Fore Business -Belfast North","","https://www.thenetworkerhub.com/for-organisers?email=adam%40studio55.ie&intent=organiser-claim&auth=register&next=%2Forganiser%2F%3Fonboard%3Dclaim"
team@forwardthinking.com,"Forward Thinking","","https://www.thenetworkerhub.com/for-organisers?email=team%40forwardthinking.com&intent=organiser-claim&auth=register&next=%2Forganiser%2F%3Fonboard%3Dclaim"
hi@foundxrsclub.com,"Foundxrs Club","","https://www.thenetworkerhub.com/for-organisers?email=hi%40foundxrsclub.com&intent=organiser-claim&auth=register&next=%2Forganiser%2F%3Fonboard%3Dclaim"
foylebusinessnetwork@gmail.com,"Foyle Business Network","","https://www.thenetworkerhub.com/for-organisers?email=foylebusinessnetwork%40gmail.com&intent=organiser-claim&auth=register&next=%2Forganiser%2F%3Fonboard%3Dclaim"
info@fwin.org.uk,"Foyle Women's Information Network","","https://www.thenetworkerhub.com/for-organisers?email=info%40fwin.org.uk&intent=organiser-claim&auth=register&next=%2Forganiser%2F%3Fonboard%3Dclaim"
faye@freelancemum.co.uk,"Freelance Mum","","https://www.thenetworkerhub.com/for-organisers?email=faye%40freelancemum.co.uk&intent=organiser-claim&auth=register&next=%2Forganiser%2F%3Fonboard%3Dclaim"
michael@freshwalks.co.uk,"Fresh Walks","","https://www.thenetworkerhub.com/for-organisers?email=michael%40freshwalks.co.uk&intent=organiser-claim&auth=register&next=%2Forganiser%2F%3Fonboard%3Dclaim"
hello@bigonemarketing.co.uk,"Friends In Business","","https://www.thenetworkerhub.com/for-organisers?email=hello%40bigonemarketing.co.uk&intent=organiser-claim&auth=register&next=%2Forganiser%2F%3Fonboard%3Dclaim"
enquiries@forestschoolassociation.org,"FSA Herefordshire (Forest School Association)","","https://www.thenetworkerhub.com/for-organisers?email=enquiries%40forestschoolassociation.org&intent=organiser-claim&auth=register&next=%2Forganiser%2F%3Fonboard%3Dclaim"
karen.durcan@fsb.org.uk,"FSB (Federation of Small Businesses)","","https://www.thenetworkerhub.com/for-organisers?email=karen.durcan%40fsb.org.uk&intent=organiser-claim&auth=register&next=%2Forganiser%2F%3Fonboard%3Dclaim"
customerservices@fsb.org.uk,"FSB (Federation of Small Businesses)","","https://www.thenetworkerhub.com/for-organisers?email=customerservices%40fsb.org.uk&intent=organiser-claim&auth=register&next=%2Forganiser%2F%3Fonboard%3Dclaim"
linsey.luke@fsb.org.uk,"FSB (Federation of Small Businesses)","","https://www.thenetworkerhub.com/for-organisers?email=linsey.luke%40fsb.org.uk&intent=organiser-claim&auth=register&next=%2Forganiser%2F%3Fonboard%3Dclaim"
themidlands@fsb.org.uk,"FSB (Federation of Small Businesses) - East Midlands","","https://www.thenetworkerhub.com/for-organisers?email=themidlands%40fsb.org.uk&intent=organiser-claim&auth=register&next=%2Forganiser%2F%3Fonboard%3Dclaim"
neil.eames@fsb.org.uk,"FSB (Federation of Small Businesses) - East of England","","https://www.thenetworkerhub.com/for-organisers?email=neil.eames%40fsb.org.uk&intent=organiser-claim&auth=register&next=%2Forganiser%2F%3Fonboard%3Dclaim"
deborah.chappell@fsb.org.uk,"FSB (Federation of Small Businesses) - Greater London","","https://www.thenetworkerhub.com/for-organisers?email=deborah.chappell%40fsb.org.uk&intent=organiser-claim&auth=register&next=%2Forganiser%2F%3Fonboard%3Dclaim"
emma.smailes@fsb.org.uk,"FSB (Federation of Small Businesses) - North West","","https://www.thenetworkerhub.com/for-organisers?email=emma.smailes%40fsb.org.uk&intent=organiser-claim&auth=register&next=%2Forganiser%2F%3Fonboard%3Dclaim"
alan.lowry@fsb.org.uk,"FSB (Federation of Small Businesses) - Northern Ireland","","https://www.thenetworkerhub.com/for-organisers?email=alan.lowry%40fsb.org.uk&intent=organiser-claim&auth=register&next=%2Forganiser%2F%3Fonboard%3Dclaim"
garry.clark@fsb.org.uk,"FSB (Federation of Small Businesses) - Scotland","","https://www.thenetworkerhub.com/for-organisers?email=garry.clark%40fsb.org.uk&intent=organiser-claim&auth=register&next=%2Forganiser%2F%3Fonboard%3Dclaim"
joshua.miles@fsb.org.uk,"FSB (Federation of Small Businesses) - Wales","","https://www.thenetworkerhub.com/for-organisers?email=joshua.miles%40fsb.org.uk&intent=organiser-claim&auth=register&next=%2Forganiser%2F%3Fonboard%3Dclaim"
harry.harrison@fsb.org.uk,"FSB (Federation of Small Businesses) - Yorkshire","","https://www.thenetworkerhub.com/for-organisers?email=harry.harrison%40fsb.org.uk&intent=organiser-claim&auth=register&next=%2Forganiser%2F%3Fonboard%3Dclaim"
mia.mulquin@fsb.org.uk,"FSB London Bootcamp  Spring Into Success","","https://www.thenetworkerhub.com/for-organisers?email=mia.mulquin%40fsb.org.uk&intent=organiser-claim&auth=register&next=%2Forganiser%2F%3Fonboard%3Dclaim"
admin@fifewomeninbusiness.com,"FWB (Fife Women in Business)","","https://www.thenetworkerhub.com/for-organisers?email=admin%40fifewomeninbusiness.com&intent=organiser-claim&auth=register&next=%2Forganiser%2F%3Fonboard%3Dclaim"
hello@g12businessclub.co.uk,"G12 Business Club","","https://www.thenetworkerhub.com/for-organisers?email=hello%40g12businessclub.co.uk&intent=organiser-claim&auth=register&next=%2Forganiser%2F%3Fonboard%3Dclaim"
enquiries@gardandco.com,"Gard & Co. Solicitors","","https://www.thenetworkerhub.com/for-organisers?email=enquiries%40gardandco.com&intent=organiser-claim&auth=register&next=%2Forganiser%2F%3Fonboard%3Dclaim"
davidthompson@teamvalleygroup.co.uk,"Gateshead Business Club","","https://www.thenetworkerhub.com/for-organisers?email=davidthompson%40teamvalleygroup.co.uk&intent=organiser-claim&auth=register&next=%2Forganiser%2F%3Fonboard%3Dclaim"
mandi@gatwickdiamondbusiness.com,"Gatwick Diamond Business","","https://www.thenetworkerhub.com/for-organisers?email=mandi%40gatwickdiamondbusiness.com&intent=organiser-claim&auth=register&next=%2Forganiser%2F%3Fonboard%3Dclaim"
hello@the-gba.co.uk,"Gay Professional Network (GPN)","","https://www.thenetworkerhub.com/for-organisers?email=hello%40the-gba.co.uk&intent=organiser-claim&auth=register&next=%2Forganiser%2F%3Fonboard%3Dclaim"
hello@gbshared.co.uk,"GB Shared","","https://www.thenetworkerhub.com/for-organisers?email=hello%40gbshared.co.uk&intent=organiser-claim&auth=register&next=%2Forganiser%2F%3Fonboard%3Dclaim"
mark.brown@gbtevents.co.uk,"GBT (Golf & Business Network)","","https://www.thenetworkerhub.com/for-organisers?email=mark.brown%40gbtevents.co.uk&intent=organiser-claim&auth=register&next=%2Forganiser%2F%3Fonboard%3Dclaim"
rose@gen-e-networking.com,"Gen-e-Networking","","https://www.thenetworkerhub.com/for-organisers?email=rose%40gen-e-networking.com&intent=organiser-claim&auth=register&next=%2Forganiser%2F%3Fonboard%3Dclaim"
office@generationsworkingtogether.org,"Generations Working Together","","https://www.thenetworkerhub.com/for-organisers?email=office%40generationsworkingtogether.org&intent=organiser-claim&auth=register&next=%2Forganiser%2F%3Fonboard%3Dclaim"
info@yvonnedenman.net,"Genuine Networking","","https://www.thenetworkerhub.com/for-organisers?email=info%40yvonnedenman.net&intent=organiser-claim&auth=register&next=%2Forganiser%2F%3Fonboard%3Dclaim"
rebecca@getaheadva.com,"Get Connected","","https://www.thenetworkerhub.com/for-organisers?email=rebecca%40getaheadva.com&intent=organiser-claim&auth=register&next=%2Forganiser%2F%3Fonboard%3Dclaim"
secretary@glasgowbusinessclub.co.uk,"Glasgow Business Club","","https://www.thenetworkerhub.com/for-organisers?email=secretary%40glasgowbusinessclub.co.uk&intent=organiser-claim&auth=register&next=%2Forganiser%2F%3Fonboard%3Dclaim"
info@glasgowgirlsclub.org,"Glasgow Girls Club","","https://www.thenetworkerhub.com/for-organisers?email=info%40glasgowgirlsclub.org&intent=organiser-claim&auth=register&next=%2Forganiser%2F%3Fonboard%3Dclaim"
contact.support@globalscot.com,"Global Scot","","https://www.thenetworkerhub.com/for-organisers?email=contact.support%40globalscot.com&intent=organiser-claim&auth=register&next=%2Forganiser%2F%3Fonboard%3Dclaim"
glowlincs@gmail.com,"GLOW (Greater Lincolnshire's Outstanding Women)","","https://www.thenetworkerhub.com/for-organisers?email=glowlincs%40gmail.com&intent=organiser-claim&auth=register&next=%2Forganiser%2F%3Fonboard%3Dclaim"
bgh@growthco.uk,"GM Business Growth Hub","","https://www.thenetworkerhub.com/for-organisers?email=bgh%40growthco.uk&intent=organiser-claim&auth=register&next=%2Forganiser%2F%3Fonboard%3Dclaim"
info@gmecn.org.uk,"GMECN","","https://www.thenetworkerhub.com/for-organisers?email=info%40gmecn.org.uk&intent=organiser-claim&auth=register&next=%2Forganiser%2F%3Fonboard%3Dclaim"
support@goconnections.net,"Go Connections","","https://www.thenetworkerhub.com/for-organisers?email=support%40goconnections.net&intent=organiser-claim&auth=register&next=%2Forganiser%2F%3Fonboard%3Dclaim"
christina@goldfinchgatherings.co.uk,"Goldfinch Gatherings","","https://www.thenetworkerhub.com/for-organisers?email=christina%40goldfinchgatherings.co.uk&intent=organiser-claim&auth=register&next=%2Forganiser%2F%3Fonboard%3Dclaim"
info@good-2-great.co.uk,"Good2Great","","https://www.thenetworkerhub.com/for-organisers?email=info%40good-2-great.co.uk&intent=organiser-claim&auth=register&next=%2Forganiser%2F%3Fonboard%3Dclaim"
goolebusinessgroup@gmail.com,"Goole Business Group","","https://www.thenetworkerhub.com/for-organisers?email=goolebusinessgroup%40gmail.com&intent=organiser-claim&auth=register&next=%2Forganiser%2F%3Fonboard%3Dclaim"
contact@go-tribe.co.uk,"GoTribe","","https://www.thenetworkerhub.com/for-organisers?email=contact%40go-tribe.co.uk&intent=organiser-claim&auth=register&next=%2Forganiser%2F%3Fonboard%3Dclaim"
gary@grafterssupergroups.co.uk,"Grafters","","https://www.thenetworkerhub.com/for-organisers?email=gary%40grafterssupergroups.co.uk&intent=organiser-claim&auth=register&next=%2Forganiser%2F%3Fonboard%3Dclaim"
groups@grafterssupergroups.co.uk,"Grafters - Berkshire Royal","","https://www.thenetworkerhub.com/for-organisers?email=groups%40grafterssupergroups.co.uk&intent=organiser-claim&auth=register&next=%2Forganiser%2F%3Fonboard%3Dclaim"
elias.dayub@aspray.com,"Grafters - Croyden","","https://www.thenetworkerhub.com/for-organisers?email=elias.dayub%40aspray.com&intent=organiser-claim&auth=register&next=%2Forganiser%2F%3Fonboard%3Dclaim"
finance@graftonbanks.co.uk,"Grafton Banks Finance","","https://www.thenetworkerhub.com/for-organisers?email=finance%40graftonbanks.co.uk&intent=organiser-claim&auth=register&next=%2Forganiser%2F%3Fonboard%3Dclaim"
judith@evimero.ltd,"Grow Her Business","","https://www.thenetworkerhub.com/for-organisers?email=judith%40evimero.ltd&intent=organiser-claim&auth=register&next=%2Forganiser%2F%3Fonboard%3Dclaim"
hello@grubclubcambridge.co.uk,"Grub Club","","https://www.thenetworkerhub.com/for-organisers?email=hello%40grubclubcambridge.co.uk&intent=organiser-claim&auth=register&next=%2Forganiser%2F%3Fonboard%3Dclaim"
co-chairs@gwn.org.uk,"GWN (LGBTQ+ Women's Network)","","https://www.thenetworkerhub.com/for-organisers?email=co-chairs%40gwn.org.uk&intent=organiser-claim&auth=register&next=%2Forganiser%2F%3Fonboard%3Dclaim"
nicki.burgess@lbhf.gov.uk,"H&F (Hammersmith & Fulham)","","https://www.thenetworkerhub.com/for-organisers?email=nicki.burgess%40lbhf.gov.uk&intent=organiser-claim&auth=register&next=%2Forganiser%2F%3Fonboard%3Dclaim"
marketing@regen.org.uk,"Halifax Opportunites Trust","","https://www.thenetworkerhub.com/for-organisers?email=marketing%40regen.org.uk&intent=organiser-claim&auth=register&next=%2Forganiser%2F%3Fonboard%3Dclaim"
hello@hammersmithnetworking.co.uk,"Hammersmith Networking","","https://www.thenetworkerhub.com/for-organisers?email=hello%40hammersmithnetworking.co.uk&intent=organiser-claim&auth=register&next=%2Forganiser%2F%3Fonboard%3Dclaim"
hadca@hadca.org.uk,"Harrogate & District Community Action","","https://www.thenetworkerhub.com/for-organisers?email=hadca%40hadca.org.uk&intent=organiser-claim&auth=register&next=%2Forganiser%2F%3Fonboard%3Dclaim"
socialmedia@harrogatebusinessgroup.com,"Harrogate Business Group","","https://www.thenetworkerhub.com/for-organisers?email=socialmedia%40harrogatebusinessgroup.com&intent=organiser-claim&auth=register&next=%2Forganiser%2F%3Fonboard%3Dclaim"
chiefexec@harrogatechamber.co.uk,"Harrogate District Chamber of Commerce","","https://www.thenetworkerhub.com/for-organisers?email=chiefexec%40harrogatechamber.co.uk&intent=organiser-claim&auth=register&next=%2Forganiser%2F%3Fonboard%3Dclaim"
hello@hashtagevents.co.uk,"Hashtag Events Business Club","","https://www.thenetworkerhub.com/for-organisers?email=hello%40hashtagevents.co.uk&intent=organiser-claim&auth=register&next=%2Forganiser%2F%3Fonboard%3Dclaim"
info@hbw.scot,"hbw (Highland Business Women","","https://www.thenetworkerhub.com/for-organisers?email=info%40hbw.scot&intent=organiser-claim&auth=register&next=%2Forganiser%2F%3Fonboard%3Dclaim"
contactus@helmclub.co,"Helm","","https://www.thenetworkerhub.com/for-organisers?email=contactus%40helmclub.co&intent=organiser-claim&auth=register&next=%2Forganiser%2F%3Fonboard%3Dclaim"
admin@hgnetwork.org,"Herefordshire Green Network","","https://www.thenetworkerhub.com/for-organisers?email=admin%40hgnetwork.org&intent=organiser-claim&auth=register&next=%2Forganiser%2F%3Fonboard%3Dclaim"
info@herefordhsg.co.uk,"Herefordshire Health & Safety Group (HHSG)","","https://www.thenetworkerhub.com/for-organisers?email=info%40herefordhsg.co.uk&intent=organiser-claim&auth=register&next=%2Forganiser%2F%3Fonboard%3Dclaim"
rich@hmbiz.co.uk,"Herefordshire Means Business","","https://www.thenetworkerhub.com/for-organisers?email=rich%40hmbiz.co.uk&intent=organiser-claim&auth=register&next=%2Forganiser%2F%3Fonboard%3Dclaim"
info@hethelinnovation.com,"Hethel Innovation","","https://www.thenetworkerhub.com/for-organisers?email=info%40hethelinnovation.com&intent=organiser-claim&auth=register&next=%2Forganiser%2F%3Fonboard%3Dclaim"
admin@hexagonlegal.com,"Hexagon Legal Network (HLN)","","https://www.thenetworkerhub.com/for-organisers?email=admin%40hexagonlegal.com&intent=organiser-claim&auth=register&next=%2Forganiser%2F%3Fonboard%3Dclaim"
growthhub@heylep.com,"HEY Growth Hub","","https://www.thenetworkerhub.com/for-organisers?email=growthhub%40heylep.com&intent=organiser-claim&auth=register&next=%2Forganiser%2F%3Fonboard%3Dclaim"
skillshub@heybusinessgrowthskillshub.com,"HEY Skills Network","","https://www.thenetworkerhub.com/for-organisers?email=skillshub%40heybusinessgrowthskillshub.com&intent=organiser-claim&auth=register&next=%2Forganiser%2F%3Fonboard%3Dclaim"
community@heysmilefoundation.org.uk,"Hey Smile Foundation","","https://www.thenetworkerhub.com/for-organisers?email=community%40heysmilefoundation.org.uk&intent=organiser-claim&auth=register&next=%2Forganiser%2F%3Fonboard%3Dclaim"
tom@highbillinghurstfarm.com,"High Billinghurst Farm","","https://www.thenetworkerhub.com/for-organisers?email=tom%40highbillinghurstfarm.com&intent=organiser-claim&auth=register&next=%2Forganiser%2F%3Fonboard%3Dclaim"
info@sdpscotland.co.uk,"HINT (Highlands and Islands Networking Together Group)","","https://www.thenetworkerhub.com/for-organisers?email=info%40sdpscotland.co.uk&intent=organiser-claim&auth=register&next=%2Forganiser%2F%3Fonboard%3Dclaim"
info@hivenetworking.co.uk,"Hive Networking","","https://www.thenetworkerhub.com/for-organisers?email=info%40hivenetworking.co.uk&intent=organiser-claim&auth=register&next=%2Forganiser%2F%3Fonboard%3Dclaim"
info@hodsonandco.co.uk,"Hodson & Co","","https://www.thenetworkerhub.com/for-organisers?email=info%40hodsonandco.co.uk&intent=organiser-claim&auth=register&next=%2Forganiser%2F%3Fonboard%3Dclaim"
info@homegrownclub.co.uk,"Home Grown Club","","https://www.thenetworkerhub.com/for-organisers?email=info%40homegrownclub.co.uk&intent=organiser-claim&auth=register&next=%2Forganiser%2F%3Fonboard%3Dclaim"
membership@homehouse.co.uk,"Home House","","https://www.thenetworkerhub.com/for-organisers?email=membership%40homehouse.co.uk&intent=organiser-claim&auth=register&next=%2Forganiser%2F%3Fonboard%3Dclaim"
admin@homestartkirkcaldy.org.uk,"Home-Start Kirkcaldy","","https://www.thenetworkerhub.com/for-organisers?email=admin%40homestartkirkcaldy.org.uk&intent=organiser-claim&auth=register&next=%2Forganiser%2F%3Fonboard%3Dclaim"
honleybusinessassociation@gmail.com,"Honley Business Association","","https://www.thenetworkerhub.com/for-organisers?email=honleybusinessassociation%40gmail.com&intent=organiser-claim&auth=register&next=%2Forganiser%2F%3Fonboard%3Dclaim"
kay@horncastlerecruitment.co.uk,"Horncastle Networking Group (recruitment)","","https://www.thenetworkerhub.com/for-organisers?email=kay%40horncastlerecruitment.co.uk&intent=organiser-claim&auth=register&next=%2Forganiser%2F%3Fonboard%3Dclaim"
andrew@hospitalitynetwork.co.uk,"Hospitality Network","","https://www.thenetworkerhub.com/for-organisers?email=andrew%40hospitalitynetwork.co.uk&intent=organiser-claim&auth=register&next=%2Forganiser%2F%3Fonboard%3Dclaim"
membership@hospitalitytitans.co.uk,"Hospitality Titans","","https://www.thenetworkerhub.com/for-organisers?email=membership%40hospitalitytitans.co.uk&intent=organiser-claim&auth=register&next=%2Forganiser%2F%3Fonboard%3Dclaim"
jo@howdoesshedoit.life,"How Does She Do It","","https://www.thenetworkerhub.com/for-organisers?email=jo%40howdoesshedoit.life&intent=organiser-claim&auth=register&next=%2Forganiser%2F%3Fonboard%3Dclaim"
hello@pne-uk.com,"HPN (Healthcare Partnership Network)","","https://www.thenetworkerhub.com/for-organisers?email=hello%40pne-uk.com&intent=organiser-claim&auth=register&next=%2Forganiser%2F%3Fonboard%3Dclaim"
hrtechuk@closerstillmedia.com,"HR Technologies UK","","https://www.thenetworkerhub.com/for-organisers?email=hrtechuk%40closerstillmedia.com&intent=organiser-claim&auth=register&next=%2Forganiser%2F%3Fonboard%3Dclaim"
hello@hudsonsproperty.com,"Hudsons Property","","https://www.thenetworkerhub.com/for-organisers?email=hello%40hudsonsproperty.com&intent=organiser-claim&auth=register&next=%2Forganiser%2F%3Fonboard%3Dclaim"
info@hydrogenscotland.com,"Hydrogen Scotland","","https://www.thenetworkerhub.com/for-organisers?email=info%40hydrogenscotland.com&intent=organiser-claim&auth=register&next=%2Forganiser%2F%3Fonboard%3Dclaim"
contact@ilikenetworking.uk,"I Like Networking","","https://www.thenetworkerhub.com/for-organisers?email=contact%40ilikenetworking.uk&intent=organiser-claim&auth=register&next=%2Forganiser%2F%3Fonboard%3Dclaim"
networking@iwant2network.com,"I Want 2 Network","","https://www.thenetworkerhub.com/for-organisers?email=networking%40iwant2network.com&intent=organiser-claim&auth=register&next=%2Forganiser%2F%3Fonboard%3Dclaim"
info@iamwoman.biz,"IAW (I Am Woman)","","https://www.thenetworkerhub.com/for-organisers?email=info%40iamwoman.biz&intent=organiser-claim&auth=register&next=%2Forganiser%2F%3Fonboard%3Dclaim"
annabel.robbins@hrdept.co.uk,"IBN (Island Business Network)","","https://www.thenetworkerhub.com/for-organisers?email=annabel.robbins%40hrdept.co.uk&intent=organiser-claim&auth=register&next=%2Forganiser%2F%3Fonboard%3Dclaim"
info@ibngroup.co.uk,"IBNG (Independent Business Networking Group)","","https://www.thenetworkerhub.com/for-organisers?email=info%40ibngroup.co.uk&intent=organiser-claim&auth=register&next=%2Forganiser%2F%3Fonboard%3Dclaim"
hello@inclusivebytes.org,"Inclusive Bytes","","https://www.thenetworkerhub.com/for-organisers?email=hello%40inclusivebytes.org&intent=organiser-claim&auth=register&next=%2Forganiser%2F%3Fonboard%3Dclaim"
inetwork@tameside.gov.uk,"iNetwork","","https://www.thenetworkerhub.com/for-organisers?email=inetwork%40tameside.gov.uk&intent=organiser-claim&auth=register&next=%2Forganiser%2F%3Fonboard%3Dclaim"
info@innovateml.co.uk,"Innovate Mortgages & Loans","","https://www.thenetworkerhub.com/for-organisers?email=info%40innovateml.co.uk&intent=organiser-claim&auth=register&next=%2Forganiser%2F%3Fonboard%3Dclaim"
hello@insideandout.co.uk,"Inside & Out Digital","","https://www.thenetworkerhub.com/for-organisers?email=hello%40insideandout.co.uk&intent=organiser-claim&auth=register&next=%2Forganiser%2F%3Fonboard%3Dclaim"
mandie@mandieholgate.co.uk,"INsiders","","https://www.thenetworkerhub.com/for-organisers?email=mandie%40mandieholgate.co.uk&intent=organiser-claim&auth=register&next=%2Forganiser%2F%3Fonboard%3Dclaim"
admin@thinklikeatree.co.uk,"Inspired by Nature Network","","https://www.thenetworkerhub.com/for-organisers?email=admin%40thinklikeatree.co.uk&intent=organiser-claim&auth=register&next=%2Forganiser%2F%3Fonboard%3Dclaim"
youth.council@instituteofhospitality.org,"Institute of Hospitality","","https://www.thenetworkerhub.com/for-organisers?email=youth.council%40instituteofhospitality.org&intent=organiser-claim&auth=register&next=%2Forganiser%2F%3Fonboard%3Dclaim"
interactnetworking@gmail.com,"Interact","","https://www.thenetworkerhub.com/for-organisers?email=interactnetworking%40gmail.com&intent=organiser-claim&auth=register&next=%2Forganiser%2F%3Fonboard%3Dclaim"
emma.ireland@ten-percent.co.uk,"Interim Lawyers","","https://www.thenetworkerhub.com/for-organisers?email=emma.ireland%40ten-percent.co.uk&intent=organiser-claim&auth=register&next=%2Forganiser%2F%3Fonboard%3Dclaim"
info@introbiz.com,"IntroBiz","","https://www.thenetworkerhub.com/for-organisers?email=info%40introbiz.com&intent=organiser-claim&auth=register&next=%2Forganiser%2F%3Fonboard%3Dclaim"
business.support@hullcc.gov.uk,"Invest Hull","","https://www.thenetworkerhub.com/for-organisers?email=business.support%40hullcc.gov.uk&intent=organiser-claim&auth=register&next=%2Forganiser%2F%3Fonboard%3Dclaim"
businessinfo@northlincs.gov.uk,"Invest in North Lincolnshire","","https://www.thenetworkerhub.com/for-organisers?email=businessinfo%40northlincs.gov.uk&intent=organiser-claim&auth=register&next=%2Forganiser%2F%3Fonboard%3Dclaim"
membership@ipse.co.uk,"IPSE (The Association of Independent Professionals)","","https://www.thenetworkerhub.com/for-organisers?email=membership%40ipse.co.uk&intent=organiser-claim&auth=register&next=%2Forganiser%2F%3Fonboard%3Dclaim"
tim.whiston@ismeandco.com,"Is Me & CO","","https://www.thenetworkerhub.com/for-organisers?email=tim.whiston%40ismeandco.com&intent=organiser-claim&auth=register&next=%2Forganiser%2F%3Fonboard%3Dclaim"
info@isbe.org.uk,"ISBE (Institute for small business and entrepreneurship","","https://www.thenetworkerhub.com/for-organisers?email=info%40isbe.org.uk&intent=organiser-claim&auth=register&next=%2Forganiser%2F%3Fonboard%3Dclaim"
phil@pmbd.co.uk,"Island Networking – Sheffield & Rotherham","","https://www.thenetworkerhub.com/for-organisers?email=phil%40pmbd.co.uk&intent=organiser-claim&auth=register&next=%2Forganiser%2F%3Fonboard%3Dclaim"
mail@issba.co.uk,"ISSBA (Ipswich & Suffolk Small Business Association)","","https://www.thenetworkerhub.com/for-organisers?email=mail%40issba.co.uk&intent=organiser-claim&auth=register&next=%2Forganiser%2F%3Fonboard%3Dclaim"
suffolktechnetwork@gmail.com,"ISTN (Ipswich & Suffolk Tech Network)","","https://www.thenetworkerhub.com/for-organisers?email=suffolktechnetwork%40gmail.com&intent=organiser-claim&auth=register&next=%2Forganiser%2F%3Fonboard%3Dclaim"
space@iungo.works,"Iungoworks","","https://www.thenetworkerhub.com/for-organisers?email=space%40iungo.works&intent=organiser-claim&auth=register&next=%2Forganiser%2F%3Fonboard%3Dclaim"
info@jbn.london,"JBN (Jewish Business Network)","","https://www.thenetworkerhub.com/for-organisers?email=info%40jbn.london&intent=organiser-claim&auth=register&next=%2Forganiser%2F%3Fonboard%3Dclaim"
joanne@joannedewberry.co.uk,"Joanne Dewberry","","https://www.thenetworkerhub.com/for-organisers?email=joanne%40joannedewberry.co.uk&intent=organiser-claim&auth=register&next=%2Forganiser%2F%3Fonboard%3Dclaim"
sales@k107.co.uk,"K107 FM","","https://www.thenetworkerhub.com/for-organisers?email=sales%40k107.co.uk&intent=organiser-claim&auth=register&next=%2Forganiser%2F%3Fonboard%3Dclaim"
info@k2networking.co.uk,"K2N","","https://www.thenetworkerhub.com/for-organisers?email=info%40k2networking.co.uk&intent=organiser-claim&auth=register&next=%2Forganiser%2F%3Fonboard%3Dclaim"
richardssue351@gmail.com,"KCC Networking","","https://www.thenetworkerhub.com/for-organisers?email=richardssue351%40gmail.com&intent=organiser-claim&auth=register&next=%2Forganiser%2F%3Fonboard%3Dclaim"
hello@kimbolton.online,"Kimbolton Connects","","https://www.thenetworkerhub.com/for-organisers?email=hello%40kimbolton.online&intent=organiser-claim&auth=register&next=%2Forganiser%2F%3Fonboard%3Dclaim"
info@king-networking.co.uk,"KiNG (Kernow Independent Networking Group)","","https://www.thenetworkerhub.com/for-organisers?email=info%40king-networking.co.uk&intent=organiser-claim&auth=register&next=%2Forganiser%2F%3Fonboard%3Dclaim"
nutritioneighty@yahoo.com,"Kingdom Nutrition","","https://www.thenetworkerhub.com/for-organisers?email=nutritioneighty%40yahoo.com&intent=organiser-claim&auth=register&next=%2Forganiser%2F%3Fonboard%3Dclaim"
enquiries@knightsshahsolicitors.co.uk,"Knights & Shah Solicitors","","https://www.thenetworkerhub.com/for-organisers?email=enquiries%40knightsshahsolicitors.co.uk&intent=organiser-claim&auth=register&next=%2Forganiser%2F%3Fonboard%3Dclaim"
hello@kukuconnect.co.uk,"KUKU Connect","","https://www.thenetworkerhub.com/for-organisers?email=hello%40kukuconnect.co.uk&intent=organiser-claim&auth=register&next=%2Forganiser%2F%3Fonboard%3Dclaim"
info@weareintro.co.uk,"LA23NET","","https://www.thenetworkerhub.com/for-organisers?email=info%40weareintro.co.uk&intent=organiser-claim&auth=register&next=%2Forganiser%2F%3Fonboard%3Dclaim"
lisa.thomas@parkerandrews.co.uk,"Ladies Lunch Plymouth","","https://www.thenetworkerhub.com/for-organisers?email=lisa.thomas%40parkerandrews.co.uk&intent=organiser-claim&auth=register&next=%2Forganiser%2F%3Fonboard%3Dclaim"
heather@ladiesnetwork.co.uk,"Ladies Network","","https://www.thenetworkerhub.com/for-organisers?email=heather%40ladiesnetwork.co.uk&intent=organiser-claim&auth=register&next=%2Forganiser%2F%3Fonboard%3Dclaim"
admin@ladieswholatte.com,"Ladies Who Latte","","https://www.thenetworkerhub.com/for-organisers?email=admin%40ladieswholatte.com&intent=organiser-claim&auth=register&next=%2Forganiser%2F%3Fonboard%3Dclaim"
val@ladyvalnetwork.biz,"Lady Val's Professional Women's Network","","https://www.thenetworkerhub.com/for-organisers?email=val%40ladyvalnetwork.biz&intent=organiser-claim&auth=register&next=%2Forganiser%2F%3Fonboard%3Dclaim"
enquiries@lbn.org.uk,"Lakeland Businesswomen's Network (LBN)","","https://www.thenetworkerhub.com/for-organisers?email=enquiries%40lbn.org.uk&intent=organiser-claim&auth=register&next=%2Forganiser%2F%3Fonboard%3Dclaim"
info@lanarkshirebusinessgroup.com,"Lanarkshire Business Group","","https://www.thenetworkerhub.com/for-organisers?email=info%40lanarkshirebusinessgroup.com&intent=organiser-claim&auth=register&next=%2Forganiser%2F%3Fonboard%3Dclaim"
linda@leadershipglobal.com,"LeadHerShip Global","","https://www.thenetworkerhub.com/for-organisers?email=linda%40leadershipglobal.com&intent=organiser-claim&auth=register&next=%2Forganiser%2F%3Fonboard%3Dclaim"
request@leadingedgebusiness.co.uk,"Leading Edge Business Networking","","https://www.thenetworkerhub.com/for-organisers?email=request%40leadingedgebusiness.co.uk&intent=organiser-claim&auth=register&next=%2Forganiser%2F%3Fonboard%3Dclaim"
info@ledburyandnewentnetwork.co.uk,"Ledbury & Newent Network","","https://www.thenetworkerhub.com/for-organisers?email=info%40ledburyandnewentnetwork.co.uk&intent=organiser-claim&auth=register&next=%2Forganiser%2F%3Fonboard%3Dclaim"
info@leedsinvolvement.org.uk,"Leeds Involving People","","https://www.thenetworkerhub.com/for-organisers?email=info%40leedsinvolvement.org.uk&intent=organiser-claim&auth=register&next=%2Forganiser%2F%3Fonboard%3Dclaim"
matthew.robinson@brewin.co.uk,"Leicester Hotshots","","https://www.thenetworkerhub.com/for-organisers?email=matthew.robinson%40brewin.co.uk&intent=organiser-claim&auth=register&next=%2Forganiser%2F%3Fonboard%3Dclaim"
commercialteam@tigers.co.uk,"Leicester Tigers Business Club","","https://www.thenetworkerhub.com/for-organisers?email=commercialteam%40tigers.co.uk&intent=organiser-claim&auth=register&next=%2Forganiser%2F%3Fonboard%3Dclaim"
voice@lbv.co.uk,"Leicestershire Business Voice","","https://www.thenetworkerhub.com/for-organisers?email=voice%40lbv.co.uk&intent=organiser-claim&auth=register&next=%2Forganiser%2F%3Fonboard%3Dclaim"
info@letsdo.co.uk,"Let's Do Business","","https://www.thenetworkerhub.com/for-organisers?email=info%40letsdo.co.uk&intent=organiser-claim&auth=register&next=%2Forganiser%2F%3Fonboard%3Dclaim"
info@levisolicitors.co.uk,"Levi Solicitors LLP","","https://www.thenetworkerhub.com/for-organisers?email=info%40levisolicitors.co.uk&intent=organiser-claim&auth=register&next=%2Forganiser%2F%3Fonboard%3Dclaim"
hello.likemindedprofessionals@gmail.com,"Like-Minded Professionals","","https://www.thenetworkerhub.com/for-organisers?email=hello.likemindedprofessionals%40gmail.com&intent=organiser-claim&auth=register&next=%2Forganiser%2F%3Fonboard%3Dclaim"
leedsjld@outlook.com,"LJLD (Leeds Junior Lawyers Division)","","https://www.thenetworkerhub.com/for-organisers?email=leedsjld%40outlook.com&intent=organiser-claim&auth=register&next=%2Forganiser%2F%3Fonboard%3Dclaim"
jonathan@llani.wales,"Llanidloes Networking","","https://www.thenetworkerhub.com/for-organisers?email=jonathan%40llani.wales&intent=organiser-claim&auth=register&next=%2Forganiser%2F%3Fonboard%3Dclaim"
info@localbusinessconnections.com,"Local Business Connections","","https://www.thenetworkerhub.com/for-organisers?email=info%40localbusinessconnections.com&intent=organiser-claim&auth=register&next=%2Forganiser%2F%3Fonboard%3Dclaim"
events@londonbusinessnetwork.uk,"London Business Network","","https://www.thenetworkerhub.com/for-organisers?email=events%40londonbusinessnetwork.uk&intent=organiser-claim&auth=register&next=%2Forganiser%2F%3Fonboard%3Dclaim"
timea.kadar@gmail.com,"London Business Society","","https://www.thenetworkerhub.com/for-organisers?email=timea.kadar%40gmail.com&intent=organiser-claim&auth=register&next=%2Forganiser%2F%3Fonboard%3Dclaim"
zoe.rines@3-sphere.co.uk,"London Development Network (LDN)","","https://www.thenetworkerhub.com/for-organisers?email=zoe.rines%403-sphere.co.uk&intent=organiser-claim&auth=register&next=%2Forganiser%2F%3Fonboard%3Dclaim"
mail@londonhr.org,"London HR Connection","","https://www.thenetworkerhub.com/for-organisers?email=mail%40londonhr.org&intent=organiser-claim&auth=register&next=%2Forganiser%2F%3Fonboard%3Dclaim"
chantellew@max-publishing.co.uk,"London International Stationery Show","","https://www.thenetworkerhub.com/for-organisers?email=chantellew%40max-publishing.co.uk&intent=organiser-claim&auth=register&next=%2Forganiser%2F%3Fonboard%3Dclaim"
info@londonnetworkingclub.com,"London Networking Group","","https://www.thenetworkerhub.com/for-organisers?email=info%40londonnetworkingclub.com&intent=organiser-claim&auth=register&next=%2Forganiser%2F%3Fonboard%3Dclaim"
info@londonreferralnetwork.com,"London Referral Network","","https://www.thenetworkerhub.com/for-organisers?email=info%40londonreferralnetwork.com&intent=organiser-claim&auth=register&next=%2Forganiser%2F%3Fonboard%3Dclaim"
info@londonwomensforum.org,"London Women's Forum","","https://www.thenetworkerhub.com/for-organisers?email=info%40londonwomensforum.org&intent=organiser-claim&auth=register&next=%2Forganiser%2F%3Fonboard%3Dclaim"
invites@londonfintechs.com,"LondonFintechs","","https://www.thenetworkerhub.com/for-organisers?email=invites%40londonfintechs.com&intent=organiser-claim&auth=register&next=%2Forganiser%2F%3Fonboard%3Dclaim"
info@louthbusinessclub.com,"Louth Business Club","","https://www.thenetworkerhub.com/for-organisers?email=info%40louthbusinessclub.com&intent=organiser-claim&auth=register&next=%2Forganiser%2F%3Fonboard%3Dclaim"
info@lovebusinesseastmidlands.com,"Love Business Networking (East Midlands)","","https://www.thenetworkerhub.com/for-organisers?email=info%40lovebusinesseastmidlands.com&intent=organiser-claim&auth=register&next=%2Forganiser%2F%3Fonboard%3Dclaim"
info@lovewimbledon.org,"Love Wimbledon","","https://www.thenetworkerhub.com/for-organisers?email=info%40lovewimbledon.org&intent=organiser-claim&auth=register&next=%2Forganiser%2F%3Fonboard%3Dclaim"
juliecameron@lovebiznetworking.co.uk,"LoveBiz Networking Arden Community","","https://www.thenetworkerhub.com/for-organisers?email=juliecameron%40lovebiznetworking.co.uk&intent=organiser-claim&auth=register&next=%2Forganiser%2F%3Fonboard%3Dclaim"
suecrooks@lovebiznetworking.co.uk,"LoveBiz Networking Impact Executive","","https://www.thenetworkerhub.com/for-organisers?email=suecrooks%40lovebiznetworking.co.uk&intent=organiser-claim&auth=register&next=%2Forganiser%2F%3Fonboard%3Dclaim"
michelleullyott@lovebiznetworking.co.uk,"LoveBiz Networking Leger Saint Don Community","","https://www.thenetworkerhub.com/for-organisers?email=michelleullyott%40lovebiznetworking.co.uk&intent=organiser-claim&auth=register&next=%2Forganiser%2F%3Fonboard%3Dclaim"
jacquedrain@lovebiznetworking.co.uk,"LoveBiz Networking Three Spires Community","","https://www.thenetworkerhub.com/for-organisers?email=jacquedrain%40lovebiznetworking.co.uk&intent=organiser-claim&auth=register&next=%2Forganiser%2F%3Fonboard%3Dclaim"
louisemonblat@icloud.com,"Lyme Business Network","","https://www.thenetworkerhub.com/for-organisers?email=louisemonblat%40icloud.com&intent=organiser-claim&auth=register&next=%2Forganiser%2F%3Fonboard%3Dclaim"
info@lynea.co.uk,"Lynea Architects","","https://www.thenetworkerhub.com/for-organisers?email=info%40lynea.co.uk&intent=organiser-claim&auth=register&next=%2Forganiser%2F%3Fonboard%3Dclaim"
h.hambleton@uhy-uk.com,"M4 Business Network","","https://www.thenetworkerhub.com/for-organisers?email=h.hambleton%40uhy-uk.com&intent=organiser-claim&auth=register&next=%2Forganiser%2F%3Fonboard%3Dclaim"
admin@mansfieldandashfield2020.com,"Mansfield & Ashfield 2020","","https://www.thenetworkerhub.com/for-organisers?email=admin%40mansfieldandashfield2020.com&intent=organiser-claim&auth=register&next=%2Forganiser%2F%3Fonboard%3Dclaim"
hello@mantlespace.co.uk,"Mantle Space - Go Meet","","https://www.thenetworkerhub.com/for-organisers?email=hello%40mantlespace.co.uk&intent=organiser-claim&auth=register&next=%2Forganiser%2F%3Fonboard%3Dclaim"
enquiries@marchesgrowthhub.co.uk,"Marches Growth Hub","","https://www.thenetworkerhub.com/for-organisers?email=enquiries%40marchesgrowthhub.co.uk&intent=organiser-claim&auth=register&next=%2Forganiser%2F%3Fonboard%3Dclaim"
mawcommitteeni@gmail.com,"MAW (Mums at Work Network)","","https://www.thenetworkerhub.com/for-organisers?email=mawcommitteeni%40gmail.com&intent=organiser-claim&auth=register&next=%2Forganiser%2F%3Fonboard%3Dclaim"
info@mbnsolutions.com,"MBN","","https://www.thenetworkerhub.com/for-organisers?email=info%40mbnsolutions.com&intent=organiser-claim&auth=register&next=%2Forganiser%2F%3Fonboard%3Dclaim"
events@md2md.co.uk,"MD2MD","","https://www.thenetworkerhub.com/for-organisers?email=events%40md2md.co.uk&intent=organiser-claim&auth=register&next=%2Forganiser%2F%3Fonboard%3Dclaim"
info@medina-business.com,"Medina Business Exchange","","https://www.thenetworkerhub.com/for-organisers?email=info%40medina-business.com&intent=organiser-claim&auth=register&next=%2Forganiser%2F%3Fonboard%3Dclaim"
kimmi@melbournbusinessassociation.com,"Melbourn Business Association","","https://www.thenetworkerhub.com/for-organisers?email=kimmi%40melbournbusinessassociation.com&intent=organiser-claim&auth=register&next=%2Forganiser%2F%3Fonboard%3Dclaim"
bookings@menta.org.uk,"MENTA Networking Events","","https://www.thenetworkerhub.com/for-organisers?email=bookings%40menta.org.uk&intent=organiser-claim&auth=register&next=%2Forganiser%2F%3Fonboard%3Dclaim"
info@met-events.co.uk,"Met Events","","https://www.thenetworkerhub.com/for-organisers?email=info%40met-events.co.uk&intent=organiser-claim&auth=register&next=%2Forganiser%2F%3Fonboard%3Dclaim"
enquiries@mhhp.co.uk,"MHH Partnership","","https://www.thenetworkerhub.com/for-organisers?email=enquiries%40mhhp.co.uk&intent=organiser-claim&auth=register&next=%2Forganiser%2F%3Fonboard%3Dclaim"
hello@manchesterhospitalitynetwork.co.uk,"MHN (Manchester Hospitality Network)","","https://www.thenetworkerhub.com/for-organisers?email=hello%40manchesterhospitalitynetwork.co.uk&intent=organiser-claim&auth=register&next=%2Forganiser%2F%3Fonboard%3Dclaim"
info@middevonnetwork.co.uk,"Mid Devon Network","","https://www.thenetworkerhub.com/for-organisers?email=info%40middevonnetwork.co.uk&intent=organiser-claim&auth=register&next=%2Forganiser%2F%3Fonboard%3Dclaim"
info@themidlandsbusinessnetwork.co.uk,"Midlands Business Network","","https://www.thenetworkerhub.com/for-organisers?email=info%40themidlandsbusinessnetwork.co.uk&intent=organiser-claim&auth=register&next=%2Forganiser%2F%3Fonboard%3Dclaim"
info@migratedata.co.uk,"Migrate Data","","https://www.thenetworkerhub.com/for-organisers?email=info%40migratedata.co.uk&intent=organiser-claim&auth=register&next=%2Forganiser%2F%3Fonboard%3Dclaim"
info@millionairenetworkinsocialclub.com,"Millionaire Club","","https://www.thenetworkerhub.com/for-organisers?email=info%40millionairenetworkinsocialclub.com&intent=organiser-claim&auth=register&next=%2Forganiser%2F%3Fonboard%3Dclaim"
info@mintbusinessclub.co.uk,"Mint Business Club","","https://www.thenetworkerhub.com/for-organisers?email=info%40mintbusinessclub.co.uk&intent=organiser-claim&auth=register&next=%2Forganiser%2F%3Fonboard%3Dclaim"
met@sky.com,"MLUXE","","https://www.thenetworkerhub.com/for-organisers?email=met%40sky.com&intent=organiser-claim&auth=register&next=%2Forganiser%2F%3Fonboard%3Dclaim"
enquiries@momentousrelocation.co.uk,"Momentous Relocation","","https://www.thenetworkerhub.com/for-organisers?email=enquiries%40momentousrelocation.co.uk&intent=organiser-claim&auth=register&next=%2Forganiser%2F%3Fonboard%3Dclaim"
simon.millar@albanwiseinsurance.co.uk,"Monopoly Network","","https://www.thenetworkerhub.com/for-organisers?email=simon.millar%40albanwiseinsurance.co.uk&intent=organiser-claim&auth=register&next=%2Forganiser%2F%3Fonboard%3Dclaim"
annick@therooster.co.uk,"Moor Park Business Club","","https://www.thenetworkerhub.com/for-organisers?email=annick%40therooster.co.uk&intent=organiser-claim&auth=register&next=%2Forganiser%2F%3Fonboard%3Dclaim"
secretary@mbwc.org.uk,"Moray Business Women","","https://www.thenetworkerhub.com/for-organisers?email=secretary%40mbwc.org.uk&intent=organiser-claim&auth=register&next=%2Forganiser%2F%3Fonboard%3Dclaim"
ahsanansari4773@gmail.com,"Motion Graphics Design","","https://www.thenetworkerhub.com/for-organisers?email=ahsanansari4773%40gmail.com&intent=organiser-claim&auth=register&next=%2Forganiser%2F%3Fonboard%3Dclaim"
hello@msgbusinesselevate.com,"MSG Business Elevate","","https://www.thenetworkerhub.com/for-organisers?email=hello%40msgbusinesselevate.com&intent=organiser-claim&auth=register&next=%2Forganiser%2F%3Fonboard%3Dclaim"
ali.tait@mibnetwork.org.uk,"Mums in Business","","https://www.thenetworkerhub.com/for-organisers?email=ali.tait%40mibnetwork.org.uk&intent=organiser-claim&auth=register&next=%2Forganiser%2F%3Fonboard%3Dclaim"
info@mwmg.org,"MWMG (Mid Wales Manufacturing Group)","","https://www.thenetworkerhub.com/for-organisers?email=info%40mwmg.org&intent=organiser-claim&auth=register&next=%2Forganiser%2F%3Fonboard%3Dclaim"
info@mylegalservices.co.uk,"My Legal Services","","https://www.thenetworkerhub.com/for-organisers?email=info%40mylegalservices.co.uk&intent=organiser-claim&auth=register&next=%2Forganiser%2F%3Fonboard%3Dclaim"
enquiries@mylondonsolicitors.com,"My London Solicitors","","https://www.thenetworkerhub.com/for-organisers?email=enquiries%40mylondonsolicitors.com&intent=organiser-claim&auth=register&next=%2Forganiser%2F%3Fonboard%3Dclaim"
sage.kuo@mygwork.com,"myGwork","","https://www.thenetworkerhub.com/for-organisers?email=sage.kuo%40mygwork.com&intent=organiser-claim&auth=register&next=%2Forganiser%2F%3Fonboard%3Dclaim"
steve@topmarquesuniforms.co.uk,"N4B (Networking4breakfast)","","https://www.thenetworkerhub.com/for-organisers?email=steve%40topmarquesuniforms.co.uk&intent=organiser-claim&auth=register&next=%2Forganiser%2F%3Fonboard%3Dclaim"
enquiries@nash.co.uk,"Nash and Co Solicitors","","https://www.thenetworkerhub.com/for-organisers?email=enquiries%40nash.co.uk&intent=organiser-claim&auth=register&next=%2Forganiser%2F%3Fonboard%3Dclaim"
info@necgroup.co.uk,"National Convenience Show (NEC)","","https://www.thenetworkerhub.com/for-organisers?email=info%40necgroup.co.uk&intent=organiser-claim&auth=register&next=%2Forganiser%2F%3Fonboard%3Dclaim"
info@nnoss.co.uk,"National Network of Special Schools SBPs","","https://www.thenetworkerhub.com/for-organisers?email=info%40nnoss.co.uk&intent=organiser-claim&auth=register&next=%2Forganiser%2F%3Fonboard%3Dclaim"
info@nationalretrofithub.org.uk,"National Retrofit Hub","","https://www.thenetworkerhub.com/for-organisers?email=info%40nationalretrofithub.org.uk&intent=organiser-claim&auth=register&next=%2Forganiser%2F%3Fonboard%3Dclaim"
info@nbwn.org,"NBWN (National Black Women's Network)","","https://www.thenetworkerhub.com/for-organisers?email=info%40nbwn.org&intent=organiser-claim&auth=register&next=%2Forganiser%2F%3Fonboard%3Dclaim"
stephanie@networkb2b.co.uk,"Network B2B","","https://www.thenetworkerhub.com/for-organisers?email=stephanie%40networkb2b.co.uk&intent=organiser-claim&auth=register&next=%2Forganiser%2F%3Fonboard%3Dclaim"
hive@networkbee.uk,"Network Bee","","https://www.thenetworkerhub.com/for-organisers?email=hive%40networkbee.uk&intent=organiser-claim&auth=register&next=%2Forganiser%2F%3Fonboard%3Dclaim"
ian@digitalpeninsula.com,"Network Cornwall","","https://www.thenetworkerhub.com/for-organisers?email=ian%40digitalpeninsula.com&intent=organiser-claim&auth=register&next=%2Forganiser%2F%3Fonboard%3Dclaim"
info@nbg.co.uk,"Network Group","","https://www.thenetworkerhub.com/for-organisers?email=info%40nbg.co.uk&intent=organiser-claim&auth=register&next=%2Forganiser%2F%3Fonboard%3Dclaim"
team@networkin.uk,"Network In","","https://www.thenetworkerhub.com/for-organisers?email=team%40networkin.uk&intent=organiser-claim&auth=register&next=%2Forganiser%2F%3Fonboard%3Dclaim"
claire.herbert@gateleylegal.com,"Network LE","","https://www.thenetworkerhub.com/for-organisers?email=claire.herbert%40gateleylegal.com&intent=organiser-claim&auth=register&next=%2Forganiser%2F%3Fonboard%3Dclaim"
info@networknotwork.co.uk,"netWORK notWORK","","https://www.thenetworkerhub.com/for-organisers?email=info%40networknotwork.co.uk&intent=organiser-claim&auth=register&next=%2Forganiser%2F%3Fonboard%3Dclaim"
colin@savemoney.me.uk,"Network Plymouth","","https://www.thenetworkerhub.com/for-organisers?email=colin%40savemoney.me.uk&intent=organiser-claim&auth=register&next=%2Forganiser%2F%3Fonboard%3Dclaim"
hello@networkshe.co.uk,"Network She","","https://www.thenetworkerhub.com/for-organisers?email=hello%40networkshe.co.uk&intent=organiser-claim&auth=register&next=%2Forganiser%2F%3Fonboard%3Dclaim"
howard@numersrus.co.uk,"Network4Business","","https://www.thenetworkerhub.com/for-organisers?email=howard%40numersrus.co.uk&intent=organiser-claim&auth=register&next=%2Forganiser%2F%3Fonboard%3Dclaim"
teams@networkin.uk,"NetworkIN","","https://www.thenetworkerhub.com/for-organisers?email=teams%40networkin.uk&intent=organiser-claim&auth=register&next=%2Forganiser%2F%3Fonboard%3Dclaim"
lesley@networking4essex.co.uk,"Networking 4 Essex Women (NEW)","","https://www.thenetworkerhub.com/for-organisers?email=lesley%40networking4essex.co.uk&intent=organiser-claim&auth=register&next=%2Forganiser%2F%3Fonboard%3Dclaim"
aic.aura@hull.ac.uk,"Networking Business Breakfast (University of Hull)","","https://www.thenetworkerhub.com/for-organisers?email=aic.aura%40hull.ac.uk&intent=organiser-claim&auth=register&next=%2Forganiser%2F%3Fonboard%3Dclaim"
aaron@networking-essex.co.uk,"Networking Essex","","https://www.thenetworkerhub.com/for-organisers?email=aaron%40networking-essex.co.uk&intent=organiser-claim&auth=register&next=%2Forganiser%2F%3Fonboard%3Dclaim"
events@networking.london,"Networking London","","https://www.thenetworkerhub.com/for-organisers?email=events%40networking.london&intent=organiser-claim&auth=register&next=%2Forganiser%2F%3Fonboard%3Dclaim"
hello@networking-women.com,"Networking Women","","https://www.thenetworkerhub.com/for-organisers?email=hello%40networking-women.com&intent=organiser-claim&auth=register&next=%2Forganiser%2F%3Fonboard%3Dclaim"
daryl@networx4business.co.uk,"networx4business","","https://www.thenetworkerhub.com/for-organisers?email=daryl%40networx4business.co.uk&intent=organiser-claim&auth=register&next=%2Forganiser%2F%3Fonboard%3Dclaim"
enquiry@neuroalignclinic.co.uk,"Neuro Align Clinic","","https://www.thenetworkerhub.com/for-organisers?email=enquiry%40neuroalignclinic.co.uk&intent=organiser-claim&auth=register&next=%2Forganiser%2F%3Fonboard%3Dclaim"
info@newburybusiness.co.uk,"Newbury Business Group","","https://www.thenetworkerhub.com/for-organisers?email=info%40newburybusiness.co.uk&intent=organiser-claim&auth=register&next=%2Forganiser%2F%3Fonboard%3Dclaim"
business.club@nufc.co.uk,"Newcastle United Business Club","","https://www.thenetworkerhub.com/for-organisers?email=business.club%40nufc.co.uk&intent=organiser-claim&auth=register&next=%2Forganiser%2F%3Fonboard%3Dclaim"
hello@nexusleeds.co.uk,"Nexus","","https://www.thenetworkerhub.com/for-organisers?email=hello%40nexusleeds.co.uk&intent=organiser-claim&auth=register&next=%2Forganiser%2F%3Fonboard%3Dclaim"
info@nicholsonandco.co.uk,"Nicholson & Co Accountancy","","https://www.thenetworkerhub.com/for-organisers?email=info%40nicholsonandco.co.uk&intent=organiser-claim&auth=register&next=%2Forganiser%2F%3Fonboard%3Dclaim"
niki@nikipatersondesign.com,"Niki Paterson Design","","https://www.thenetworkerhub.com/for-organisers?email=niki%40nikipatersondesign.com&intent=organiser-claim&auth=register&next=%2Forganiser%2F%3Fonboard%3Dclaim"
info@nimbusclinics.com,"Nimbus Clinics","","https://www.thenetworkerhub.com/for-organisers?email=info%40nimbusclinics.com&intent=organiser-claim&auth=register&next=%2Forganiser%2F%3Fonboard%3Dclaim"
hello@nnbn.co.uk,"NNBN","","https://www.thenetworkerhub.com/for-organisers?email=hello%40nnbn.co.uk&intent=organiser-claim&auth=register&next=%2Forganiser%2F%3Fonboard%3Dclaim"
notiesnw2015@gmail.com,"No Ties Networking","","https://www.thenetworkerhub.com/for-organisers?email=notiesnw2015%40gmail.com&intent=organiser-claim&auth=register&next=%2Forganiser%2F%3Fonboard%3Dclaim"
paul.livingstone@nof.co.uk,"NOF","","https://www.thenetworkerhub.com/for-organisers?email=paul.livingstone%40nof.co.uk&intent=organiser-claim&auth=register&next=%2Forganiser%2F%3Fonboard%3Dclaim"
info@norfolknetwork.com,"Norfolk Network","","https://www.thenetworkerhub.com/for-organisers?email=info%40norfolknetwork.com&intent=organiser-claim&auth=register&next=%2Forganiser%2F%3Fonboard%3Dclaim"
grace@nwmnetwork.co.uk,"Norfolk Women's Marketing Network (NWM Network)","","https://www.thenetworkerhub.com/for-organisers?email=grace%40nwmnetwork.co.uk&intent=organiser-claim&auth=register&next=%2Forganiser%2F%3Fonboard%3Dclaim"
paulm@lancschamber.co.uk,"North & Western Lancashire Chamber of Commerce","","https://www.thenetworkerhub.com/for-organisers?email=paulm%40lancschamber.co.uk&intent=organiser-claim&auth=register&next=%2Forganiser%2F%3Fonboard%3Dclaim"
info@neechamber.co.uk,"North East Chamber of Commerce","","https://www.thenetworkerhub.com/for-organisers?email=info%40neechamber.co.uk&intent=organiser-claim&auth=register&next=%2Forganiser%2F%3Fonboard%3Dclaim"
info@northeastnetwork.co.uk,"North East Network","","https://www.thenetworkerhub.com/for-organisers?email=info%40northeastnetwork.co.uk&intent=organiser-claim&auth=register&next=%2Forganiser%2F%3Fonboard%3Dclaim"
info@nwbc.org.uk,"North Wales Business Club","","https://www.thenetworkerhub.com/for-organisers?email=info%40nwbc.org.uk&intent=organiser-claim&auth=register&next=%2Forganiser%2F%3Fonboard%3Dclaim"
kathy.thomas@northern-consortium.org.uk,"Northern Housing Consortium","","https://www.thenetworkerhub.com/for-organisers?email=kathy.thomas%40northern-consortium.org.uk&intent=organiser-claim&auth=register&next=%2Forganiser%2F%3Fonboard%3Dclaim"
enquiries@nbwn.co.uk,"Norwich Business Women's Network (NBWN)","","https://www.thenetworkerhub.com/for-organisers?email=enquiries%40nbwn.co.uk&intent=organiser-claim&auth=register&next=%2Forganiser%2F%3Fonboard%3Dclaim"
norwichkittynetworking@gmail.com,"Norwich Kitty Business Networking Group","","https://www.thenetworkerhub.com/for-organisers?email=norwichkittynetworking%40gmail.com&intent=organiser-claim&auth=register&next=%2Forganiser%2F%3Fonboard%3Dclaim"
info@notaryservicesltd.co.uk,"Notary Services Limited","","https://www.thenetworkerhub.com/for-organisers?email=info%40notaryservicesltd.co.uk&intent=organiser-claim&auth=register&next=%2Forganiser%2F%3Fonboard%3Dclaim"
admin@nottinghamcitybusinessclub.co.uk,"Nottingham City Business Club","","https://www.thenetworkerhub.com/for-organisers?email=admin%40nottinghamcitybusinessclub.co.uk&intent=organiser-claim&auth=register&next=%2Forganiser%2F%3Fonboard%3Dclaim"
hello@nottinghampartners.co.uk,"Nottingham Partners","","https://www.thenetworkerhub.com/for-organisers?email=hello%40nottinghampartners.co.uk&intent=organiser-claim&auth=register&next=%2Forganiser%2F%3Fonboard%3Dclaim"
businessteam@nottscc.gov.uk,"Nottinghamshire Business Support","","https://www.thenetworkerhub.com/for-organisers?email=businessteam%40nottscc.gov.uk&intent=organiser-claim&auth=register&next=%2Forganiser%2F%3Fonboard%3Dclaim"
samra@nottinghamwomenscentre.com,"Nottinghamshire Women's Centre","","https://www.thenetworkerhub.com/for-organisers?email=samra%40nottinghamwomenscentre.com&intent=organiser-claim&auth=register&next=%2Forganiser%2F%3Fonboard%3Dclaim"
enquiries@forwardladies.com,"Novi","","https://www.thenetworkerhub.com/for-organisers?email=enquiries%40forwardladies.com&intent=organiser-claim&auth=register&next=%2Forganiser%2F%3Fonboard%3Dclaim"
amanda@national-womens-network.co.uk,"NWN (National Women's Network)","","https://www.thenetworkerhub.com/for-organisers?email=amanda%40national-womens-network.co.uk&intent=organiser-claim&auth=register&next=%2Forganiser%2F%3Fonboard%3Dclaim"
hello@northwalessocial.co.uk,"NWS (North Wales Social)","","https://www.thenetworkerhub.com/for-organisers?email=hello%40northwalessocial.co.uk&intent=organiser-claim&auth=register&next=%2Forganiser%2F%3Fonboard%3Dclaim"
hwestwell@oeuk.org.uk,"OEUK Share Fair","","https://www.thenetworkerhub.com/for-organisers?email=hwestwell%40oeuk.org.uk&intent=organiser-claim&auth=register&next=%2Forganiser%2F%3Fonboard%3Dclaim"
info@oascotland.org.uk,"Officers' Association Scotland","","https://www.thenetworkerhub.com/for-organisers?email=info%40oascotland.org.uk&intent=organiser-claim&auth=register&next=%2Forganiser%2F%3Fonboard%3Dclaim"
james@theonle.network,"ONLE","","https://www.thenetworkerhub.com/for-organisers?email=james%40theonle.network&intent=organiser-claim&auth=register&next=%2Forganiser%2F%3Fonboard%3Dclaim"
customersupport@opencollege.info,"Open College UK Limited","","https://www.thenetworkerhub.com/for-organisers?email=customersupport%40opencollege.info&intent=organiser-claim&auth=register&next=%2Forganiser%2F%3Fonboard%3Dclaim"
admin@opendoorz.biz,"Opendoorz","","https://www.thenetworkerhub.com/for-organisers?email=admin%40opendoorz.biz&intent=organiser-claim&auth=register&next=%2Forganiser%2F%3Fonboard%3Dclaim"
jill@orbuk.org,"ORB - Organisation for Responsible Businesses","","https://www.thenetworkerhub.com/for-organisers?email=jill%40orbuk.org&intent=organiser-claim&auth=register&next=%2Forganiser%2F%3Fonboard%3Dclaim"
hello@outandaboutcampers.co.uk,"Out and About Campers","","https://www.thenetworkerhub.com/for-organisers?email=hello%40outandaboutcampers.co.uk&intent=organiser-claim&auth=register&next=%2Forganiser%2F%3Fonboard%3Dclaim"
info@outbritain.co.uk,"Out Britain","","https://www.thenetworkerhub.com/for-organisers?email=info%40outbritain.co.uk&intent=organiser-claim&auth=register&next=%2Forganiser%2F%3Fonboard%3Dclaim"
info@outback365.co.uk,"Outback 365","","https://www.thenetworkerhub.com/for-organisers?email=info%40outback365.co.uk&intent=organiser-claim&auth=register&next=%2Forganiser%2F%3Fonboard%3Dclaim"
hello@outside-ideas.com,"Outside Ideas","","https://www.thenetworkerhub.com/for-organisers?email=hello%40outside-ideas.com&intent=organiser-claim&auth=register&next=%2Forganiser%2F%3Fonboard%3Dclaim"
info@priddeymarketing.co.uk,"OxfordSTEM.Network","","https://www.thenetworkerhub.com/for-organisers?email=info%40priddeymarketing.co.uk&intent=organiser-claim&auth=register&next=%2Forganiser%2F%3Fonboard%3Dclaim"
info@pa-surveyors.co.uk,"PA Surveyors","","https://www.thenetworkerhub.com/for-organisers?email=info%40pa-surveyors.co.uk&intent=organiser-claim&auth=register&next=%2Forganiser%2F%3Fonboard%3Dclaim"
guy@ggfit.com,"Padel Partners Networking","","https://www.thenetworkerhub.com/for-organisers?email=guy%40ggfit.com&intent=organiser-claim&auth=register&next=%2Forganiser%2F%3Fonboard%3Dclaim"
info@parallaxcounselling.co.uk,"Parallax Counselling","","https://www.thenetworkerhub.com/for-organisers?email=info%40parallaxcounselling.co.uk&intent=organiser-claim&auth=register&next=%2Forganiser%2F%3Fonboard%3Dclaim"
info@pathway2grow.co.uk,"Pathway2Grow (Coffee & Natter)","","https://www.thenetworkerhub.com/for-organisers?email=info%40pathway2grow.co.uk&intent=organiser-claim&auth=register&next=%2Forganiser%2F%3Fonboard%3Dclaim"
info@patinasofas.com,"Patina Sofas","","https://www.thenetworkerhub.com/for-organisers?email=info%40patinasofas.com&intent=organiser-claim&auth=register&next=%2Forganiser%2F%3Fonboard%3Dclaim"
info@pbn.org.uk,"pbn (Perthshire Businesswomen's Network)","","https://www.thenetworkerhub.com/for-organisers?email=info%40pbn.org.uk&intent=organiser-claim&auth=register&next=%2Forganiser%2F%3Fonboard%3Dclaim"
info@pearceaccounts.com,"Pearce Accounts Consultancy Services","","https://www.thenetworkerhub.com/for-organisers?email=info%40pearceaccounts.com&intent=organiser-claim&auth=register&next=%2Forganiser%2F%3Fonboard%3Dclaim"
info@pearlaccountants.com,"Pearl Accountants","","https://www.thenetworkerhub.com/for-organisers?email=info%40pearlaccountants.com&intent=organiser-claim&auth=register&next=%2Forganiser%2F%3Fonboard%3Dclaim"
governor.services@norfolk.gov.uk,"Peer Networks (Schools & Learning Providers)","","https://www.thenetworkerhub.com/for-organisers?email=governor.services%40norfolk.gov.uk&intent=organiser-claim&auth=register&next=%2Forganiser%2F%3Fonboard%3Dclaim"
info@pegrumelectricalltd.co.uk,"Pegrum Electrical Ltd","","https://www.thenetworkerhub.com/for-organisers?email=info%40pegrumelectricalltd.co.uk&intent=organiser-claim&auth=register&next=%2Forganiser%2F%3Fonboard%3Dclaim"
members@peppercorn.biz,"Peppercorn Speed Networking","","https://www.thenetworkerhub.com/for-organisers?email=members%40peppercorn.biz&intent=organiser-claim&auth=register&next=%2Forganiser%2F%3Fonboard%3Dclaim"
info@personaltrainingdidsbury.com,"Personal Training Didsbury","","https://www.thenetworkerhub.com/for-organisers?email=info%40personaltrainingdidsbury.com&intent=organiser-claim&auth=register&next=%2Forganiser%2F%3Fonboard%3Dclaim"
info@propertyinvestorsnetwork.co.uk,"PIN (Property Investors Network)","","https://www.thenetworkerhub.com/for-organisers?email=info%40propertyinvestorsnetwork.co.uk&intent=organiser-claim&auth=register&next=%2Forganiser%2F%3Fonboard%3Dclaim"
events@pinklinkladies.co.uk,"Pink Link","","https://www.thenetworkerhub.com/for-organisers?email=events%40pinklinkladies.co.uk&intent=organiser-claim&auth=register&next=%2Forganiser%2F%3Fonboard%3Dclaim"
coral@pinklinkladies.co.uk,"Pink Link Ladies","","https://www.thenetworkerhub.com/for-organisers?email=coral%40pinklinkladies.co.uk&intent=organiser-claim&auth=register&next=%2Forganiser%2F%3Fonboard%3Dclaim"
sam@platformthirty1.com,"Platform Thirty1","","https://www.thenetworkerhub.com/for-organisers?email=sam%40platformthirty1.com&intent=organiser-claim&auth=register&next=%2Forganiser%2F%3Fonboard%3Dclaim"
hello@plcnetworking.uk,"PLC Business Networking Group","","https://www.thenetworkerhub.com/for-organisers?email=hello%40plcnetworking.uk&intent=organiser-claim&auth=register&next=%2Forganiser%2F%3Fonboard%3Dclaim"
hello@plusgroup.org,"Plus Group","","https://www.thenetworkerhub.com/for-organisers?email=hello%40plusgroup.org&intent=organiser-claim&auth=register&next=%2Forganiser%2F%3Fonboard%3Dclaim"
info@plymouthbusinessnetwork.co.uk,"Plymouth Business Network","","https://www.thenetworkerhub.com/for-organisers?email=info%40plymouthbusinessnetwork.co.uk&intent=organiser-claim&auth=register&next=%2Forganiser%2F%3Fonboard%3Dclaim"
katherine@popconnect.net,"POP Connect","","https://www.thenetworkerhub.com/for-organisers?email=katherine%40popconnect.net&intent=organiser-claim&auth=register&next=%2Forganiser%2F%3Fonboard%3Dclaim"
growth@kub-uk.com,"Power Networkers Hub","","https://www.thenetworkerhub.com/for-organisers?email=growth%40kub-uk.com&intent=organiser-claim&auth=register&next=%2Forganiser%2F%3Fonboard%3Dclaim"
hello@powerofwomen.org.uk,"Power of Women","","https://www.thenetworkerhub.com/for-organisers?email=hello%40powerofwomen.org.uk&intent=organiser-claim&auth=register&next=%2Forganiser%2F%3Fonboard%3Dclaim"
info@powerfulwomen.org.uk,"POWERful Women","","https://www.thenetworkerhub.com/for-organisers?email=info%40powerfulwomen.org.uk&intent=organiser-claim&auth=register&next=%2Forganiser%2F%3Fonboard%3Dclaim"
hello@progressiveproperty.co.uk,"PPN (Progressive Property Network)","","https://www.thenetworkerhub.com/for-organisers?email=hello%40progressiveproperty.co.uk&intent=organiser-claim&auth=register&next=%2Forganiser%2F%3Fonboard%3Dclaim"
kevinmc_donnell@hotmail.com,"PPN (Progressive Property Network) - Blackfriars London","","https://www.thenetworkerhub.com/for-organisers?email=kevinmc_donnell%40hotmail.com&intent=organiser-claim&auth=register&next=%2Forganiser%2F%3Fonboard%3Dclaim"
leighashbee@progressivepropertynetwork.co.uk,"PPN (Progressive Property Network) - Bournemouth","","https://www.thenetworkerhub.com/for-organisers?email=leighashbee%40progressivepropertynetwork.co.uk&intent=organiser-claim&auth=register&next=%2Forganiser%2F%3Fonboard%3Dclaim"
brentwood@progressivepropertynetwork.co.uk,"PPN (Progressive Property Network) - Brentwood","","https://www.thenetworkerhub.com/for-organisers?email=brentwood%40progressivepropertynetwork.co.uk&intent=organiser-claim&auth=register&next=%2Forganiser%2F%3Fonboard%3Dclaim"
glasgow@progressivepropertynetwork.co.uk,"PPN (Progressive Property Network) - Glasgow","","https://www.thenetworkerhub.com/for-organisers?email=glasgow%40progressivepropertynetwork.co.uk&intent=organiser-claim&auth=register&next=%2Forganiser%2F%3Fonboard%3Dclaim"
holborn@progressivepropertynetwork.co.uk,"PPN (Progressive Property Network) - Holborn","","https://www.thenetworkerhub.com/for-organisers?email=holborn%40progressivepropertynetwork.co.uk&intent=organiser-claim&auth=register&next=%2Forganiser%2F%3Fonboard%3Dclaim"
heidimobbs@progressivepropertynetwork.co.uk,"PPN (Progressive Property Network) - Humberside","","https://www.thenetworkerhub.com/for-organisers?email=heidimobbs%40progressivepropertynetwork.co.uk&intent=organiser-claim&auth=register&next=%2Forganiser%2F%3Fonboard%3Dclaim"
halsteadottley@progressivepropertynetwork.co.uk,"PPN (Progressive Property Network) - Ipswich","","https://www.thenetworkerhub.com/for-organisers?email=halsteadottley%40progressivepropertynetwork.co.uk&intent=organiser-claim&auth=register&next=%2Forganiser%2F%3Fonboard%3Dclaim"
leamingtonspa@progressivepropertynetwork.co.uk,"PPN (Progressive Property Network) - Leamington Spa","","https://www.thenetworkerhub.com/for-organisers?email=leamingtonspa%40progressivepropertynetwork.co.uk&intent=organiser-claim&auth=register&next=%2Forganiser%2F%3Fonboard%3Dclaim"
mojogee@progressivepropertynetwork.co.uk,"PPN (Progressive Property Network) - Leeds","","https://www.thenetworkerhub.com/for-organisers?email=mojogee%40progressivepropertynetwork.co.uk&intent=organiser-claim&auth=register&next=%2Forganiser%2F%3Fonboard%3Dclaim"
liverpool@progresspropertynetwork.co.uk,"PPN (Progressive Property Network) - Liverpool","","https://www.thenetworkerhub.com/for-organisers?email=liverpool%40progresspropertynetwork.co.uk&intent=organiser-claim&auth=register&next=%2Forganiser%2F%3Fonboard%3Dclaim"
miltonkeynes@progressivepropertynetwork.co.uk,"PPN (Progressive Property Network) - Milton Keynes","","https://www.thenetworkerhub.com/for-organisers?email=miltonkeynes%40progressivepropertynetwork.co.uk&intent=organiser-claim&auth=register&next=%2Forganiser%2F%3Fonboard%3Dclaim"
oxford@progressivepropertynetwork.co.uk,"PPN (Progressive Property Network) - Oxford","","https://www.thenetworkerhub.com/for-organisers?email=oxford%40progressivepropertynetwork.co.uk&intent=organiser-claim&auth=register&next=%2Forganiser%2F%3Fonboard%3Dclaim"
peterborough@progressivepropertynetwork.co.uk,"PPN (Progressive Property Network) - Peterborough","","https://www.thenetworkerhub.com/for-organisers?email=peterborough%40progressivepropertynetwork.co.uk&intent=organiser-claim&auth=register&next=%2Forganiser%2F%3Fonboard%3Dclaim"
preston@progressivepropertynetwork.co.uk,"PPN (Progressive Property Network) - Preston & Fylde","","https://www.thenetworkerhub.com/for-organisers?email=preston%40progressivepropertynetwork.co.uk&intent=organiser-claim&auth=register&next=%2Forganiser%2F%3Fonboard%3Dclaim"
kevinmcdonnell@progressivepropertynetwork.co.uk,"PPN (Progressive Property Network) - Sheffield","","https://www.thenetworkerhub.com/for-organisers?email=kevinmcdonnell%40progressivepropertynetwork.co.uk&intent=organiser-claim&auth=register&next=%2Forganiser%2F%3Fonboard%3Dclaim"
mikechadwick@progressivepropertynetwork.co.uk,"PPN (Progressive Property Network) - South Manchester","","https://www.thenetworkerhub.com/for-organisers?email=mikechadwick%40progressivepropertynetwork.co.uk&intent=organiser-claim&auth=register&next=%2Forganiser%2F%3Fonboard%3Dclaim"
stratford@progressivepropertynetwork.co.uk,"PPN (Progressive Property Network) - Stratford London","","https://www.thenetworkerhub.com/for-organisers?email=stratford%40progressivepropertynetwork.co.uk&intent=organiser-claim&auth=register&next=%2Forganiser%2F%3Fonboard%3Dclaim"
worcester@progressivepropertynetwork.co.uk,"PPN (Progressive Property Network) - Worcester","","https://www.thenetworkerhub.com/for-organisers?email=worcester%40progressivepropertynetwork.co.uk&intent=organiser-claim&auth=register&next=%2Forganiser%2F%3Fonboard%3Dclaim"
hello@prattdigital.com,"Pratt Digital","","https://www.thenetworkerhub.com/for-organisers?email=hello%40prattdigital.com&intent=organiser-claim&auth=register&next=%2Forganiser%2F%3Fonboard%3Dclaim"
bill@businesswingman.co.uk,"Precision Presentation","","https://www.thenetworkerhub.com/for-organisers?email=bill%40businesswingman.co.uk&intent=organiser-claim&auth=register&next=%2Forganiser%2F%3Fonboard%3Dclaim"
sales@premiergt.com,"Premier GT Ltd","","https://www.thenetworkerhub.com/for-organisers?email=sales%40premiergt.com&intent=organiser-claim&auth=register&next=%2Forganiser%2F%3Fonboard%3Dclaim"
info@bristolprivateclients.com,"Private Client Network","","https://www.thenetworkerhub.com/for-organisers?email=info%40bristolprivateclients.com&intent=organiser-claim&auth=register&next=%2Forganiser%2F%3Fonboard%3Dclaim"
info@provnetworking.co.uk,"Pro V Networking","","https://www.thenetworkerhub.com/for-organisers?email=info%40provnetworking.co.uk&intent=organiser-claim&auth=register&next=%2Forganiser%2F%3Fonboard%3Dclaim"
info@procon-nottinghamshire.co.uk,"Procon Nottinghamshire","","https://www.thenetworkerhub.com/for-organisers?email=info%40procon-nottinghamshire.co.uk&intent=organiser-claim&auth=register&next=%2Forganiser%2F%3Fonboard%3Dclaim"
enquiries@professionalsuk.co.uk,"Professionals UK","","https://www.thenetworkerhub.com/for-organisers?email=enquiries%40professionalsuk.co.uk&intent=organiser-claim&auth=register&next=%2Forganiser%2F%3Fonboard%3Dclaim"
mail@richardpavey.co.uk,"Promise for Business","","https://www.thenetworkerhub.com/for-organisers?email=mail%40richardpavey.co.uk&intent=organiser-claim&auth=register&next=%2Forganiser%2F%3Fonboard%3Dclaim"
andyguile@askandyguile.co.uk,"Proper Networking","","https://www.thenetworkerhub.com/for-organisers?email=andyguile%40askandyguile.co.uk&intent=organiser-claim&auth=register&next=%2Forganiser%2F%3Fonboard%3Dclaim"
hello@propertyandpoppadoms.co.uk,"Property & Poppadoms","","https://www.thenetworkerhub.com/for-organisers?email=hello%40propertyandpoppadoms.co.uk&intent=organiser-claim&auth=register&next=%2Forganiser%2F%3Fonboard%3Dclaim"
alex@property-connect.org,"Property Connect","","https://www.thenetworkerhub.com/for-organisers?email=alex%40property-connect.org&intent=organiser-claim&auth=register&next=%2Forganiser%2F%3Fonboard%3Dclaim"
contact@propertyfoundationsgroup.co.uk,"Property Foundations Group","","https://www.thenetworkerhub.com/for-organisers?email=contact%40propertyfoundationsgroup.co.uk&intent=organiser-claim&auth=register&next=%2Forganiser%2F%3Fonboard%3Dclaim"
barry@wordsmart.biz,"Prosper (Hybrid)","","https://www.thenetworkerhub.com/for-organisers?email=barry%40wordsmart.biz&intent=organiser-claim&auth=register&next=%2Forganiser%2F%3Fonboard%3Dclaim"
admin@prospher.co.uk,"ProspHER","","https://www.thenetworkerhub.com/for-organisers?email=admin%40prospher.co.uk&intent=organiser-claim&auth=register&next=%2Forganiser%2F%3Fonboard%3Dclaim"
enquiries@pwhaccountancy.com,"PWH Accountancy Ltd","","https://www.thenetworkerhub.com/for-organisers?email=enquiries%40pwhaccountancy.com&intent=organiser-claim&auth=register&next=%2Forganiser%2F%3Fonboard%3Dclaim"
info@quadratech.co.uk,"Quadratech Diagnostics","","https://www.thenetworkerhub.com/for-organisers?email=info%40quadratech.co.uk&intent=organiser-claim&auth=register&next=%2Forganiser%2F%3Fonboard%3Dclaim"
toni@quantumvantage.co.uk,"Quantum You","","https://www.thenetworkerhub.com/for-organisers?email=toni%40quantumvantage.co.uk&intent=organiser-claim&auth=register&next=%2Forganiser%2F%3Fonboard%3Dclaim"
sam@radvanjoinery.co.uk,"Radvan Joinery","","https://www.thenetworkerhub.com/for-organisers?email=sam%40radvanjoinery.co.uk&intent=organiser-claim&auth=register&next=%2Forganiser%2F%3Fonboard%3Dclaim"
commercial@rangers.co.uk,"Rangers Business Club","","https://www.thenetworkerhub.com/for-organisers?email=commercial%40rangers.co.uk&intent=organiser-claim&auth=register&next=%2Forganiser%2F%3Fonboard%3Dclaim"
mail@rppaccounts.co.uk,"Rawlinson Pryde & Partners","","https://www.thenetworkerhub.com/for-organisers?email=mail%40rppaccounts.co.uk&intent=organiser-claim&auth=register&next=%2Forganiser%2F%3Fonboard%3Dclaim"
chair@readingbusinessclub.com,"Reading Business Club","","https://www.thenetworkerhub.com/for-organisers?email=chair%40readingbusinessclub.com&intent=organiser-claim&auth=register&next=%2Forganiser%2F%3Fonboard%3Dclaim"
andrew@real5networking.com,"Real5 Networking","","https://www.thenetworkerhub.com/for-organisers?email=andrew%40real5networking.com&intent=organiser-claim&auth=register&next=%2Forganiser%2F%3Fonboard%3Dclaim"
bristol@real5networking.com,"Real5 Networking - Bristol","","https://www.thenetworkerhub.com/for-organisers?email=bristol%40real5networking.com&intent=organiser-claim&auth=register&next=%2Forganiser%2F%3Fonboard%3Dclaim"
dumfries@real5networking.com,"Real5 Networking - Dumfries","","https://www.thenetworkerhub.com/for-organisers?email=dumfries%40real5networking.com&intent=organiser-claim&auth=register&next=%2Forganiser%2F%3Fonboard%3Dclaim"
jenny@real5networking.com,"Real5 Networking - Knowsley","","https://www.thenetworkerhub.com/for-organisers?email=jenny%40real5networking.com&intent=organiser-claim&auth=register&next=%2Forganiser%2F%3Fonboard%3Dclaim"
david@real5networking.com,"Real5 Networking - Knutsford & Altrincham","","https://www.thenetworkerhub.com/for-organisers?email=david%40real5networking.com&intent=organiser-claim&auth=register&next=%2Forganiser%2F%3Fonboard%3Dclaim"
andy.martin@real5networking.com,"Real5 Networking - Liverpool","","https://www.thenetworkerhub.com/for-organisers?email=andy.martin%40real5networking.com&intent=organiser-claim&auth=register&next=%2Forganiser%2F%3Fonboard%3Dclaim"
liverpoolsouth@real5networking.com,"Real5 Networking - Liverpool South","","https://www.thenetworkerhub.com/for-organisers?email=liverpoolsouth%40real5networking.com&intent=organiser-claim&auth=register&next=%2Forganiser%2F%3Fonboard%3Dclaim"
matt@real5networking.com,"Real5 Networking - Mersey Gateway","","https://www.thenetworkerhub.com/for-organisers?email=matt%40real5networking.com&intent=organiser-claim&auth=register&next=%2Forganiser%2F%3Fonboard%3Dclaim"
jim@real5networking.com,"Real5 Networking - St Helens","","https://www.thenetworkerhub.com/for-organisers?email=jim%40real5networking.com&intent=organiser-claim&auth=register&next=%2Forganiser%2F%3Fonboard%3Dclaim"
mark@real5networking.com,"Real5 Networking - Warrington East","","https://www.thenetworkerhub.com/for-organisers?email=mark%40real5networking.com&intent=organiser-claim&auth=register&next=%2Forganiser%2F%3Fonboard%3Dclaim"
wigan@real5networking.com,"Real5 Networking - Wigan","","https://www.thenetworkerhub.com/for-organisers?email=wigan%40real5networking.com&intent=organiser-claim&auth=register&next=%2Forganiser%2F%3Fonboard%3Dclaim"
wilmslow@real5networking.com,"Real5 Networking - Wilmslow & Alderley Edge","","https://www.thenetworkerhub.com/for-organisers?email=wilmslow%40real5networking.com&intent=organiser-claim&auth=register&next=%2Forganiser%2F%3Fonboard%3Dclaim"
helen.williams@real5networking.com,"Real5 Networking - Windsor & Maidenhead","","https://www.thenetworkerhub.com/for-organisers?email=helen.williams%40real5networking.com&intent=organiser-claim&auth=register&next=%2Forganiser%2F%3Fonboard%3Dclaim"
melissa@real5networking.com,"Real5 Networking - Wirral","","https://www.thenetworkerhub.com/for-organisers?email=melissa%40real5networking.com&intent=organiser-claim&auth=register&next=%2Forganiser%2F%3Fonboard%3Dclaim"
jo.barber@seeing-social.co.uk,"Rebel Meetups (Oxford)","","https://www.thenetworkerhub.com/for-organisers?email=jo.barber%40seeing-social.co.uk&intent=organiser-claim&auth=register&next=%2Forganiser%2F%3Fonboard%3Dclaim"
info@redditchunited.co.uk,"Redditch United Business Club","","https://www.thenetworkerhub.com/for-organisers?email=info%40redditchunited.co.uk&intent=organiser-claim&auth=register&next=%2Forganiser%2F%3Fonboard%3Dclaim"
lee@revitalise-connect.com,"Revitalise Networking Club","","https://www.thenetworkerhub.com/for-organisers?email=lee%40revitalise-connect.com&intent=organiser-claim&auth=register&next=%2Forganiser%2F%3Fonboard%3Dclaim"
info@ribbons-network.com,"Ribbons","","https://www.thenetworkerhub.com/for-organisers?email=info%40ribbons-network.com&intent=organiser-claim&auth=register&next=%2Forganiser%2F%3Fonboard%3Dclaim"
info@rideexecutivebristol.com,"Ride Executive Bristol","","https://www.thenetworkerhub.com/for-organisers?email=info%40rideexecutivebristol.com&intent=organiser-claim&auth=register&next=%2Forganiser%2F%3Fonboard%3Dclaim"
info@ridobusinesscentres.co.uk,"Rido Business Centres","","https://www.thenetworkerhub.com/for-organisers?email=info%40ridobusinesscentres.co.uk&intent=organiser-claim&auth=register&next=%2Forganiser%2F%3Fonboard%3Dclaim"
info@rlvmortgages.co.uk,"RLV Mortgages","","https://www.thenetworkerhub.com/for-organisers?email=info%40rlvmortgages.co.uk&intent=organiser-claim&auth=register&next=%2Forganiser%2F%3Fonboard%3Dclaim"
info@robinoxford.org.uk,"ROBIN (Responsible Oxfordshire Business Involvement Network)","","https://www.thenetworkerhub.com/for-organisers?email=info%40robinoxford.org.uk&intent=organiser-claim&auth=register&next=%2Forganiser%2F%3Fonboard%3Dclaim"
ba@robson-laidler.co.uk,"Robson Laidler Accountants","","https://www.thenetworkerhub.com/for-organisers?email=ba%40robson-laidler.co.uk&intent=organiser-claim&auth=register&next=%2Forganiser%2F%3Fonboard%3Dclaim"
enquiries@rotherabray.co.uk,"Rothera Bray Solicitors","","https://www.thenetworkerhub.com/for-organisers?email=enquiries%40rotherabray.co.uk&intent=organiser-claim&auth=register&next=%2Forganiser%2F%3Fonboard%3Dclaim"
info@rsvipnetwork.co.uk,"RSViP Network","","https://www.thenetworkerhub.com/for-organisers?email=info%40rsvipnetwork.co.uk&intent=organiser-claim&auth=register&next=%2Forganiser%2F%3Fonboard%3Dclaim"
sam@sam-networking.co.uk,"SAM Networking Ltd","","https://www.thenetworkerhub.com/for-organisers?email=sam%40sam-networking.co.uk&intent=organiser-claim&auth=register&next=%2Forganiser%2F%3Fonboard%3Dclaim"
mail@sarahhefferaccountancy.co.uk,"Sarah Heffer Accountancy Ltd","","https://www.thenetworkerhub.com/for-organisers?email=mail%40sarahhefferaccountancy.co.uk&intent=organiser-claim&auth=register&next=%2Forganiser%2F%3Fonboard%3Dclaim"
mail@savillenotaries.com,"Saville & Co Scrivener Notaries","","https://www.thenetworkerhub.com/for-organisers?email=mail%40savillenotaries.com&intent=organiser-claim&auth=register&next=%2Forganiser%2F%3Fonboard%3Dclaim"
sben@staffordshire.gov.uk,"SBEN (Staffordshire Business & Environment Network)","","https://www.thenetworkerhub.com/for-organisers?email=sben%40staffordshire.gov.uk&intent=organiser-claim&auth=register&next=%2Forganiser%2F%3Fonboard%3Dclaim"
russellt@sbn.scot,"Scottish Business Network","","https://www.thenetworkerhub.com/for-organisers?email=russellt%40sbn.scot&intent=organiser-claim&auth=register&next=%2Forganiser%2F%3Fonboard%3Dclaim"
michael.chisholm@scottishfa.co.uk,"Scottish FA Business Club","","https://www.thenetworkerhub.com/for-organisers?email=michael.chisholm%40scottishfa.co.uk&intent=organiser-claim&auth=register&next=%2Forganiser%2F%3Fonboard%3Dclaim"
hello@scottishnationalnetwork.com,"Scottish National Network","","https://www.thenetworkerhub.com/for-organisers?email=hello%40scottishnationalnetwork.com&intent=organiser-claim&auth=register&next=%2Forganiser%2F%3Fonboard%3Dclaim"
rosemary@scottishpanetwork.com,"Scottish PA Network","","https://www.thenetworkerhub.com/for-organisers?email=rosemary%40scottishpanetwork.com&intent=organiser-claim&auth=register&next=%2Forganiser%2F%3Fonboard%3Dclaim"
katherine@screenpop.club,"ScreenPop","","https://www.thenetworkerhub.com/for-organisers?email=katherine%40screenpop.club&intent=organiser-claim&auth=register&next=%2Forganiser%2F%3Fonboard%3Dclaim"
hello@searchnorwich.org,"Search Norwich","","https://www.thenetworkerhub.com/for-organisers?email=hello%40searchnorwich.org&intent=organiser-claim&auth=register&next=%2Forganiser%2F%3Fonboard%3Dclaim"
hola.spitalfields@secondhome.io,"Second Home","","https://www.thenetworkerhub.com/for-organisers?email=hola.spitalfields%40secondhome.io&intent=organiser-claim&auth=register&next=%2Forganiser%2F%3Fonboard%3Dclaim"
info@semla.org.uk,"SEMLA","","https://www.thenetworkerhub.com/for-organisers?email=info%40semla.org.uk&intent=organiser-claim&auth=register&next=%2Forganiser%2F%3Fonboard%3Dclaim"
office@paulhoda.uk,"SEO Expert Paul Hoda","","https://www.thenetworkerhub.com/for-organisers?email=office%40paulhoda.uk&intent=organiser-claim&auth=register&next=%2Forganiser%2F%3Fonboard%3Dclaim"
sales@seths.co.uk,"Seths Estate Agents","","https://www.thenetworkerhub.com/for-organisers?email=sales%40seths.co.uk&intent=organiser-claim&auth=register&next=%2Forganiser%2F%3Fonboard%3Dclaim"
info@severnbusinessnetwork.co.uk,"Severn Business Network","","https://www.thenetworkerhub.com/for-organisers?email=info%40severnbusinessnetwork.co.uk&intent=organiser-claim&auth=register&next=%2Forganiser%2F%3Fonboard%3Dclaim"
sharonstonenotary@outlook.com,"Sharon Stone Notary Public","","https://www.thenetworkerhub.com/for-organisers?email=sharonstonenotary%40outlook.com&intent=organiser-claim&auth=register&next=%2Forganiser%2F%3Fonboard%3Dclaim"
info@shebusiness.co.uk,"She Business","","https://www.thenetworkerhub.com/for-organisers?email=info%40shebusiness.co.uk&intent=organiser-claim&auth=register&next=%2Forganiser%2F%3Fonboard%3Dclaim"
sarah@asandwhenadmin.co.uk,"She's The Business","","https://www.thenetworkerhub.com/for-organisers?email=sarah%40asandwhenadmin.co.uk&intent=organiser-claim&auth=register&next=%2Forganiser%2F%3Fonboard%3Dclaim"
info@sheffieldbusinesstogether.org.uk,"Sheffield Business Together","","https://www.thenetworkerhub.com/for-organisers?email=info%40sheffieldbusinesstogether.org.uk&intent=organiser-claim&auth=register&next=%2Forganiser%2F%3Fonboard%3Dclaim"
hello@ssen.org.uk,"Sheffield Social Enterprise Network","","https://www.thenetworkerhub.com/for-organisers?email=hello%40ssen.org.uk&intent=organiser-claim&auth=register&next=%2Forganiser%2F%3Fonboard%3Dclaim"
enquiries@shinespace.co.uk,"Shine Space","","https://www.thenetworkerhub.com/for-organisers?email=enquiries%40shinespace.co.uk&intent=organiser-claim&auth=register&next=%2Forganiser%2F%3Fonboard%3Dclaim"
ian@shoutnetwork.co.uk,"Shout Network","","https://www.thenetworkerhub.com/for-organisers?email=ian%40shoutnetwork.co.uk&intent=organiser-claim&auth=register&next=%2Forganiser%2F%3Fonboard%3Dclaim"
hello@vhmcharityconsultancy.com,"Shropshire Charity Network","","https://www.thenetworkerhub.com/for-organisers?email=hello%40vhmcharityconsultancy.com&intent=organiser-claim&auth=register&next=%2Forganiser%2F%3Fonboard%3Dclaim"
shuttersbythesea@outlook.com,"Shutters By The Sea","","https://www.thenetworkerhub.com/for-organisers?email=shuttersbythesea%40outlook.com&intent=organiser-claim&auth=register&next=%2Forganiser%2F%3Fonboard%3Dclaim"
geoff@the-yorkshiremafia.co.uk,"Silicon Yorkshire","","https://www.thenetworkerhub.com/for-organisers?email=geoff%40the-yorkshiremafia.co.uk&intent=organiser-claim&auth=register&next=%2Forganiser%2F%3Fonboard%3Dclaim"
enquiries@sr-law.co.uk,"Simons Rodkin Solicitors LLP","","https://www.thenetworkerhub.com/for-organisers?email=enquiries%40sr-law.co.uk&intent=organiser-claim&auth=register&next=%2Forganiser%2F%3Fonboard%3Dclaim"
info@simplybusinessmagazine.co.uk,"Simply Business Club","","https://www.thenetworkerhub.com/for-organisers?email=info%40simplybusinessmagazine.co.uk&intent=organiser-claim&auth=register&next=%2Forganiser%2F%3Fonboard%3Dclaim"
info@sing4business.co.uk,"Sing 4 Business","","https://www.thenetworkerhub.com/for-organisers?email=info%40sing4business.co.uk&intent=organiser-claim&auth=register&next=%2Forganiser%2F%3Fonboard%3Dclaim"
info@sirius-hull.co.uk,"Sirius","","https://www.thenetworkerhub.com/for-organisers?email=info%40sirius-hull.co.uk&intent=organiser-claim&auth=register&next=%2Forganiser%2F%3Fonboard%3Dclaim"
hela@sistersnog.com,"SisterSnog","","https://www.thenetworkerhub.com/for-organisers?email=hela%40sistersnog.com&intent=organiser-claim&auth=register&next=%2Forganiser%2F%3Fonboard%3Dclaim"
steven@sklifecoachuk.co.uk,"SK LifeCoach UK","","https://www.thenetworkerhub.com/for-organisers?email=steven%40sklifecoachuk.co.uk&intent=organiser-claim&auth=register&next=%2Forganiser%2F%3Fonboard%3Dclaim"
hello@smallbusinessbritain.uk,"Small Business Britain","","https://www.thenetworkerhub.com/for-organisers?email=hello%40smallbusinessbritain.uk&intent=organiser-claim&auth=register&next=%2Forganiser%2F%3Fonboard%3Dclaim"
adam@small99.co.uk,"Small99","","https://www.thenetworkerhub.com/for-organisers?email=adam%40small99.co.uk&intent=organiser-claim&auth=register&next=%2Forganiser%2F%3Fonboard%3Dclaim"
admin@smartplaynetwork.org,"Smart Play Network","","https://www.thenetworkerhub.com/for-organisers?email=admin%40smartplaynetwork.org&intent=organiser-claim&auth=register&next=%2Forganiser%2F%3Fonboard%3Dclaim"
andy.k.smealliance@gmail.com,"SME Alliance","","https://www.thenetworkerhub.com/for-organisers?email=andy.k.smealliance%40gmail.com&intent=organiser-claim&auth=register&next=%2Forganiser%2F%3Fonboard%3Dclaim"
chris@smesuccess.co.uk,"SME Success","","https://www.thenetworkerhub.com/for-organisers?email=chris%40smesuccess.co.uk&intent=organiser-claim&auth=register&next=%2Forganiser%2F%3Fonboard%3Dclaim"
email@smithbutler.co.uk,"Smith Butler Accountants & Business Advisors","","https://www.thenetworkerhub.com/for-organisers?email=email%40smithbutler.co.uk&intent=organiser-claim&auth=register&next=%2Forganiser%2F%3Fonboard%3Dclaim"
jason@socialchaos.uk,"Social Chaos","","https://www.thenetworkerhub.com/for-organisers?email=jason%40socialchaos.uk&intent=organiser-claim&auth=register&next=%2Forganiser%2F%3Fonboard%3Dclaim"
info@socialprogress.co.uk,"Social Progress","","https://www.thenetworkerhub.com/for-organisers?email=info%40socialprogress.co.uk&intent=organiser-claim&auth=register&next=%2Forganiser%2F%3Fonboard%3Dclaim"
aberdeen.events@spe-uk.org,"Society of Petroleum Engineers","","https://www.thenetworkerhub.com/for-organisers?email=aberdeen.events%40spe-uk.org&intent=organiser-claim&auth=register&next=%2Forganiser%2F%3Fonboard%3Dclaim"
admin@spe.org.uk,"Society of Professional Economists","","https://www.thenetworkerhub.com/for-organisers?email=admin%40spe.org.uk&intent=organiser-claim&auth=register&next=%2Forganiser%2F%3Fonboard%3Dclaim"
soleandbodywork1@gmail.com,"Sole and Body Work","","https://www.thenetworkerhub.com/for-organisers?email=soleandbodywork1%40gmail.com&intent=organiser-claim&auth=register&next=%2Forganiser%2F%3Fonboard%3Dclaim"
info@solidaire.co.uk,"Solidaire Solicitors","","https://www.thenetworkerhub.com/for-organisers?email=info%40solidaire.co.uk&intent=organiser-claim&auth=register&next=%2Forganiser%2F%3Fonboard%3Dclaim"
info@solsure.co.uk,"Solsure","","https://www.thenetworkerhub.com/for-organisers?email=info%40solsure.co.uk&intent=organiser-claim&auth=register&next=%2Forganiser%2F%3Fonboard%3Dclaim"
hello@somervillestreetstudio.co.uk,"Somerville Street Coworking Studio","","https://www.thenetworkerhub.com/for-organisers?email=hello%40somervillestreetstudio.co.uk&intent=organiser-claim&auth=register&next=%2Forganiser%2F%3Fonboard%3Dclaim"
david@southcoastgolf.co.uk,"South Coast Golf Networking","","https://www.thenetworkerhub.com/for-organisers?email=david%40southcoastgolf.co.uk&intent=organiser-claim&auth=register&next=%2Forganiser%2F%3Fonboard%3Dclaim"
clare@clarefarthing.co.uk,"South Somerset Meetups","","https://www.thenetworkerhub.com/for-organisers?email=clare%40clarefarthing.co.uk&intent=organiser-claim&auth=register&next=%2Forganiser%2F%3Fonboard%3Dclaim"
events@scci.org.uk,"South Yorkshire Chamber","","https://www.thenetworkerhub.com/for-organisers?email=events%40scci.org.uk&intent=organiser-claim&auth=register&next=%2Forganiser%2F%3Fonboard%3Dclaim"
exhibiting@southamptonboatshow.com,"Southampton International Boat Show Exhibiting","","https://www.thenetworkerhub.com/for-organisers?email=exhibiting%40southamptonboatshow.com&intent=organiser-claim&auth=register&next=%2Forganiser%2F%3Fonboard%3Dclaim"
alana@sdpsy.co.uk,"Southdowns Psychotherapy","","https://www.thenetworkerhub.com/for-organisers?email=alana%40sdpsy.co.uk&intent=organiser-claim&auth=register&next=%2Forganiser%2F%3Fonboard%3Dclaim"
info@southendpeers.co.uk,"Southend Peers","","https://www.thenetworkerhub.com/for-organisers?email=info%40southendpeers.co.uk&intent=organiser-claim&auth=register&next=%2Forganiser%2F%3Fonboard%3Dclaim"
hello@speednetworkinggroup.com,"Speed Networking Group","","https://www.thenetworkerhub.com/for-organisers?email=hello%40speednetworkinggroup.com&intent=organiser-claim&auth=register&next=%2Forganiser%2F%3Fonboard%3Dclaim"
events@spirebarristers.co.uk,"Spire Barristers","","https://www.thenetworkerhub.com/for-organisers?email=events%40spirebarristers.co.uk&intent=organiser-claim&auth=register&next=%2Forganiser%2F%3Fonboard%3Dclaim"
secretary@standrewsbusinessclub.co.uk,"St Andrews Business Club","","https://www.thenetworkerhub.com/for-organisers?email=secretary%40standrewsbusinessclub.co.uk&intent=organiser-claim&auth=register&next=%2Forganiser%2F%3Fonboard%3Dclaim"
info@startcomms.co.uk,"Start Communications","","https://www.thenetworkerhub.com/for-organisers?email=info%40startcomms.co.uk&intent=organiser-claim&auth=register&next=%2Forganiser%2F%3Fonboard%3Dclaim"
hello@thestartupnetworks.co.uk,"Startup Networks","","https://www.thenetworkerhub.com/for-organisers?email=hello%40thestartupnetworks.co.uk&intent=organiser-claim&auth=register&next=%2Forganiser%2F%3Fonboard%3Dclaim"
info@sterlingnetworks.co.uk,"Sterling Networks","","https://www.thenetworkerhub.com/for-organisers?email=info%40sterlingnetworks.co.uk&intent=organiser-claim&auth=register&next=%2Forganiser%2F%3Fonboard%3Dclaim"
amjad@comms-byte.com,"Stockport Business Club","","https://www.thenetworkerhub.com/for-organisers?email=amjad%40comms-byte.com&intent=organiser-claim&auth=register&next=%2Forganiser%2F%3Fonboard%3Dclaim"
caitlin@youronlinemechanic.co.uk,"Strategic Alliance Network (Stockport)","","https://www.thenetworkerhub.com/for-organisers?email=caitlin%40youronlinemechanic.co.uk&intent=organiser-claim&auth=register&next=%2Forganiser%2F%3Fonboard%3Dclaim"
glenis@stravara.co.uk,"Stravara Consulting","","https://www.thenetworkerhub.com/for-organisers?email=glenis%40stravara.co.uk&intent=organiser-claim&auth=register&next=%2Forganiser%2F%3Fonboard%3Dclaim"
info@sturdybuild.co.uk,"SturdyBuild","","https://www.thenetworkerhub.com/for-organisers?email=info%40sturdybuild.co.uk&intent=organiser-claim&auth=register&next=%2Forganiser%2F%3Fonboard%3Dclaim"
andrew@successnetworking.co.uk,"Success Networking","","https://www.thenetworkerhub.com/for-organisers?email=andrew%40successnetworking.co.uk&intent=organiser-claim&auth=register&next=%2Forganiser%2F%3Fonboard%3Dclaim"
mansfield@sueford-networking.co.uk,"Sue Ford Networking","","https://www.thenetworkerhub.com/for-organisers?email=mansfield%40sueford-networking.co.uk&intent=organiser-claim&auth=register&next=%2Forganiser%2F%3Fonboard%3Dclaim"
enquiries@sunrisesolicitors.co.uk,"Sunrise Solicitors Ltd","","https://www.thenetworkerhub.com/for-organisers?email=enquiries%40sunrisesolicitors.co.uk&intent=organiser-claim&auth=register&next=%2Forganiser%2F%3Fonboard%3Dclaim"
ukguestcare@rgsalons.com,"Supercuts UK","","https://www.thenetworkerhub.com/for-organisers?email=ukguestcare%40rgsalons.com&intent=organiser-claim&auth=register&next=%2Forganiser%2F%3Fonboard%3Dclaim"
carolinehazell@thompsondarwin.com,"Superwoman","","https://www.thenetworkerhub.com/for-organisers?email=carolinehazell%40thompsondarwin.com&intent=organiser-claim&auth=register&next=%2Forganiser%2F%3Fonboard%3Dclaim"
info@surveyorsorted.co.uk,"Surveyor Sorted","","https://www.thenetworkerhub.com/for-organisers?email=info%40surveyorsorted.co.uk&intent=organiser-claim&auth=register&next=%2Forganiser%2F%3Fonboard%3Dclaim"
info@sussexcricket.co.uk,"Sussex Cricket The Boundary Club","","https://www.thenetworkerhub.com/for-organisers?email=info%40sussexcricket.co.uk&intent=organiser-claim&auth=register&next=%2Forganiser%2F%3Fonboard%3Dclaim"
info@sussex.mortgage,"Sussex Mortgages","","https://www.thenetworkerhub.com/for-organisers?email=info%40sussex.mortgage&intent=organiser-claim&auth=register&next=%2Forganiser%2F%3Fonboard%3Dclaim"
requisition@swan.io,"SWAN","","https://www.thenetworkerhub.com/for-organisers?email=requisition%40swan.io&intent=organiser-claim&auth=register&next=%2Forganiser%2F%3Fonboard%3Dclaim"
swindon@business-buzz.org,"Swindon Buzz","","https://www.thenetworkerhub.com/for-organisers?email=swindon%40business-buzz.org&intent=organiser-claim&auth=register&next=%2Forganiser%2F%3Fonboard%3Dclaim"
lucy.lloyd@kilsbywilliams.com,"SWLBC (South Wales Ladies Business Club)","","https://www.thenetworkerhub.com/for-organisers?email=lucy.lloyd%40kilsbywilliams.com&intent=organiser-claim&auth=register&next=%2Forganiser%2F%3Fonboard%3Dclaim"
andy@syob.net,"SYOB (Start Your Own Business","","https://www.thenetworkerhub.com/for-organisers?email=andy%40syob.net&intent=organiser-claim&auth=register&next=%2Forganiser%2F%3Fonboard%3Dclaim"
hello@talkbusiness.co.uk,"Talk Business UK","","https://www.thenetworkerhub.com/for-organisers?email=hello%40talkbusiness.co.uk&intent=organiser-claim&auth=register&next=%2Forganiser%2F%3Fonboard%3Dclaim"
info@talknetworking.co.uk,"Talk Networking","","https://www.thenetworkerhub.com/for-organisers?email=info%40talknetworking.co.uk&intent=organiser-claim&auth=register&next=%2Forganiser%2F%3Fonboard%3Dclaim"
info@tastebudscollective.co.uk,"Tastebuds Collective","","https://www.thenetworkerhub.com/for-organisers?email=info%40tastebudscollective.co.uk&intent=organiser-claim&auth=register&next=%2Forganiser%2F%3Fonboard%3Dclaim"
vicky@taxenquiryadvice.com,"Tax Enquiry Advice","","https://www.thenetworkerhub.com/for-organisers?email=vicky%40taxenquiryadvice.com&intent=organiser-claim&auth=register&next=%2Forganiser%2F%3Fonboard%3Dclaim"
simon@knibbs.co.uk,"TC (Trusted Contacts)","","https://www.thenetworkerhub.com/for-organisers?email=simon%40knibbs.co.uk&intent=organiser-claim&auth=register&next=%2Forganiser%2F%3Fonboard%3Dclaim"
tanya.nicholls@kentcricket.co.uk,"Team Kent Business Club","","https://www.thenetworkerhub.com/for-organisers?email=tanya.nicholls%40kentcricket.co.uk&intent=organiser-claim&auth=register&next=%2Forganiser%2F%3Fonboard%3Dclaim"
info@techeast.com,"Tech East","","https://www.thenetworkerhub.com/for-organisers?email=info%40techeast.com&intent=organiser-claim&auth=register&next=%2Forganiser%2F%3Fonboard%3Dclaim"
hello@tedco.org,"Tedco","","https://www.thenetworkerhub.com/for-organisers?email=hello%40tedco.org&intent=organiser-claim&auth=register&next=%2Forganiser%2F%3Fonboard%3Dclaim"
enquiries@uklandlordtax.co.uk,"Thandi Nicholls Ltd","","https://www.thenetworkerhub.com/for-organisers?email=enquiries%40uklandlordtax.co.uk&intent=organiser-claim&auth=register&next=%2Forganiser%2F%3Fonboard%3Dclaim"
info@theafterworkclub.co.uk,"The After Work Club","","https://www.thenetworkerhub.com/for-organisers?email=info%40theafterworkclub.co.uk&intent=organiser-claim&auth=register&next=%2Forganiser%2F%3Fonboard%3Dclaim"
michael@melvincreative.co.uk,"The Association","","https://www.thenetworkerhub.com/for-organisers?email=michael%40melvincreative.co.uk&intent=organiser-claim&auth=register&next=%2Forganiser%2F%3Fonboard%3Dclaim"
lindsay.mcloughlin@theathenanetwork.com,"The Athena Network","","https://www.thenetworkerhub.com/for-organisers?email=lindsay.mcloughlin%40theathenanetwork.com&intent=organiser-claim&auth=register&next=%2Forganiser%2F%3Fonboard%3Dclaim"
jacqueline.rogers@theathenanetwork.com,"The Athena Network","","https://www.thenetworkerhub.com/for-organisers?email=jacqueline.rogers%40theathenanetwork.com&intent=organiser-claim&auth=register&next=%2Forganiser%2F%3Fonboard%3Dclaim"
pa.joannesumner@theathenanetwork.com,"The Athena Network","","https://www.thenetworkerhub.com/for-organisers?email=pa.joannesumner%40theathenanetwork.com&intent=organiser-claim&auth=register&next=%2Forganiser%2F%3Fonboard%3Dclaim"
joanne.sumner@theathenanetwork.com,"The Athena Network","","https://www.thenetworkerhub.com/for-organisers?email=joanne.sumner%40theathenanetwork.com&intent=organiser-claim&auth=register&next=%2Forganiser%2F%3Fonboard%3Dclaim"
anna.atkinscarter@theathenanetwork.com,"The Athena Network","","https://www.thenetworkerhub.com/for-organisers?email=anna.atkinscarter%40theathenanetwork.com&intent=organiser-claim&auth=register&next=%2Forganiser%2F%3Fonboard%3Dclaim"
kate.cherry@theathenanetwork.com,"The Athena Network - Athena Welwyn-Hatfield","","https://www.thenetworkerhub.com/for-organisers?email=kate.cherry%40theathenanetwork.com&intent=organiser-claim&auth=register&next=%2Forganiser%2F%3Fonboard%3Dclaim"
holly.nixon@theathenanetwork.com,"The Athena Network - Warwickshire","","https://www.thenetworkerhub.com/for-organisers?email=holly.nixon%40theathenanetwork.com&intent=organiser-claim&auth=register&next=%2Forganiser%2F%3Fonboard%3Dclaim"
debbie.atkins@theathenanetwork.com,"The Athena Network Reading &amp; Henley Region","","https://www.thenetworkerhub.com/for-organisers?email=debbie.atkins%40theathenanetwork.com&intent=organiser-claim&auth=register&next=%2Forganiser%2F%3Fonboard%3Dclaim"
helen.bantock@theathenanetwork.com,"The Athena Network Richmond","","https://www.thenetworkerhub.com/for-organisers?email=helen.bantock%40theathenanetwork.com&intent=organiser-claim&auth=register&next=%2Forganiser%2F%3Fonboard%3Dclaim"
pjb@boltonservices.co.uk,"The Aylesbury Group (TAG)","","https://www.thenetworkerhub.com/for-organisers?email=pjb%40boltonservices.co.uk&intent=organiser-claim&auth=register&next=%2Forganiser%2F%3Fonboard%3Dclaim"
felicia@tben.co.uk,"The Black Economists Network","","https://www.thenetworkerhub.com/for-organisers?email=felicia%40tben.co.uk&intent=organiser-claim&auth=register&next=%2Forganiser%2F%3Fonboard%3Dclaim"
admin@theblackprofessionals.co.uk,"The Black Professionals","","https://www.thenetworkerhub.com/for-organisers?email=admin%40theblackprofessionals.co.uk&intent=organiser-claim&auth=register&next=%2Forganiser%2F%3Fonboard%3Dclaim"
commercial@southend-united.co.uk,"The Blues Business Club","","https://www.thenetworkerhub.com/for-organisers?email=commercial%40southend-united.co.uk&intent=organiser-claim&auth=register&next=%2Forganiser%2F%3Fonboard%3Dclaim"
general.enquiries@britishcouncil.org,"The British Council","","https://www.thenetworkerhub.com/for-organisers?email=general.enquiries%40britishcouncil.org&intent=organiser-claim&auth=register&next=%2Forganiser%2F%3Fonboard%3Dclaim"
info@hcfoundation.org.uk,"The Business Colab","","https://www.thenetworkerhub.com/for-organisers?email=info%40hcfoundation.org.uk&intent=organiser-claim&auth=register&next=%2Forganiser%2F%3Fonboard%3Dclaim"
paul@buscomm.co.uk,"The Business Community","","https://www.thenetworkerhub.com/for-organisers?email=paul%40buscomm.co.uk&intent=organiser-claim&auth=register&next=%2Forganiser%2F%3Fonboard%3Dclaim"
tony@thebchey.net,"The Business Culture HEY","","https://www.thenetworkerhub.com/for-organisers?email=tony%40thebchey.net&intent=organiser-claim&auth=register&next=%2Forganiser%2F%3Fonboard%3Dclaim"
support@thebusinessgrowthnetwork.com,"The Business Growth Network","","https://www.thenetworkerhub.com/for-organisers?email=support%40thebusinessgrowthnetwork.com&intent=organiser-claim&auth=register&next=%2Forganiser%2F%3Fonboard%3Dclaim"
thebusinessnestuk@gmail.com,"The Business Nest","","https://www.thenetworkerhub.com/for-organisers?email=thebusinessnestuk%40gmail.com&intent=organiser-claim&auth=register&next=%2Forganiser%2F%3Fonboard%3Dclaim"
helen@business-network.co.uk,"The Business Network",", plus The Business Network - Chester","https://www.thenetworkerhub.com/for-organisers?email=helen%40business-network.co.uk&intent=organiser-claim&auth=register&next=%2Forganiser%2F%3Fonboard%3Dclaim"
info@armaghbusinessnetwork.co.uk,"The Business Network - Armagh","","https://www.thenetworkerhub.com/for-organisers?email=info%40armaghbusinessnetwork.co.uk&intent=organiser-claim&auth=register&next=%2Forganiser%2F%3Fonboard%3Dclaim"
simon@business-network.co.uk,"The Business Network - Birmingham","","https://www.thenetworkerhub.com/for-organisers?email=simon%40business-network.co.uk&intent=organiser-claim&auth=register&next=%2Forganiser%2F%3Fonboard%3Dclaim"
alan@business-network.co.uk,"The Business Network - Liverpool","","https://www.thenetworkerhub.com/for-organisers?email=alan%40business-network.co.uk&intent=organiser-claim&auth=register&next=%2Forganiser%2F%3Fonboard%3Dclaim"
amy@business-network.co.uk,"The Business Network - South Humberside","","https://www.thenetworkerhub.com/for-organisers?email=amy%40business-network.co.uk&intent=organiser-claim&auth=register&next=%2Forganiser%2F%3Fonboard%3Dclaim"
glenn@business-network.co.uk,"The Business Network Birmingham","","https://www.thenetworkerhub.com/for-organisers?email=glenn%40business-network.co.uk&intent=organiser-claim&auth=register&next=%2Forganiser%2F%3Fonboard%3Dclaim"
karen@bncel.co.uk,"The Business Network Central & East Lancashire","","https://www.thenetworkerhub.com/for-organisers?email=karen%40bncel.co.uk&intent=organiser-claim&auth=register&next=%2Forganiser%2F%3Fonboard%3Dclaim"
caroline@business-network-ltd.co.uk,"The Business Network Ltd -","","https://www.thenetworkerhub.com/for-organisers?email=caroline%40business-network-ltd.co.uk&intent=organiser-claim&auth=register&next=%2Forganiser%2F%3Fonboard%3Dclaim"
rosjones@businesswellbeing.club,"The Business Wellbeing Club","","https://www.thenetworkerhub.com/for-organisers?email=rosjones%40businesswellbeing.club&intent=organiser-claim&auth=register&next=%2Forganiser%2F%3Fonboard%3Dclaim"
mandie@thebusinesswomansnetwork.co.uk,"The Business Woman's Network","","https://www.thenetworkerhub.com/for-organisers?email=mandie%40thebusinesswomansnetwork.co.uk&intent=organiser-claim&auth=register&next=%2Forganiser%2F%3Fonboard%3Dclaim"
contact@thecareersedit.com,"The Careers Edit","","https://www.thenetworkerhub.com/for-organisers?email=contact%40thecareersedit.com&intent=organiser-claim&auth=register&next=%2Forganiser%2F%3Fonboard%3Dclaim"
chessocialites@gmail.com,"The Cheshire Club","","https://www.thenetworkerhub.com/for-organisers?email=chessocialites%40gmail.com&intent=organiser-claim&auth=register&next=%2Forganiser%2F%3Fonboard%3Dclaim"
membership@theconduit.com,"The Conduit","","https://www.thenetworkerhub.com/for-organisers?email=membership%40theconduit.com&intent=organiser-claim&auth=register&next=%2Forganiser%2F%3Fonboard%3Dclaim"
help@cbi.org.uk,"The Confederation of British Industry","","https://www.thenetworkerhub.com/for-organisers?email=help%40cbi.org.uk&intent=organiser-claim&auth=register&next=%2Forganiser%2F%3Fonboard%3Dclaim"
east.england@cbi.org.uk,"The Confederation of British Industry  - East of England","","https://www.thenetworkerhub.com/for-organisers?email=east.england%40cbi.org.uk&intent=organiser-claim&auth=register&next=%2Forganiser%2F%3Fonboard%3Dclaim"
london@cbi.org.uk,"The Confederation of British Industry  - London","","https://www.thenetworkerhub.com/for-organisers?email=london%40cbi.org.uk&intent=organiser-claim&auth=register&next=%2Forganiser%2F%3Fonboard%3Dclaim"
midlands@cbi.org.uk,"The Confederation of British Industry  - Midlands - Birmingham","","https://www.thenetworkerhub.com/for-organisers?email=midlands%40cbi.org.uk&intent=organiser-claim&auth=register&next=%2Forganiser%2F%3Fonboard%3Dclaim"
north.west@cbi.org.uk,"The Confederation of British Industry  - North West","","https://www.thenetworkerhub.com/for-organisers?email=north.west%40cbi.org.uk&intent=organiser-claim&auth=register&next=%2Forganiser%2F%3Fonboard%3Dclaim"
scotland@cbi.org.uk,"The Confederation of British Industry  - Scotland","","https://www.thenetworkerhub.com/for-organisers?email=scotland%40cbi.org.uk&intent=organiser-claim&auth=register&next=%2Forganiser%2F%3Fonboard%3Dclaim"
south.west@cbi.org.uk,"The Confederation of British Industry  - South West","","https://www.thenetworkerhub.com/for-organisers?email=south.west%40cbi.org.uk&intent=organiser-claim&auth=register&next=%2Forganiser%2F%3Fonboard%3Dclaim"
wales@cbi.org.uk,"The Confederation of British Industry  - Wales","","https://www.thenetworkerhub.com/for-organisers?email=wales%40cbi.org.uk&intent=organiser-claim&auth=register&next=%2Forganiser%2F%3Fonboard%3Dclaim"
yorkshire.humber@cbi.org.uk,"The Confederation of British Industry  - Yorkshire & Humber","","https://www.thenetworkerhub.com/for-organisers?email=yorkshire.humber%40cbi.org.uk&intent=organiser-claim&auth=register&next=%2Forganiser%2F%3Fonboard%3Dclaim"
northern.ireland@cbi.org.uk,"The Confederation of British Industry  -Northern Ireland","","https://www.thenetworkerhub.com/for-organisers?email=northern.ireland%40cbi.org.uk&intent=organiser-claim&auth=register&next=%2Forganiser%2F%3Fonboard%3Dclaim"
events@madewithmaturity.com,"The Cream Tea Club","","https://www.thenetworkerhub.com/for-organisers?email=events%40madewithmaturity.com&intent=organiser-claim&auth=register&next=%2Forganiser%2F%3Fonboard%3Dclaim"
info@thecreativecollectivenetworking.co.uk,"The Creative Collective","","https://www.thenetworkerhub.com/for-organisers?email=info%40thecreativecollectivenetworking.co.uk&intent=organiser-claim&auth=register&next=%2Forganiser%2F%3Fonboard%3Dclaim"
info@thecuriousowl.co.uk,"The Curious Owl","","https://www.thenetworkerhub.com/for-organisers?email=info%40thecuriousowl.co.uk&intent=organiser-claim&auth=register&next=%2Forganiser%2F%3Fonboard%3Dclaim"
hello@thecurryclubs.co.uk,"The Curry Club","","https://www.thenetworkerhub.com/for-organisers?email=hello%40thecurryclubs.co.uk&intent=organiser-claim&auth=register&next=%2Forganiser%2F%3Fonboard%3Dclaim"
info@thedivorcecompany.co.uk,"The Divorce Company","","https://www.thenetworkerhub.com/for-organisers?email=info%40thedivorcecompany.co.uk&intent=organiser-claim&auth=register&next=%2Forganiser%2F%3Fonboard%3Dclaim"
chairman@doyleclub.org,"The Doyle Club","","https://www.thenetworkerhub.com/for-organisers?email=chairman%40doyleclub.org&intent=organiser-claim&auth=register&next=%2Forganiser%2F%3Fonboard%3Dclaim"
michelle@imsinternet.co.uk,"The Empowering Entrepreneur","","https://www.thenetworkerhub.com/for-organisers?email=michelle%40imsinternet.co.uk&intent=organiser-claim&auth=register&next=%2Forganiser%2F%3Fonboard%3Dclaim"
info@thefarmernetwork.co.uk,"The Farmer Network - Cumbria","","https://www.thenetworkerhub.com/for-organisers?email=info%40thefarmernetwork.co.uk&intent=organiser-claim&auth=register&next=%2Forganiser%2F%3Fonboard%3Dclaim"
northumberland@thefarmernetwork.co.uk,"The Farmer Network - Northumberland","","https://www.thenetworkerhub.com/for-organisers?email=northumberland%40thefarmernetwork.co.uk&intent=organiser-claim&auth=register&next=%2Forganiser%2F%3Fonboard%3Dclaim"
info@fpb.org,"The Forum of Private Businesses","","https://www.thenetworkerhub.com/for-organisers?email=info%40fpb.org&intent=organiser-claim&auth=register&next=%2Forganiser%2F%3Fonboard%3Dclaim"
albert@thefoundersnetwork.co.uk,"The Founders Network","","https://www.thenetworkerhub.com/for-organisers?email=albert%40thefoundersnetwork.co.uk&intent=organiser-claim&auth=register&next=%2Forganiser%2F%3Fonboard%3Dclaim"
info@thegiraffenetwork.co.uk,"The Giraffe Network","","https://www.thenetworkerhub.com/for-organisers?email=info%40thegiraffenetwork.co.uk&intent=organiser-claim&auth=register&next=%2Forganiser%2F%3Fonboard%3Dclaim"
info@thegolfconnection.co.uk,"The Golf Connection","","https://www.thenetworkerhub.com/for-organisers?email=info%40thegolfconnection.co.uk&intent=organiser-claim&auth=register&next=%2Forganiser%2F%3Fonboard%3Dclaim"
nicky@thegrowthcommunity.co.uk,"The Growth Community","","https://www.thenetworkerhub.com/for-organisers?email=nicky%40thegrowthcommunity.co.uk&intent=organiser-claim&auth=register&next=%2Forganiser%2F%3Fonboard%3Dclaim"
talktous@thegrowthhub.biz,"The Growth Hub","","https://www.thenetworkerhub.com/for-organisers?email=talktous%40thegrowthhub.biz&intent=organiser-claim&auth=register&next=%2Forganiser%2F%3Fonboard%3Dclaim"
info@thehrnetworkem.co.uk,"The HR Network","","https://www.thenetworkerhub.com/for-organisers?email=info%40thehrnetworkem.co.uk&intent=organiser-claim&auth=register&next=%2Forganiser%2F%3Fonboard%3Dclaim"
events@somersetcountycc.co.uk,"The In-Field Business Club Somerset County CC","","https://www.thenetworkerhub.com/for-organisers?email=events%40somersetcountycc.co.uk&intent=organiser-claim&auth=register&next=%2Forganiser%2F%3Fonboard%3Dclaim"
membership@iod.com,"The Institute of Directors","","https://www.thenetworkerhub.com/for-organisers?email=membership%40iod.com&intent=organiser-claim&auth=register&next=%2Forganiser%2F%3Fonboard%3Dclaim"
iod.scotland@iod.com,"The Institute of Directors - Aberdeen & Grampian","","https://www.thenetworkerhub.com/for-organisers?email=iod.scotland%40iod.com&intent=organiser-claim&auth=register&next=%2Forganiser%2F%3Fonboard%3Dclaim"
iod.south@iod.com,"The Institute of Directors - Berkshire","","https://www.thenetworkerhub.com/for-organisers?email=iod.south%40iod.com&intent=organiser-claim&auth=register&next=%2Forganiser%2F%3Fonboard%3Dclaim"
iod.westmidlands@iod.com,"The Institute of Directors - Black Country & Staffordshire","","https://www.thenetworkerhub.com/for-organisers?email=iod.westmidlands%40iod.com&intent=organiser-claim&auth=register&next=%2Forganiser%2F%3Fonboard%3Dclaim"
east@iod.com,"The Institute of Directors - Cambridgeshire","","https://www.thenetworkerhub.com/for-organisers?email=east%40iod.com&intent=organiser-claim&auth=register&next=%2Forganiser%2F%3Fonboard%3Dclaim"
iod.northwest@iod.com,"The Institute of Directors - Cheshire","","https://www.thenetworkerhub.com/for-organisers?email=iod.northwest%40iod.com&intent=organiser-claim&auth=register&next=%2Forganiser%2F%3Fonboard%3Dclaim"
iod.eastmidlands@iod.com,"The Institute of Directors - Derbyshire & Nottinghamshire","","https://www.thenetworkerhub.com/for-organisers?email=iod.eastmidlands%40iod.com&intent=organiser-claim&auth=register&next=%2Forganiser%2F%3Fonboard%3Dclaim"
iod.yorkshire@iod.com,"The Institute of Directors - East Yorkshire","","https://www.thenetworkerhub.com/for-organisers?email=iod.yorkshire%40iod.com&intent=organiser-claim&auth=register&next=%2Forganiser%2F%3Fonboard%3Dclaim"
memberrelations@iod.com,"The Institute of Directors - Hampshire & Isle of Wight","","https://www.thenetworkerhub.com/for-organisers?email=memberrelations%40iod.com&intent=organiser-claim&auth=register&next=%2Forganiser%2F%3Fonboard%3Dclaim"
london@iod.com,"The Institute of Directors - London","","https://www.thenetworkerhub.com/for-organisers?email=london%40iod.com&intent=organiser-claim&auth=register&next=%2Forganiser%2F%3Fonboard%3Dclaim"
joanna.price@iod.com,"The Institute of Directors - Mid Wales","","https://www.thenetworkerhub.com/for-organisers?email=joanna.price%40iod.com&intent=organiser-claim&auth=register&next=%2Forganiser%2F%3Fonboard%3Dclaim"
iod.southwest@iod.com,"The Institute of Directors - South West","","https://www.thenetworkerhub.com/for-organisers?email=iod.southwest%40iod.com&intent=organiser-claim&auth=register&next=%2Forganiser%2F%3Fonboard%3Dclaim"
chelsea.brennan@iod.com,"The Institute of Directors -Northern Ireland","","https://www.thenetworkerhub.com/for-organisers?email=chelsea.brennan%40iod.com&intent=organiser-claim&auth=register&next=%2Forganiser%2F%3Fonboard%3Dclaim"
britishasianbusiness@iod.com,"The Institute of Directors British Asian Business Group","","https://www.thenetworkerhub.com/for-organisers?email=britishasianbusiness%40iod.com&intent=organiser-claim&auth=register&next=%2Forganiser%2F%3Fonboard%3Dclaim"
info@theluxurynetwork.co.uk,"The Luxury Network","","https://www.thenetworkerhub.com/for-organisers?email=info%40theluxurynetwork.co.uk&intent=organiser-claim&auth=register&next=%2Forganiser%2F%3Fonboard%3Dclaim"
joe@themarketingmeetup.com,"The Marketing Meetup","","https://www.thenetworkerhub.com/for-organisers?email=joe%40themarketingmeetup.com&intent=organiser-claim&auth=register&next=%2Forganiser%2F%3Fonboard%3Dclaim"
tom@themusselclub.co.uk,"The Mussel Club","","https://www.thenetworkerhub.com/for-organisers?email=tom%40themusselclub.co.uk&intent=organiser-claim&auth=register&next=%2Forganiser%2F%3Fonboard%3Dclaim"
info@thenetwork-group.com,"The Network Group","","https://www.thenetworkerhub.com/for-organisers?email=info%40thenetwork-group.com&intent=organiser-claim&auth=register&next=%2Forganiser%2F%3Fonboard%3Dclaim"
nina@nwbn.uk,"The North Wales Business Network","","https://www.thenetworkerhub.com/for-organisers?email=nina%40nwbn.uk&intent=organiser-claim&auth=register&next=%2Forganiser%2F%3Fonboard%3Dclaim"
info@thenorthernaffinity.co.uk,"The Northern Affinity","","https://www.thenetworkerhub.com/for-organisers?email=info%40thenorthernaffinity.co.uk&intent=organiser-claim&auth=register&next=%2Forganiser%2F%3Fonboard%3Dclaim"
sales@omnilocalbusinessnetworking.com,"The Omni Business Development Network","","https://www.thenetworkerhub.com/for-organisers?email=sales%40omnilocalbusinessnetworking.com&intent=organiser-claim&auth=register&next=%2Forganiser%2F%3Fonboard%3Dclaim"
info@theownersnetwork.co.uk,"The Owners' Network (TON)","","https://www.thenetworkerhub.com/for-organisers?email=info%40theownersnetwork.co.uk&intent=organiser-claim&auth=register&next=%2Forganiser%2F%3Fonboard%3Dclaim"
matt@thepartypigs.co.uk,"The Party Pigs","","https://www.thenetworkerhub.com/for-organisers?email=matt%40thepartypigs.co.uk&intent=organiser-claim&auth=register&next=%2Forganiser%2F%3Fonboard%3Dclaim"
elaine@discplus.health,"The Perfect Health Hub","","https://www.thenetworkerhub.com/for-organisers?email=elaine%40discplus.health&intent=organiser-claim&auth=register&next=%2Forganiser%2F%3Fonboard%3Dclaim"
info@the-plan-network.co.uk,"The Plan Business Networking","","https://www.thenetworkerhub.com/for-organisers?email=info%40the-plan-network.co.uk&intent=organiser-claim&auth=register&next=%2Forganiser%2F%3Fonboard%3Dclaim"
support@therecruitmentnetwork.com,"The Recruitment Network","","https://www.thenetworkerhub.com/for-organisers?email=support%40therecruitmentnetwork.com&intent=organiser-claim&auth=register&next=%2Forganiser%2F%3Fonboard%3Dclaim"
info@bitcni.org.uk,"The Responsible Business Network Northern Ireland","","https://www.thenetworkerhub.com/for-organisers?email=info%40bitcni.org.uk&intent=organiser-claim&auth=register&next=%2Forganiser%2F%3Fonboard%3Dclaim"
admin@thesamphireclub.com,"The Samphire Club","","https://www.thenetworkerhub.com/for-organisers?email=admin%40thesamphireclub.com&intent=organiser-claim&auth=register&next=%2Forganiser%2F%3Fonboard%3Dclaim"
alan@liquidindulgence.co.uk,"The Share Network Group","","https://www.thenetworkerhub.com/for-organisers?email=alan%40liquidindulgence.co.uk&intent=organiser-claim&auth=register&next=%2Forganiser%2F%3Fonboard%3Dclaim"
jfgwells57@gmail.com,"The Sun Network","","https://www.thenetworkerhub.com/for-organisers?email=jfgwells57%40gmail.com&intent=organiser-claim&auth=register&next=%2Forganiser%2F%3Fonboard%3Dclaim"
team@theteamnetwork.co.uk,"The Team Network","","https://www.thenetworkerhub.com/for-organisers?email=team%40theteamnetwork.co.uk&intent=organiser-claim&auth=register&next=%2Forganiser%2F%3Fonboard%3Dclaim"
info@thetribenetwork.co.uk,"The Tribe Network","","https://www.thenetworkerhub.com/for-organisers?email=info%40thetribenetwork.co.uk&intent=organiser-claim&auth=register&next=%2Forganiser%2F%3Fonboard%3Dclaim"
info@thetrustnetwork.org.uk,"The Trust Network","","https://www.thenetworkerhub.com/for-organisers?email=info%40thetrustnetwork.org.uk&intent=organiser-claim&auth=register&next=%2Forganiser%2F%3Fonboard%3Dclaim"
weecarpetshoppe@aol.com,"The Wee Carpet Shoppe","","https://www.thenetworkerhub.com/for-organisers?email=weecarpetshoppe%40aol.com&intent=organiser-claim&auth=register&next=%2Forganiser%2F%3Fonboard%3Dclaim"
info@thewoodpeckerproject.co.uk,"The Woodpecker Project","","https://www.thenetworkerhub.com/for-organisers?email=info%40thewoodpeckerproject.co.uk&intent=organiser-claim&auth=register&next=%2Forganiser%2F%3Fonboard%3Dclaim"
constructorsclerk@constructorscompany.co.uk,"The Worshipful Company of Constructors (WCC)","","https://www.thenetworkerhub.com/for-organisers?email=constructorsclerk%40constructorscompany.co.uk&intent=organiser-claim&auth=register&next=%2Forganiser%2F%3Fonboard%3Dclaim"
geoff@theyorkshiremafia.com,"The Yorkshire Mafia","","https://www.thenetworkerhub.com/for-organisers?email=geoff%40theyorkshiremafia.com&intent=organiser-claim&auth=register&next=%2Forganiser%2F%3Fonboard%3Dclaim"
events@theyorkshiremafia.com,"The Yorkshire Mafia","","https://www.thenetworkerhub.com/for-organisers?email=events%40theyorkshiremafia.com&intent=organiser-claim&auth=register&next=%2Forganiser%2F%3Fonboard%3Dclaim"
p.heathcote@theyorkshiresociety.og,"The Yorkshire Society","","https://www.thenetworkerhub.com/for-organisers?email=p.heathcote%40theyorkshiresociety.og&intent=organiser-claim&auth=register&next=%2Forganiser%2F%3Fonboard%3Dclaim"
sue@catchdesigns.co.uk,"Thirsty Thursday","","https://www.thenetworkerhub.com/for-organisers?email=sue%40catchdesigns.co.uk&intent=organiser-claim&auth=register&next=%2Forganiser%2F%3Fonboard%3Dclaim"
info@thirstythursdaystokesley.co.uk,"Thirsty Thursdays","","https://www.thenetworkerhub.com/for-organisers?email=info%40thirstythursdaystokesley.co.uk&intent=organiser-claim&auth=register&next=%2Forganiser%2F%3Fonboard%3Dclaim"
clubhouse@threebridgesfc.co.uk,"Three Bridges Football Club 200","","https://www.thenetworkerhub.com/for-organisers?email=clubhouse%40threebridgesfc.co.uk&intent=organiser-claim&auth=register&next=%2Forganiser%2F%3Fonboard%3Dclaim"
hello@timstraining.co.uk,"Tim’s Training","","https://www.thenetworkerhub.com/for-organisers?email=hello%40timstraining.co.uk&intent=organiser-claim&auth=register&next=%2Forganiser%2F%3Fonboard%3Dclaim"
toastnetworking@gmail.com,"Toast Networking","","https://www.thenetworkerhub.com/for-organisers?email=toastnetworking%40gmail.com&intent=organiser-claim&auth=register&next=%2Forganiser%2F%3Fonboard%3Dclaim"
hello@topnetworking.co.uk,"TOP Networking","","https://www.thenetworkerhub.com/for-organisers?email=hello%40topnetworking.co.uk&intent=organiser-claim&auth=register&next=%2Forganiser%2F%3Fonboard%3Dclaim"
info@torquelaw.co.uk,"Torque Law","","https://www.thenetworkerhub.com/for-organisers?email=info%40torquelaw.co.uk&intent=organiser-claim&auth=register&next=%2Forganiser%2F%3Fonboard%3Dclaim"
liz@totalbusinessnetwork.com,"Total Business Network","","https://www.thenetworkerhub.com/for-organisers?email=liz%40totalbusinessnetwork.com&intent=organiser-claim&auth=register&next=%2Forganiser%2F%3Fonboard%3Dclaim"
treehousetribenetworking@gmail.com,"Treehouse Tribe Networking","","https://www.thenetworkerhub.com/for-organisers?email=treehousetribenetworking%40gmail.com&intent=organiser-claim&auth=register&next=%2Forganiser%2F%3Fonboard%3Dclaim"
sean@trustedbusinesscommunity.com,"Trusted Business Community","","https://www.thenetworkerhub.com/for-organisers?email=sean%40trustedbusinesscommunity.com&intent=organiser-claim&auth=register&next=%2Forganiser%2F%3Fonboard%3Dclaim"
contact@turfsuppliesessex.co.uk,"Turf Supplies Essex","","https://www.thenetworkerhub.com/for-organisers?email=contact%40turfsuppliesessex.co.uk&intent=organiser-claim&auth=register&next=%2Forganiser%2F%3Fonboard%3Dclaim"
lettings@turnerscott.co.uk,"Turner Scott Lettings","","https://www.thenetworkerhub.com/for-organisers?email=lettings%40turnerscott.co.uk&intent=organiser-claim&auth=register&next=%2Forganiser%2F%3Fonboard%3Dclaim"
hello@blackcommsnetwork.co.uk,"UK Black Comms Network","","https://www.thenetworkerhub.com/for-organisers?email=hello%40blackcommsnetwork.co.uk&intent=organiser-claim&auth=register&next=%2Forganiser%2F%3Fonboard%3Dclaim"
info@ukcurryconnect.co.uk,"UK Curry Connect","","https://www.thenetworkerhub.com/for-organisers?email=info%40ukcurryconnect.co.uk&intent=organiser-claim&auth=register&next=%2Forganiser%2F%3Fonboard%3Dclaim"
contact@uknetworker.co.uk,"UKNetworker","","https://www.thenetworkerhub.com/for-organisers?email=contact%40uknetworker.co.uk&intent=organiser-claim&auth=register&next=%2Forganiser%2F%3Fonboard%3Dclaim"
keith.griffiths@built-environment-networking.com,"UKREiiF (The UK's Real Estate Investment & Infrastructure Forum)","","https://www.thenetworkerhub.com/for-organisers?email=keith.griffiths%40built-environment-networking.com&intent=organiser-claim&auth=register&next=%2Forganiser%2F%3Fonboard%3Dclaim"
suzy@uniqueladies.co.uk,"Unique Ladies Networking","","https://www.thenetworkerhub.com/for-organisers?email=suzy%40uniqueladies.co.uk&intent=organiser-claim&auth=register&next=%2Forganiser%2F%3Fonboard%3Dclaim"
info@universal-safety.co.uk,"Universal Safety Practitioners","","https://www.thenetworkerhub.com/for-organisers?email=info%40universal-safety.co.uk&intent=organiser-claim&auth=register&next=%2Forganiser%2F%3Fonboard%3Dclaim"
s.noble@electrofitsolutions.org,"UNO - BNI Dunstable","","https://www.thenetworkerhub.com/for-organisers?email=s.noble%40electrofitsolutions.org&intent=organiser-claim&auth=register&next=%2Forganiser%2F%3Fonboard%3Dclaim"
tania@beheardbebravebefree.com,"V N Platform Consultancy","","https://www.thenetworkerhub.com/for-organisers?email=tania%40beheardbebravebefree.com&intent=organiser-claim&auth=register&next=%2Forganiser%2F%3Fonboard%3Dclaim"
alextana1950@gmail.com,"Vectis Business Link","","https://www.thenetworkerhub.com/for-organisers?email=alextana1950%40gmail.com&intent=organiser-claim&auth=register&next=%2Forganiser%2F%3Fonboard%3Dclaim"
hello@ventersproperty.com,"Venters Property","","https://www.thenetworkerhub.com/for-organisers?email=hello%40ventersproperty.com&intent=organiser-claim&auth=register&next=%2Forganiser%2F%3Fonboard%3Dclaim"
enquiries@vhsfletchers.co.uk,"VHS Fletchers Solicitors","","https://www.thenetworkerhub.com/for-organisers?email=enquiries%40vhsfletchers.co.uk&intent=organiser-claim&auth=register&next=%2Forganiser%2F%3Fonboard%3Dclaim"
marc@emjayconsultancy.com,"Virtual Power Networking","","https://www.thenetworkerhub.com/for-organisers?email=marc%40emjayconsultancy.com&intent=organiser-claim&auth=register&next=%2Forganiser%2F%3Fonboard%3Dclaim"
biz@visitnorthyorkshire.com,"Visit North Yorkshire","","https://www.thenetworkerhub.com/for-organisers?email=biz%40visitnorthyorkshire.com&intent=organiser-claim&auth=register&next=%2Forganiser%2F%3Fonboard%3Dclaim"
business-events@visitbritain.org,"VisitBritain Business Events","","https://www.thenetworkerhub.com/for-organisers?email=business-events%40visitbritain.org&intent=organiser-claim&auth=register&next=%2Forganiser%2F%3Fonboard%3Dclaim"
ian@virtualnonexecs.com,"VNXD","","https://www.thenetworkerhub.com/for-organisers?email=ian%40virtualnonexecs.com&intent=organiser-claim&auth=register&next=%2Forganiser%2F%3Fonboard%3Dclaim"
info@waleshrnetwork.cymru,"Waleshrnetwork.cymru","","https://www.thenetworkerhub.com/for-organisers?email=info%40waleshrnetwork.cymru&intent=organiser-claim&auth=register&next=%2Forganiser%2F%3Fonboard%3Dclaim"
bill.stevenson@wamstaxltd.com,"WAMS Tax Ltd","","https://www.thenetworkerhub.com/for-organisers?email=bill.stevenson%40wamstaxltd.com&intent=organiser-claim&auth=register&next=%2Forganiser%2F%3Fonboard%3Dclaim"
warwickfinancesoc@gmail.com,"Warwick Finance Societies","","https://www.thenetworkerhub.com/for-organisers?email=warwickfinancesoc%40gmail.com&intent=organiser-claim&auth=register&next=%2Forganiser%2F%3Fonboard%3Dclaim"
contact@wavestaffing.co.uk,"Wave Staffing","","https://www.thenetworkerhub.com/for-organisers?email=contact%40wavestaffing.co.uk&intent=organiser-claim&auth=register&next=%2Forganiser%2F%3Fonboard%3Dclaim"
enquiries@waymanandlong.co.uk,"Wayman & Long Solicitors","","https://www.thenetworkerhub.com/for-organisers?email=enquiries%40waymanandlong.co.uk&intent=organiser-claim&auth=register&next=%2Forganiser%2F%3Fonboard%3Dclaim"
enquiries@wearecatalyst.org,"We Are Catalyst","","https://www.thenetworkerhub.com/for-organisers?email=enquiries%40wearecatalyst.org&intent=organiser-claim&auth=register&next=%2Forganiser%2F%3Fonboard%3Dclaim"
tracey@weareinbusiness.co.uk,"We are In Business","","https://www.thenetworkerhub.com/for-organisers?email=tracey%40weareinbusiness.co.uk&intent=organiser-claim&auth=register&next=%2Forganiser%2F%3Fonboard%3Dclaim"
claire@wearewakefield.org.uk,"We Are Wakefield","","https://www.thenetworkerhub.com/for-organisers?email=claire%40wearewakefield.org.uk&intent=organiser-claim&auth=register&next=%2Forganiser%2F%3Fonboard%3Dclaim"
admin@webx.org.com,"WEBX (Weymouth Business Exchange)","","https://www.thenetworkerhub.com/for-organisers?email=admin%40webx.org.com&intent=organiser-claim&auth=register&next=%2Forganiser%2F%3Fonboard%3Dclaim"
meetings@wednesdayclub.org.uk,"Wednesday Club","","https://www.thenetworkerhub.com/for-organisers?email=meetings%40wednesdayclub.org.uk&intent=organiser-claim&auth=register&next=%2Forganiser%2F%3Fonboard%3Dclaim"
hello@wedoscotland.com,"WeDo Scotland","","https://www.thenetworkerhub.com/for-organisers?email=hello%40wedoscotland.com&intent=organiser-claim&auth=register&next=%2Forganiser%2F%3Fonboard%3Dclaim"
marti@weebitsocial.com,"Wee Bit Social","","https://www.thenetworkerhub.com/for-organisers?email=marti%40weebitsocial.com&intent=organiser-claim&auth=register&next=%2Forganiser%2F%3Fonboard%3Dclaim"
lwbusinessnetwork@gmail.com,"Wensleydale Business Network","","https://www.thenetworkerhub.com/for-organisers?email=lwbusinessnetwork%40gmail.com&intent=organiser-claim&auth=register&next=%2Forganiser%2F%3Fonboard%3Dclaim"
beverley.holmes@wnychamber.co.uk,"West & North Yorkshire Chamber of Commerce","","https://www.thenetworkerhub.com/for-organisers?email=beverley.holmes%40wnychamber.co.uk&intent=organiser-claim&auth=register&next=%2Forganiser%2F%3Fonboard%3Dclaim"
team@westminsterbc.org.uk,"Westminster Business Council","","https://www.thenetworkerhub.com/for-organisers?email=team%40westminsterbc.org.uk&intent=organiser-claim&auth=register&next=%2Forganiser%2F%3Fonboard%3Dclaim"
info@westwingsolicitors.co.uk,"Westwing Solicitors","","https://www.thenetworkerhub.com/for-organisers?email=info%40westwingsolicitors.co.uk&intent=organiser-claim&auth=register&next=%2Forganiser%2F%3Fonboard%3Dclaim"
info@weybridgenetwork.co.uk,"Weybridge Independent Network","","https://www.thenetworkerhub.com/for-organisers?email=info%40weybridgenetwork.co.uk&intent=organiser-claim&auth=register&next=%2Forganiser%2F%3Fonboard%3Dclaim"
hello@wharfnotaries.com,"Wharf Notaries","","https://www.thenetworkerhub.com/for-organisers?email=hello%40wharfnotaries.com&intent=organiser-claim&auth=register&next=%2Forganiser%2F%3Fonboard%3Dclaim"
hello@mybusinessnetworking.co.uk,"What's My Business","","https://www.thenetworkerhub.com/for-organisers?email=hello%40mybusinessnetworking.co.uk&intent=organiser-claim&auth=register&next=%2Forganiser%2F%3Fonboard%3Dclaim"
admin@whitstablebusinessclub.co.uk,"Whitstable Business Club","","https://www.thenetworkerhub.com/for-organisers?email=admin%40whitstablebusinessclub.co.uk&intent=organiser-claim&auth=register&next=%2Forganiser%2F%3Fonboard%3Dclaim"
hello@the19thclub.co.uk,"Whole In One","","https://www.thenetworkerhub.com/for-organisers?email=hello%40the19thclub.co.uk&intent=organiser-claim&auth=register&next=%2Forganiser%2F%3Fonboard%3Dclaim"
operations@wibf.org.uk,"WIBF (Women in Banking & Finance)","","https://www.thenetworkerhub.com/for-organisers?email=operations%40wibf.org.uk&intent=organiser-claim&auth=register&next=%2Forganiser%2F%3Fonboard%3Dclaim"
wibse@cibse.org,"WiBSE (Women in Building Services Engineering)","","https://www.thenetworkerhub.com/for-organisers?email=wibse%40cibse.org&intent=organiser-claim&auth=register&next=%2Forganiser%2F%3Fonboard%3Dclaim"
law@willettsolicitors.com,"Willett & Co Solicitors","","https://www.thenetworkerhub.com/for-organisers?email=law%40willettsolicitors.com&intent=organiser-claim&auth=register&next=%2Forganiser%2F%3Fonboard%3Dclaim"
neilmacca@icloud.com,"Willmore Phillips","","https://www.thenetworkerhub.com/for-organisers?email=neilmacca%40icloud.com&intent=organiser-claim&auth=register&next=%2Forganiser%2F%3Fonboard%3Dclaim"
studio@wisharchitects.co.uk,"Wish Architects Ltd","","https://www.thenetworkerhub.com/for-organisers?email=studio%40wisharchitects.co.uk&intent=organiser-claim&auth=register&next=%2Forganiser%2F%3Fonboard%3Dclaim"
info@wabf.org.uk,"Woking Asian Business Forum","","https://www.thenetworkerhub.com/for-organisers?email=info%40wabf.org.uk&intent=organiser-claim&auth=register&next=%2Forganiser%2F%3Fonboard%3Dclaim"
admin@womanwho.co.uk,"Woman Who","","https://www.thenetworkerhub.com/for-organisers?email=admin%40womanwho.co.uk&intent=organiser-claim&auth=register&next=%2Forganiser%2F%3Fonboard%3Dclaim"
info@womenahead.co.uk,"Women Ahead Dundee and Angus","","https://www.thenetworkerhub.com/for-organisers?email=info%40womenahead.co.uk&intent=organiser-claim&auth=register&next=%2Forganiser%2F%3Fonboard%3Dclaim"
hello@women-connect.co.uk,"Women Connect","","https://www.thenetworkerhub.com/for-organisers?email=hello%40women-connect.co.uk&intent=organiser-claim&auth=register&next=%2Forganiser%2F%3Fonboard%3Dclaim"
info@womeninbusinesshull.co.uk,"Women in Business Hull","","https://www.thenetworkerhub.com/for-organisers?email=info%40womeninbusinesshull.co.uk&intent=organiser-claim&auth=register&next=%2Forganiser%2F%3Fonboard%3Dclaim"
susie.sprigg@wibn.co.uk,"Women In Business Network - Altrincham","","https://www.thenetworkerhub.com/for-organisers?email=susie.sprigg%40wibn.co.uk&intent=organiser-claim&auth=register&next=%2Forganiser%2F%3Fonboard%3Dclaim"
louise.yexley@wibn.co.uk,"Women In Business Network - Ampthill & Flitwick Group",", plus Women In Business Network - Bedford, Women In Business Network - Bishop's Stortford, Women In Business Network - Bishop's Stortford Brunch, Women In Business Network - Hertford & Ware, and Women In Business Network - St Albans & Hatfield Group","https://www.thenetworkerhub.com/for-organisers?email=louise.yexley%40wibn.co.uk&intent=organiser-claim&auth=register&next=%2Forganiser%2F%3Fonboard%3Dclaim"
rachel.gilbert@wibn.co.uk,"Women In Business Network - Billericay & Basildon","","https://www.thenetworkerhub.com/for-organisers?email=rachel.gilbert%40wibn.co.uk&intent=organiser-claim&auth=register&next=%2Forganiser%2F%3Fonboard%3Dclaim"
ru.howard@wibn.co.uk,"Women In Business Network - Bolton","","https://www.thenetworkerhub.com/for-organisers?email=ru.howard%40wibn.co.uk&intent=organiser-claim&auth=register&next=%2Forganiser%2F%3Fonboard%3Dclaim"
karan.wilson@wibn.co.uk,"Women In Business Network - Bury St Edmunds","","https://www.thenetworkerhub.com/for-organisers?email=karan.wilson%40wibn.co.uk&intent=organiser-claim&auth=register&next=%2Forganiser%2F%3Fonboard%3Dclaim"
rhianne.mordecai@wibn.co.uk,"Women In Business Network - Caerphilly","","https://www.thenetworkerhub.com/for-organisers?email=rhianne.mordecai%40wibn.co.uk&intent=organiser-claim&auth=register&next=%2Forganiser%2F%3Fonboard%3Dclaim"
amy.wilkes@wibn.co.uk,"Women In Business Network - Cambridge North","","https://www.thenetworkerhub.com/for-organisers?email=amy.wilkes%40wibn.co.uk&intent=organiser-claim&auth=register&next=%2Forganiser%2F%3Fonboard%3Dclaim"
katherine.vass@wibn.co.uk,"Women In Business Network - Canterbury","","https://www.thenetworkerhub.com/for-organisers?email=katherine.vass%40wibn.co.uk&intent=organiser-claim&auth=register&next=%2Forganiser%2F%3Fonboard%3Dclaim"
rosie.diver@wibn.co.uk,"Women In Business Network - Chester","","https://www.thenetworkerhub.com/for-organisers?email=rosie.diver%40wibn.co.uk&intent=organiser-claim&auth=register&next=%2Forganiser%2F%3Fonboard%3Dclaim"
samantha.lawton@wibn.co.uk,"Women In Business Network - Chiswick","","https://www.thenetworkerhub.com/for-organisers?email=samantha.lawton%40wibn.co.uk&intent=organiser-claim&auth=register&next=%2Forganiser%2F%3Fonboard%3Dclaim"
lisa@lkpersonaltraining.co.uk,"Women In Business Network - Hampstead","","https://www.thenetworkerhub.com/for-organisers?email=lisa%40lkpersonaltraining.co.uk&intent=organiser-claim&auth=register&next=%2Forganiser%2F%3Fonboard%3Dclaim"
danielle@theheathhomeopath.co.uk,"Women In Business Network - Highgate & Finchley","","https://www.thenetworkerhub.com/for-organisers?email=danielle%40theheathhomeopath.co.uk&intent=organiser-claim&auth=register&next=%2Forganiser%2F%3Fonboard%3Dclaim"
ceylan.boyce@wibn.co.uk,"Women In Business Network - London City","","https://www.thenetworkerhub.com/for-organisers?email=ceylan.boyce%40wibn.co.uk&intent=organiser-claim&auth=register&next=%2Forganiser%2F%3Fonboard%3Dclaim"
vicki.messenger@wibn.co.uk,"Women In Business Network - Marlow","","https://www.thenetworkerhub.com/for-organisers?email=vicki.messenger%40wibn.co.uk&intent=organiser-claim&auth=register&next=%2Forganiser%2F%3Fonboard%3Dclaim"
helen.clarke@wibn.co.uk,"Women In Business Network - Pendle","","https://www.thenetworkerhub.com/for-organisers?email=helen.clarke%40wibn.co.uk&intent=organiser-claim&auth=register&next=%2Forganiser%2F%3Fonboard%3Dclaim"
info@womeninhealthcare.co.uk,"Women in Healthcare UK","","https://www.thenetworkerhub.com/for-organisers?email=info%40womeninhealthcare.co.uk&intent=organiser-claim&auth=register&next=%2Forganiser%2F%3Fonboard%3Dclaim"
publicrelations@womeninproperty.org.uk,"Women in Property","","https://www.thenetworkerhub.com/for-organisers?email=publicrelations%40womeninproperty.org.uk&intent=organiser-claim&auth=register&next=%2Forganiser%2F%3Fonboard%3Dclaim"
j.love@gardiner.com,"Women in Property - Central Scotland","","https://www.thenetworkerhub.com/for-organisers?email=j.love%40gardiner.com&intent=organiser-claim&auth=register&next=%2Forganiser%2F%3Fonboard%3Dclaim"
antoniadalessio@gilbertstephens.co.uk,"Women in Property - Devon & Cornwall","","https://www.thenetworkerhub.com/for-organisers?email=antoniadalessio%40gilbertstephens.co.uk&intent=organiser-claim&auth=register&next=%2Forganiser%2F%3Fonboard%3Dclaim"
mary@highlandrural.com,"Women in Property - Highlands & Islands","","https://www.thenetworkerhub.com/for-organisers?email=mary%40highlandrural.com&intent=organiser-claim&auth=register&next=%2Forganiser%2F%3Fonboard%3Dclaim"
jane.fillis@harrison-drury.com,"Women in Property - Lancashire & Cumbria","","https://www.thenetworkerhub.com/for-organisers?email=jane.fillis%40harrison-drury.com&intent=organiser-claim&auth=register&next=%2Forganiser%2F%3Fonboard%3Dclaim"
hannah@pi-sq.co.uk,"Women in Property - Midlands","","https://www.thenetworkerhub.com/for-organisers?email=hannah%40pi-sq.co.uk&intent=organiser-claim&auth=register&next=%2Forganiser%2F%3Fonboard%3Dclaim"
rachael@engage5.co.uk,"Women in Property - North West","","https://www.thenetworkerhub.com/for-organisers?email=rachael%40engage5.co.uk&intent=organiser-claim&auth=register&next=%2Forganiser%2F%3Fonboard%3Dclaim"
catherine.dryburgh@barratthomes.co.uk,"Women in Property - Northern Scotland","","https://www.thenetworkerhub.com/for-organisers?email=catherine.dryburgh%40barratthomes.co.uk&intent=organiser-claim&auth=register&next=%2Forganiser%2F%3Fonboard%3Dclaim"
jade.hawksworth@footanstey.com,"Women in Property - Solent","","https://www.thenetworkerhub.com/for-organisers?email=jade.hawksworth%40footanstey.com&intent=organiser-claim&auth=register&next=%2Forganiser%2F%3Fonboard%3Dclaim"
sukdosanjh1@gmail.com,"Women in Property - South East","","https://www.thenetworkerhub.com/for-organisers?email=sukdosanjh1%40gmail.com&intent=organiser-claim&auth=register&next=%2Forganiser%2F%3Fonboard%3Dclaim"
rhiannon.peploe-williams@blakemorgan.co.uk,"Women in Property - South Wales","","https://www.thenetworkerhub.com/for-organisers?email=rhiannon.peploe-williams%40blakemorgan.co.uk&intent=organiser-claim&auth=register&next=%2Forganiser%2F%3Fonboard%3Dclaim"
rachelholmes@harrisevolution.com,"Women in Property - South West","","https://www.thenetworkerhub.com/for-organisers?email=rachelholmes%40harrisevolution.com&intent=organiser-claim&auth=register&next=%2Forganiser%2F%3Fonboard%3Dclaim"
nicky.brock@carterjonas.co.uk,"Women in Property - Thames Valley","","https://www.thenetworkerhub.com/for-organisers?email=nicky.brock%40carterjonas.co.uk&intent=organiser-claim&auth=register&next=%2Forganiser%2F%3Fonboard%3Dclaim"
april.marsden@bowmanriley.com,"Women in Property - Yorkshire & North East","","https://www.thenetworkerhub.com/for-organisers?email=april.marsden%40bowmanriley.com&intent=organiser-claim&auth=register&next=%2Forganiser%2F%3Fonboard%3Dclaim"
womeninthelawuk@gmail.com,"Women in the Law UK","","https://www.thenetworkerhub.com/for-organisers?email=womeninthelawuk%40gmail.com&intent=organiser-claim&auth=register&next=%2Forganiser%2F%3Fonboard%3Dclaim"
ed@womenmeanbusiness.com,"Women Mean Business (WMB)","","https://www.thenetworkerhub.com/for-organisers?email=ed%40womenmeanbusiness.com&intent=organiser-claim&auth=register&next=%2Forganiser%2F%3Fonboard%3Dclaim"
mailus@talkbusiness.com,"Women Talk Business","","https://www.thenetworkerhub.com/for-organisers?email=mailus%40talkbusiness.com&intent=organiser-claim&auth=register&next=%2Forganiser%2F%3Fonboard%3Dclaim"
hello@womenwhouk.co.uk,"Women Who Business Networking","","https://www.thenetworkerhub.com/for-organisers?email=hello%40womenwhouk.co.uk&intent=organiser-claim&auth=register&next=%2Forganiser%2F%3Fonboard%3Dclaim"
hello@womenwd.com,"Women Who Do (WWD)","","https://www.thenetworkerhub.com/for-organisers?email=hello%40womenwd.com&intent=organiser-claim&auth=register&next=%2Forganiser%2F%3Fonboard%3Dclaim"
angela@womensbusiness.club,"Women's Business Club","","https://www.thenetworkerhub.com/for-organisers?email=angela%40womensbusiness.club&intent=organiser-claim&auth=register&next=%2Forganiser%2F%3Fonboard%3Dclaim"
zoe@zoejphoenix.com,"Womenpreneur Collective","","https://www.thenetworkerhub.com/for-organisers?email=zoe%40zoejphoenix.com&intent=organiser-claim&auth=register&next=%2Forganiser%2F%3Fonboard%3Dclaim"
sharon@womensbusinessnetwork.co.uk,"Womens Business Network Limited","","https://www.thenetworkerhub.com/for-organisers?email=sharon%40womensbusinessnetwork.co.uk&intent=organiser-claim&auth=register&next=%2Forganiser%2F%3Fonboard%3Dclaim"
steve@cagedfish.co.uk,"Working Breakfast","","https://www.thenetworkerhub.com/for-organisers?email=steve%40cagedfish.co.uk&intent=organiser-claim&auth=register&next=%2Forganiser%2F%3Fonboard%3Dclaim"
boxoffice@wtm.uk,"Worthing Theatres and Museum","","https://www.thenetworkerhub.com/for-organisers?email=boxoffice%40wtm.uk&intent=organiser-claim&auth=register&next=%2Forganiser%2F%3Fonboard%3Dclaim"
susie@zestyproperties.co.uk,"Wrexham Property Meet","","https://www.thenetworkerhub.com/for-organisers?email=susie%40zestyproperties.co.uk&intent=organiser-claim&auth=register&next=%2Forganiser%2F%3Fonboard%3Dclaim"
info@wru.wales,"WRU Business Club","","https://www.thenetworkerhub.com/for-organisers?email=info%40wru.wales&intent=organiser-claim&auth=register&next=%2Forganiser%2F%3Fonboard%3Dclaim"
discover@xpandmarketing.co.uk,"Xpand Marketing","","https://www.thenetworkerhub.com/for-organisers?email=discover%40xpandmarketing.co.uk&intent=organiser-claim&auth=register&next=%2Forganiser%2F%3Fonboard%3Dclaim"
mummyonabreak@outlook.com,"YaaMas Networking","","https://www.thenetworkerhub.com/for-organisers?email=mummyonabreak%40outlook.com&intent=organiser-claim&auth=register&next=%2Forganiser%2F%3Fonboard%3Dclaim"
sharon@yaba.uk.com,"yaba (Yorkshire Asia Business Association)","","https://www.thenetworkerhub.com/for-organisers?email=sharon%40yaba.uk.com&intent=organiser-claim&auth=register&next=%2Forganiser%2F%3Fonboard%3Dclaim"
support@ynygrowthhub.com,"YNY Growth Hub","","https://www.thenetworkerhub.com/for-organisers?email=support%40ynygrowthhub.com&intent=organiser-claim&auth=register&next=%2Forganiser%2F%3Fonboard%3Dclaim"
info@yorbusinessevents.co.uk,"YORBusiness","","https://www.thenetworkerhub.com/for-organisers?email=info%40yorbusinessevents.co.uk&intent=organiser-claim&auth=register&next=%2Forganiser%2F%3Fonboard%3Dclaim"
smalik@yorkshirenetwork.co.uk,"Yorkshire Enterprise Network","","https://www.thenetworkerhub.com/for-organisers?email=smalik%40yorkshirenetwork.co.uk&intent=organiser-claim&auth=register&next=%2Forganiser%2F%3Fonboard%3Dclaim"
info@yorkshirenetwork.co.uk,"Yorkshire Enterprise Network (YEN)","","https://www.thenetworkerhub.com/for-organisers?email=info%40yorkshirenetwork.co.uk&intent=organiser-claim&auth=register&next=%2Forganiser%2F%3Fonboard%3Dclaim"
info@yorkshireinbusiness.org.uk,"Yorkshire in Business","","https://www.thenetworkerhub.com/for-organisers?email=info%40yorkshireinbusiness.org.uk&intent=organiser-claim&auth=register&next=%2Forganiser%2F%3Fonboard%3Dclaim"
business.newsletter@northyorks.gov.uk,"Yorkshire in Business Network - Scarborough","","https://www.thenetworkerhub.com/for-organisers?email=business.newsletter%40northyorks.gov.uk&intent=organiser-claim&auth=register&next=%2Forganiser%2F%3Fonboard%3Dclaim"
gem@yorkshireindie.co.uk,"Yorkshire Indie","","https://www.thenetworkerhub.com/for-organisers?email=gem%40yorkshireindie.co.uk&intent=organiser-claim&auth=register&next=%2Forganiser%2F%3Fonboard%3Dclaim"
mel@yorkshireladieslinks.co.uk,"Yorkshire Ladies Links","","https://www.thenetworkerhub.com/for-organisers?email=mel%40yorkshireladieslinks.co.uk&intent=organiser-claim&auth=register&next=%2Forganiser%2F%3Fonboard%3Dclaim"
hello@yourbusinessmatters.co,"Your Business Matters.co","","https://www.thenetworkerhub.com/for-organisers?email=hello%40yourbusinessmatters.co&intent=organiser-claim&auth=register&next=%2Forganiser%2F%3Fonboard%3Dclaim"
brett@ybworld.co.uk,"Your Business World","","https://www.thenetworkerhub.com/for-organisers?email=brett%40ybworld.co.uk&intent=organiser-claim&auth=register&next=%2Forganiser%2F%3Fonboard%3Dclaim"
yournetwork@mencap.org.uk,"Your Network","","https://www.thenetworkerhub.com/for-organisers?email=yournetwork%40mencap.org.uk&intent=organiser-claim&auth=register&next=%2Forganiser%2F%3Fonboard%3Dclaim"
info@yourpartnerships.co.uk,"Your Partnerships","","https://www.thenetworkerhub.com/for-organisers?email=info%40yourpartnerships.co.uk&intent=organiser-claim&auth=register&next=%2Forganiser%2F%3Fonboard%3Dclaim"
nick@zoconetworking.co.uk,"Zoco Networking Group","","https://www.thenetworkerhub.com/for-organisers?email=nick%40zoconetworking.co.uk&intent=organiser-claim&auth=register&next=%2Forganiser%2F%3Fonboard%3Dclaim"
hello@zokit.co.uk,"Zokit","","https://www.thenetworkerhub.com/for-organisers?email=hello%40zokit.co.uk&intent=organiser-claim&auth=register&next=%2Forganiser%2F%3Fonboard%3Dclaim"
