Email,Organiser name,OTHER_GROUPS_NOTE,CLAIM_URL
quintin@accendoaccountants.co.uk,"Fore Business - Cardiff","","https://www.thenetworkerhub.com/organisers/fore-business-cardiff?email=quintin%40accendoaccountants.co.uk&intent=organiser-claim&auth=register&next=%2Forganiser%2F%3Fonboard%3Dclaim"
andy@mpr-it.co.uk,"Fore Business - Caterham","","https://www.thenetworkerhub.com/organisers/fore-business-caterham?email=andy%40mpr-it.co.uk&intent=organiser-claim&auth=register&next=%2Forganiser%2F%3Fonboard%3Dclaim"
james.weaver@wpa-hcp.org.uk,"Fore Business - Cheltenham","","https://www.thenetworkerhub.com/organisers/fore-business-cheltenham?email=james.weaver%40wpa-hcp.org.uk&intent=organiser-claim&auth=register&next=%2Forganiser%2F%3Fonboard%3Dclaim"
gavin@purewealthmanagement.co.uk,"Fore Business - Chepstow","","https://www.thenetworkerhub.com/organisers/fore-business-chepstow?email=gavin%40purewealthmanagement.co.uk&intent=organiser-claim&auth=register&next=%2Forganiser%2F%3Fonboard%3Dclaim"
martyn@periwinkleproperty.com,"Fore Business - Chester","","https://www.thenetworkerhub.com/organisers/fore-business-chester?email=martyn%40periwinkleproperty.com&intent=organiser-claim&auth=register&next=%2Forganiser%2F%3Fonboard%3Dclaim"
kevin.attwell@bwmltd.org,"Fore Business - Chigwell","","https://www.thenetworkerhub.com/organisers/fore-business-chigwell?email=kevin.attwell%40bwmltd.org&intent=organiser-claim&auth=register&next=%2Forganiser%2F%3Fonboard%3Dclaim"
toby.pawson@conceptvehicleleasing.co.uk,"Fore Business - Cobham","","https://www.thenetworkerhub.com/organisers/fore-business-cobham?email=toby.pawson%40conceptvehicleleasing.co.uk&intent=organiser-claim&auth=register&next=%2Forganiser%2F%3Fonboard%3Dclaim"
adrian.peck@peckuk.com,"Fore Business - Colchester","","https://www.thenetworkerhub.com/organisers/fore-business-colchester?email=adrian.peck%40peckuk.com&intent=organiser-claim&auth=register&next=%2Forganiser%2F%3Fonboard%3Dclaim"
will.clayton@constantinelaw.co.uk,"Fore Business - Crewe","","https://www.thenetworkerhub.com/organisers/fore-business-crewe?email=will.clayton%40constantinelaw.co.uk&intent=organiser-claim&auth=register&next=%2Forganiser%2F%3Fonboard%3Dclaim"
kenkennison@hotmail.com,"Fore Business - Croydon","","https://www.thenetworkerhub.com/organisers/fore-business-croydon?email=kenkennison%40hotmail.com&intent=organiser-claim&auth=register&next=%2Forganiser%2F%3Fonboard%3Dclaim"
dean@deanafox.com,"Fore Business - Darlington","","https://www.thenetworkerhub.com/organisers/fore-business-darlington?email=dean%40deanafox.com&intent=organiser-claim&auth=register&next=%2Forganiser%2F%3Fonboard%3Dclaim"
salesmanager@thedartmouthhotel.co.uk,"Fore Business - Dartmouth","","https://www.thenetworkerhub.com/organisers/fore-business-dartmouth?email=salesmanager%40thedartmouthhotel.co.uk&intent=organiser-claim&auth=register&next=%2Forganiser%2F%3Fonboard%3Dclaim"
chris.tucker@scmsales.co.uk,"Fore Business - Derby","","https://www.thenetworkerhub.com/organisers/fore-business-derby?email=chris.tucker%40scmsales.co.uk&intent=organiser-claim&auth=register&next=%2Forganiser%2F%3Fonboard%3Dclaim"
steve@holezerogolf.co.uk,"Fore Business - Doncaster","","https://www.thenetworkerhub.com/organisers/fore-business-doncaster?email=steve%40holezerogolf.co.uk&intent=organiser-claim&auth=register&next=%2Forganiser%2F%3Fonboard%3Dclaim"
wayne.henderson@me.com,"Fore Business - Dundee","","https://www.thenetworkerhub.com/organisers/fore-business-dundee?email=wayne.henderson%40me.com&intent=organiser-claim&auth=register&next=%2Forganiser%2F%3Fonboard%3Dclaim"
alex@depiqd.co.uk,"Fore Business - East Grinstead","","https://www.thenetworkerhub.com/organisers/fore-business-east-grinstead?email=alex%40depiqd.co.uk&intent=organiser-claim&auth=register&next=%2Forganiser%2F%3Fonboard%3Dclaim"
johnyoung@johnyounggroup.co.uk,"Fore Business - Edinburgh","","https://www.thenetworkerhub.com/organisers/fore-business-edinburgh?email=johnyoung%40johnyounggroup.co.uk&intent=organiser-claim&auth=register&next=%2Forganiser%2F%3Fonboard%3Dclaim"
nick@progressint.com,"Fore Business - Goodwood","","https://www.thenetworkerhub.com/organisers/fore-business-goodwood?email=nick%40progressint.com&intent=organiser-claim&auth=register&next=%2Forganiser%2F%3Fonboard%3Dclaim"
gilles@gillespelenc.com,"Fore Business - Guildford","","https://www.thenetworkerhub.com/organisers/fore-business-guildford?email=gilles%40gillespelenc.com&intent=organiser-claim&auth=register&next=%2Forganiser%2F%3Fonboard%3Dclaim"
barry@yorkshirewinerascal.com,"Fore Business - Harrogate","","https://www.thenetworkerhub.com/organisers/fore-business-harrogate?email=barry%40yorkshirewinerascal.com&intent=organiser-claim&auth=register&next=%2Forganiser%2F%3Fonboard%3Dclaim"
andy@catandra.co.uk,"Fore Business - Horsham","","https://www.thenetworkerhub.com/organisers/fore-business-horsham?email=andy%40catandra.co.uk&intent=organiser-claim&auth=register&next=%2Forganiser%2F%3Fonboard%3Dclaim"
danny@emworkwear.com,"Fore Business - Huddersfield","","https://www.thenetworkerhub.com/organisers/fore-business-huddersfield?email=danny%40emworkwear.com&intent=organiser-claim&auth=register&next=%2Forganiser%2F%3Fonboard%3Dclaim"
steve@steveball-recruitment.co.uk,"Fore Business - Hull","","https://www.thenetworkerhub.com/organisers/fore-business-hull?email=steve%40steveball-recruitment.co.uk&intent=organiser-claim&auth=register&next=%2Forganiser%2F%3Fonboard%3Dclaim"
james.roper@sjpp.co.uk,"Fore Business - Ipswich","","https://www.thenetworkerhub.com/organisers/fore-business-ipswich?email=james.roper%40sjpp.co.uk&intent=organiser-claim&auth=register&next=%2Forganiser%2F%3Fonboard%3Dclaim"
paul@uscita.co.uk,"Fore Business - Knutsford","","https://www.thenetworkerhub.com/organisers/fore-business-knutsford?email=paul%40uscita.co.uk&intent=organiser-claim&auth=register&next=%2Forganiser%2F%3Fonboard%3Dclaim"
rob.cornford@mytrustedwills.co.uk,"Fore Business - Leamington Spa","","https://www.thenetworkerhub.com/organisers/fore-business-leamington-spa?email=rob.cornford%40mytrustedwills.co.uk&intent=organiser-claim&auth=register&next=%2Forganiser%2F%3Fonboard%3Dclaim"
mark@hotseathangout.com,"Fore Business - Leatherhead","","https://www.thenetworkerhub.com/organisers/fore-business-leatherhead?email=mark%40hotseathangout.com&intent=organiser-claim&auth=register&next=%2Forganiser%2F%3Fonboard%3Dclaim"
michael@askmjs.co.uk,"Fore Business - Leeds","","https://www.thenetworkerhub.com/organisers/fore-business-leeds?email=michael%40askmjs.co.uk&intent=organiser-claim&auth=register&next=%2Forganiser%2F%3Fonboard%3Dclaim"
jonnyuzumaki@gmail.com,"Fore Business - Leicester","","https://www.thenetworkerhub.com/organisers/fore-business-leicester?email=jonnyuzumaki%40gmail.com&intent=organiser-claim&auth=register&next=%2Forganiser%2F%3Fonboard%3Dclaim"
paul.williams@secureinheritance.co.uk,"Fore Business - Liverpool","","https://www.thenetworkerhub.com/organisers/fore-business-liverpool?email=paul.williams%40secureinheritance.co.uk&intent=organiser-claim&auth=register&next=%2Forganiser%2F%3Fonboard%3Dclaim"
adam@csone.co.uk,"Fore Business - Maidstone","","https://www.thenetworkerhub.com/organisers/fore-business-maidstone?email=adam%40csone.co.uk&intent=organiser-claim&auth=register&next=%2Forganiser%2F%3Fonboard%3Dclaim"
aaron.unsworth@thig.co.uk,"Fore Business - Manchester North","","https://www.thenetworkerhub.com/organisers/fore-business-manchester-north?email=aaron.unsworth%40thig.co.uk&intent=organiser-claim&auth=register&next=%2Forganiser%2F%3Fonboard%3Dclaim"
andy@mhfatraininguk.co.uk,"Fore Business - Manchester South","","https://www.thenetworkerhub.com/organisers/fore-business-manchester-south?email=andy%40mhfatraininguk.co.uk&intent=organiser-claim&auth=register&next=%2Forganiser%2F%3Fonboard%3Dclaim"
brian.hardie@themarketingcentre.com,"Fore Business - Marlow & Maidenhead","","https://www.thenetworkerhub.com/organisers/fore-business-marlow-maidenhead?email=brian.hardie%40themarketingcentre.com&intent=organiser-claim&auth=register&next=%2Forganiser%2F%3Fonboard%3Dclaim"
kevin@root-cause-consultancy.co.uk,"Fore Business - Newcastle","","https://www.thenetworkerhub.com/organisers/fore-business-newcastle?email=kevin%40root-cause-consultancy.co.uk&intent=organiser-claim&auth=register&next=%2Forganiser%2F%3Fonboard%3Dclaim"
tom@onefoursix.co.uk,"Fore Business - Northampton","","https://www.thenetworkerhub.com/organisers/fore-business-northampton?email=tom%40onefoursix.co.uk&intent=organiser-claim&auth=register&next=%2Forganiser%2F%3Fonboard%3Dclaim"
michael.duale@sjpp.co.uk,"Fore Business - Norwich","","https://www.thenetworkerhub.com/organisers/fore-business-norwich?email=michael.duale%40sjpp.co.uk&intent=organiser-claim&auth=register&next=%2Forganiser%2F%3Fonboard%3Dclaim"
paul@dermodyowen.co.uk,"Fore Business - Nottingham","","https://www.thenetworkerhub.com/organisers/fore-business-nottingham?email=paul%40dermodyowen.co.uk&intent=organiser-claim&auth=register&next=%2Forganiser%2F%3Fonboard%3Dclaim"
steve@customer-journey.io,"Fore Business - Ormskirk","","https://www.thenetworkerhub.com/organisers/fore-business-ormskirk?email=steve%40customer-journey.io&intent=organiser-claim&auth=register&next=%2Forganiser%2F%3Fonboard%3Dclaim"
ben@gslmedia.co.uk,"Fore Business - Plymouth","","https://www.thenetworkerhub.com/organisers/fore-business-plymouth?email=ben%40gslmedia.co.uk&intent=organiser-claim&auth=register&next=%2Forganiser%2F%3Fonboard%3Dclaim"
michael@fusedhealthandsafety.co.uk,"Fore Business - Preston","","https://www.thenetworkerhub.com/organisers/fore-business-preston?email=michael%40fusedhealthandsafety.co.uk&intent=organiser-claim&auth=register&next=%2Forganiser%2F%3Fonboard%3Dclaim"
philgchappell60@gmail.com,"Fore Business - Reading","","https://www.thenetworkerhub.com/organisers/fore-business-reading?email=philgchappell60%40gmail.com&intent=organiser-claim&auth=register&next=%2Forganiser%2F%3Fonboard%3Dclaim"
brettsgroup@hotmail.com,"Fore Business - Sheffield","","https://www.thenetworkerhub.com/organisers/fore-business-sheffield?email=brettsgroup%40hotmail.com&intent=organiser-claim&auth=register&next=%2Forganiser%2F%3Fonboard%3Dclaim"
tony@lockfit.co.uk,"Fore Business - Shirley","","https://www.thenetworkerhub.com/organisers/fore-business-shirley?email=tony%40lockfit.co.uk&intent=organiser-claim&auth=register&next=%2Forganiser%2F%3Fonboard%3Dclaim"
paul.davies@debtcol.co.uk,"Fore Business - Southampton","","https://www.thenetworkerhub.com/organisers/fore-business-southampton?email=paul.davies%40debtcol.co.uk&intent=organiser-claim&auth=register&next=%2Forganiser%2F%3Fonboard%3Dclaim"
mike.orchard@hotmail.com,"Fore Business - Swanley","","https://www.thenetworkerhub.com/organisers/fore-business-swanley?email=mike.orchard%40hotmail.com&intent=organiser-claim&auth=register&next=%2Forganiser%2F%3Fonboard%3Dclaim"
jeff.tucker@traksolutions.co.uk,"Fore Business - Swindon","","https://www.thenetworkerhub.com/organisers/fore-business-swindon?email=jeff.tucker%40traksolutions.co.uk&intent=organiser-claim&auth=register&next=%2Forganiser%2F%3Fonboard%3Dclaim"
nick.searle@finecal.co.uk,"Fore Business - Taunton","","https://www.thenetworkerhub.com/organisers/fore-business-taunton?email=nick.searle%40finecal.co.uk&intent=organiser-claim&auth=register&next=%2Forganiser%2F%3Fonboard%3Dclaim"
cj@integritytaxation.co.uk,"Fore Business - Telford","","https://www.thenetworkerhub.com/organisers/fore-business-telford?email=cj%40integritytaxation.co.uk&intent=organiser-claim&auth=register&next=%2Forganiser%2F%3Fonboard%3Dclaim"
tom@websir.co.uk,"Fore Business - Thame","","https://www.thenetworkerhub.com/organisers/fore-business-thame?email=tom%40websir.co.uk&intent=organiser-claim&auth=register&next=%2Forganiser%2F%3Fonboard%3Dclaim"
james.bruce@stylesandco.co.uk,"Fore Business - Warrington","","https://www.thenetworkerhub.com/organisers/fore-business-warrington?email=james.bruce%40stylesandco.co.uk&intent=organiser-claim&auth=register&next=%2Forganiser%2F%3Fonboard%3Dclaim"
tim@golfmanagementgroup.co.uk,"Fore Business - Watford","","https://www.thenetworkerhub.com/organisers/fore-business-watford?email=tim%40golfmanagementgroup.co.uk&intent=organiser-claim&auth=register&next=%2Forganiser%2F%3Fonboard%3Dclaim"
peter.hudson62@yahoo.com,"Fore Business - Welwyn Garden City","","https://www.thenetworkerhub.com/organisers/fore-business-welwyn-garden-city?email=peter.hudson62%40yahoo.com&intent=organiser-claim&auth=register&next=%2Forganiser%2F%3Fonboard%3Dclaim"
neurotech4health@gmail.com,"Fore Business - West Bromwich","","https://www.thenetworkerhub.com/organisers/fore-business-west-bromwich?email=neurotech4health%40gmail.com&intent=organiser-claim&auth=register&next=%2Forganiser%2F%3Fonboard%3Dclaim"
info@fitandfurnish.co.uk,"Fore Business - Weston-Super-Mare","","https://www.thenetworkerhub.com/organisers/fore-business-weston-super-mare?email=info%40fitandfurnish.co.uk&intent=organiser-claim&auth=register&next=%2Forganiser%2F%3Fonboard%3Dclaim"
alun.edwards@mmc-management.co.uk,"Fore Business - Wirral","","https://www.thenetworkerhub.com/organisers/fore-business-wirral?email=alun.edwards%40mmc-management.co.uk&intent=organiser-claim&auth=register&next=%2Forganiser%2F%3Fonboard%3Dclaim"
paul@newheritageinteriors.co.uk,"Fore Business - Witney","","https://www.thenetworkerhub.com/organisers/fore-business-witney?email=paul%40newheritageinteriors.co.uk&intent=organiser-claim&auth=register&next=%2Forganiser%2F%3Fonboard%3Dclaim"
guy@ggfit.co.uk,"Fore Business - Wokingham","","https://www.thenetworkerhub.com/organisers/fore-business-wokingham?email=guy%40ggfit.co.uk&intent=organiser-claim&auth=register&next=%2Forganiser%2F%3Fonboard%3Dclaim"
john@greasley.co.uk,"Fore Business - Wolverhampton","","https://www.thenetworkerhub.com/organisers/fore-business-wolverhampton?email=john%40greasley.co.uk&intent=organiser-claim&auth=register&next=%2Forganiser%2F%3Fonboard%3Dclaim"
adam@studio55.ie,"Fore Business -Belfast North","","https://www.thenetworkerhub.com/organisers/fore-business-belfast-north?email=adam%40studio55.ie&intent=organiser-claim&auth=register&next=%2Forganiser%2F%3Fonboard%3Dclaim"
team@forwardthinking.com,"Forward Thinking","","https://www.thenetworkerhub.com/organisers/forward-thinking?email=team%40forwardthinking.com&intent=organiser-claim&auth=register&next=%2Forganiser%2F%3Fonboard%3Dclaim"
hi@foundxrsclub.com,"Foundxrs Club","","https://www.thenetworkerhub.com/organisers/foundxrs-club?email=hi%40foundxrsclub.com&intent=organiser-claim&auth=register&next=%2Forganiser%2F%3Fonboard%3Dclaim"
foylebusinessnetwork@gmail.com,"Foyle Business Network","","https://www.thenetworkerhub.com/organisers/foyle-business-network?email=foylebusinessnetwork%40gmail.com&intent=organiser-claim&auth=register&next=%2Forganiser%2F%3Fonboard%3Dclaim"
info@fwin.org.uk,"Foyle Women's Information Network","","https://www.thenetworkerhub.com/organisers/foyle-women-s-information-network?email=info%40fwin.org.uk&intent=organiser-claim&auth=register&next=%2Forganiser%2F%3Fonboard%3Dclaim"
faye@freelancemum.co.uk,"Freelance Mum","","https://www.thenetworkerhub.com/organisers/freelance-mum?email=faye%40freelancemum.co.uk&intent=organiser-claim&auth=register&next=%2Forganiser%2F%3Fonboard%3Dclaim"
michael@freshwalks.co.uk,"Fresh Walks","","https://www.thenetworkerhub.com/organisers/fresh-walks?email=michael%40freshwalks.co.uk&intent=organiser-claim&auth=register&next=%2Forganiser%2F%3Fonboard%3Dclaim"
hello@bigonemarketing.co.uk,"Friends In Business","","https://www.thenetworkerhub.com/organisers/friends-in-business?email=hello%40bigonemarketing.co.uk&intent=organiser-claim&auth=register&next=%2Forganiser%2F%3Fonboard%3Dclaim"
enquiries@forestschoolassociation.org,"FSA Herefordshire (Forest School Association)","","https://www.thenetworkerhub.com/organisers/fsa-herefordshire-forest-school-association?email=enquiries%40forestschoolassociation.org&intent=organiser-claim&auth=register&next=%2Forganiser%2F%3Fonboard%3Dclaim"
karen.durcan@fsb.org.uk,"FSB (Federation of Small Businesses)","","https://www.thenetworkerhub.com/organisers/fsb-federation-of-small-businesses?email=karen.durcan%40fsb.org.uk&intent=organiser-claim&auth=register&next=%2Forganiser%2F%3Fonboard%3Dclaim"
linsey.luke@fsb.org.uk,"FSB (Federation of Small Businesses)","","https://www.thenetworkerhub.com/organisers/fsb-federation-of-small-businesses-3?email=linsey.luke%40fsb.org.uk&intent=organiser-claim&auth=register&next=%2Forganiser%2F%3Fonboard%3Dclaim"
customerservices@fsb.org.uk,"FSB (Federation of Small Businesses)","","https://www.thenetworkerhub.com/organisers/fsb-federation-of-small-businesses-2?email=customerservices%40fsb.org.uk&intent=organiser-claim&auth=register&next=%2Forganiser%2F%3Fonboard%3Dclaim"
themidlands@fsb.org.uk,"FSB (Federation of Small Businesses) - East Midlands","","https://www.thenetworkerhub.com/organisers/fsb-federation-of-small-businesses-east-midlands?email=themidlands%40fsb.org.uk&intent=organiser-claim&auth=register&next=%2Forganiser%2F%3Fonboard%3Dclaim"
neil.eames@fsb.org.uk,"FSB (Federation of Small Businesses) - East of England","","https://www.thenetworkerhub.com/organisers/fsb-federation-of-small-businesses-east-of-england?email=neil.eames%40fsb.org.uk&intent=organiser-claim&auth=register&next=%2Forganiser%2F%3Fonboard%3Dclaim"
deborah.chappell@fsb.org.uk,"FSB (Federation of Small Businesses) - Greater London","","https://www.thenetworkerhub.com/organisers/fsb-federation-of-small-businesses-greater-london?email=deborah.chappell%40fsb.org.uk&intent=organiser-claim&auth=register&next=%2Forganiser%2F%3Fonboard%3Dclaim"
emma.smailes@fsb.org.uk,"FSB (Federation of Small Businesses) - North West","","https://www.thenetworkerhub.com/organisers/fsb-federation-of-small-businesses-north-west?email=emma.smailes%40fsb.org.uk&intent=organiser-claim&auth=register&next=%2Forganiser%2F%3Fonboard%3Dclaim"
alan.lowry@fsb.org.uk,"FSB (Federation of Small Businesses) - Northern Ireland","","https://www.thenetworkerhub.com/organisers/fsb-federation-of-small-businesses-northern-ireland?email=alan.lowry%40fsb.org.uk&intent=organiser-claim&auth=register&next=%2Forganiser%2F%3Fonboard%3Dclaim"
garry.clark@fsb.org.uk,"FSB (Federation of Small Businesses) - Scotland","","https://www.thenetworkerhub.com/organisers/fsb-federation-of-small-businesses-scotland?email=garry.clark%40fsb.org.uk&intent=organiser-claim&auth=register&next=%2Forganiser%2F%3Fonboard%3Dclaim"
joshua.miles@fsb.org.uk,"FSB (Federation of Small Businesses) - Wales","","https://www.thenetworkerhub.com/organisers/fsb-federation-of-small-businesses-wales?email=joshua.miles%40fsb.org.uk&intent=organiser-claim&auth=register&next=%2Forganiser%2F%3Fonboard%3Dclaim"
harry.harrison@fsb.org.uk,"FSB (Federation of Small Businesses) - Yorkshire","","https://www.thenetworkerhub.com/organisers/fsb-federation-of-small-businesses-yorkshire?email=harry.harrison%40fsb.org.uk&intent=organiser-claim&auth=register&next=%2Forganiser%2F%3Fonboard%3Dclaim"
mia.mulquin@fsb.org.uk,"FSB London Bootcamp  Spring Into Success","","https://www.thenetworkerhub.com/organisers/fsb-london-bootcamp-spring-into-success?email=mia.mulquin%40fsb.org.uk&intent=organiser-claim&auth=register&next=%2Forganiser%2F%3Fonboard%3Dclaim"
admin@fifewomeninbusiness.com,"FWB (Fife Women in Business)","","https://www.thenetworkerhub.com/organisers/fwb-fife-women-in-business?email=admin%40fifewomeninbusiness.com&intent=organiser-claim&auth=register&next=%2Forganiser%2F%3Fonboard%3Dclaim"
hello@g12businessclub.co.uk,"G12 Business Club","","https://www.thenetworkerhub.com/organisers/g12-business-club?email=hello%40g12businessclub.co.uk&intent=organiser-claim&auth=register&next=%2Forganiser%2F%3Fonboard%3Dclaim"
enquiries@gardandco.com,"Gard & Co. Solicitors","","https://www.thenetworkerhub.com/organisers/gard-co-solicitors?email=enquiries%40gardandco.com&intent=organiser-claim&auth=register&next=%2Forganiser%2F%3Fonboard%3Dclaim"
davidthompson@teamvalleygroup.co.uk,"Gateshead Business Club","","https://www.thenetworkerhub.com/organisers/gateshead-business-club?email=davidthompson%40teamvalleygroup.co.uk&intent=organiser-claim&auth=register&next=%2Forganiser%2F%3Fonboard%3Dclaim"
mandi@gatwickdiamondbusiness.com,"Gatwick Diamond Business","","https://www.thenetworkerhub.com/organisers/gatwick-diamond-business?email=mandi%40gatwickdiamondbusiness.com&intent=organiser-claim&auth=register&next=%2Forganiser%2F%3Fonboard%3Dclaim"
hello@the-gba.co.uk,"Gay Professional Network (GPN)","","https://www.thenetworkerhub.com/organisers/gay-professional-network-gpn?email=hello%40the-gba.co.uk&intent=organiser-claim&auth=register&next=%2Forganiser%2F%3Fonboard%3Dclaim"
hello@gbshared.co.uk,"GB Shared","","https://www.thenetworkerhub.com/organisers/gb-shared?email=hello%40gbshared.co.uk&intent=organiser-claim&auth=register&next=%2Forganiser%2F%3Fonboard%3Dclaim"
mark.brown@gbtevents.co.uk,"GBT (Golf & Business Network)","","https://www.thenetworkerhub.com/organisers/gbt-golf-business-network?email=mark.brown%40gbtevents.co.uk&intent=organiser-claim&auth=register&next=%2Forganiser%2F%3Fonboard%3Dclaim"
rose@gen-e-networking.com,"Gen-e-Networking","","https://www.thenetworkerhub.com/organisers/gen-e-networking?email=rose%40gen-e-networking.com&intent=organiser-claim&auth=register&next=%2Forganiser%2F%3Fonboard%3Dclaim"
office@generationsworkingtogether.org,"Generations Working Together","","https://www.thenetworkerhub.com/organisers/generations-working-together?email=office%40generationsworkingtogether.org&intent=organiser-claim&auth=register&next=%2Forganiser%2F%3Fonboard%3Dclaim"
info@yvonnedenman.net,"Genuine Networking","","https://www.thenetworkerhub.com/organisers/genuine-networking?email=info%40yvonnedenman.net&intent=organiser-claim&auth=register&next=%2Forganiser%2F%3Fonboard%3Dclaim"
rebecca@getaheadva.com,"Get Connected","","https://www.thenetworkerhub.com/organisers/get-connected?email=rebecca%40getaheadva.com&intent=organiser-claim&auth=register&next=%2Forganiser%2F%3Fonboard%3Dclaim"
secretary@glasgowbusinessclub.co.uk,"Glasgow Business Club","","https://www.thenetworkerhub.com/organisers/glasgow-business-club?email=secretary%40glasgowbusinessclub.co.uk&intent=organiser-claim&auth=register&next=%2Forganiser%2F%3Fonboard%3Dclaim"
info@glasgowgirlsclub.org,"Glasgow Girls Club","","https://www.thenetworkerhub.com/organisers/glasgow-girls-club?email=info%40glasgowgirlsclub.org&intent=organiser-claim&auth=register&next=%2Forganiser%2F%3Fonboard%3Dclaim"
contact.support@globalscot.com,"Global Scot","","https://www.thenetworkerhub.com/organisers/global-scot?email=contact.support%40globalscot.com&intent=organiser-claim&auth=register&next=%2Forganiser%2F%3Fonboard%3Dclaim"
glowlincs@gmail.com,"GLOW (Greater Lincolnshire's Outstanding Women)","","https://www.thenetworkerhub.com/organisers/glow-greater-lincolnshire-s-outstanding-women?email=glowlincs%40gmail.com&intent=organiser-claim&auth=register&next=%2Forganiser%2F%3Fonboard%3Dclaim"
bgh@growthco.uk,"GM Business Growth Hub","","https://www.thenetworkerhub.com/organisers/gm-business-growth-hub?email=bgh%40growthco.uk&intent=organiser-claim&auth=register&next=%2Forganiser%2F%3Fonboard%3Dclaim"
info@gmecn.org.uk,"GMECN","","https://www.thenetworkerhub.com/organisers/gmecn?email=info%40gmecn.org.uk&intent=organiser-claim&auth=register&next=%2Forganiser%2F%3Fonboard%3Dclaim"
support@goconnections.net,"Go Connections","","https://www.thenetworkerhub.com/organisers/go-connections?email=support%40goconnections.net&intent=organiser-claim&auth=register&next=%2Forganiser%2F%3Fonboard%3Dclaim"
christina@goldfinchgatherings.co.uk,"Goldfinch Gatherings","","https://www.thenetworkerhub.com/organisers/goldfinch-gatherings?email=christina%40goldfinchgatherings.co.uk&intent=organiser-claim&auth=register&next=%2Forganiser%2F%3Fonboard%3Dclaim"
info@good-2-great.co.uk,"Good2Great","","https://www.thenetworkerhub.com/organisers/good2great?email=info%40good-2-great.co.uk&intent=organiser-claim&auth=register&next=%2Forganiser%2F%3Fonboard%3Dclaim"
goolebusinessgroup@gmail.com,"Goole Business Group","","https://www.thenetworkerhub.com/organisers/goole-business-group?email=goolebusinessgroup%40gmail.com&intent=organiser-claim&auth=register&next=%2Forganiser%2F%3Fonboard%3Dclaim"
contact@go-tribe.co.uk,"GoTribe","","https://www.thenetworkerhub.com/organisers/gotribe?email=contact%40go-tribe.co.uk&intent=organiser-claim&auth=register&next=%2Forganiser%2F%3Fonboard%3Dclaim"
gary@grafterssupergroups.co.uk,"Grafters","","https://www.thenetworkerhub.com/organisers/grafters?email=gary%40grafterssupergroups.co.uk&intent=organiser-claim&auth=register&next=%2Forganiser%2F%3Fonboard%3Dclaim"
groups@grafterssupergroups.co.uk,"Grafters - Berkshire Royal","","https://www.thenetworkerhub.com/organisers/grafters-berkshire-royal?email=groups%40grafterssupergroups.co.uk&intent=organiser-claim&auth=register&next=%2Forganiser%2F%3Fonboard%3Dclaim"
elias.dayub@aspray.com,"Grafters - Croyden","","https://www.thenetworkerhub.com/organisers/grafters-croyden?email=elias.dayub%40aspray.com&intent=organiser-claim&auth=register&next=%2Forganiser%2F%3Fonboard%3Dclaim"
finance@graftonbanks.co.uk,"Grafton Banks Finance","","https://www.thenetworkerhub.com/organisers/grafton-banks-finance?email=finance%40graftonbanks.co.uk&intent=organiser-claim&auth=register&next=%2Forganiser%2F%3Fonboard%3Dclaim"
judith@evimero.ltd,"Grow Her Business","","https://www.thenetworkerhub.com/organisers/grow-her-business?email=judith%40evimero.ltd&intent=organiser-claim&auth=register&next=%2Forganiser%2F%3Fonboard%3Dclaim"
hello@grubclubcambridge.co.uk,"Grub Club","","https://www.thenetworkerhub.com/organisers/grub-club?email=hello%40grubclubcambridge.co.uk&intent=organiser-claim&auth=register&next=%2Forganiser%2F%3Fonboard%3Dclaim"
co-chairs@gwn.org.uk,"GWN (LGBTQ+ Women's Network)","","https://www.thenetworkerhub.com/organisers/gwn-lgbtq-women-s-network?email=co-chairs%40gwn.org.uk&intent=organiser-claim&auth=register&next=%2Forganiser%2F%3Fonboard%3Dclaim"
nicki.burgess@lbhf.gov.uk,"H&F (Hammersmith & Fulham)","","https://www.thenetworkerhub.com/organisers/h-f-hammersmith-fulham?email=nicki.burgess%40lbhf.gov.uk&intent=organiser-claim&auth=register&next=%2Forganiser%2F%3Fonboard%3Dclaim"
marketing@regen.org.uk,"Halifax Opportunites Trust","","https://www.thenetworkerhub.com/organisers/halifax-opportunites-trust?email=marketing%40regen.org.uk&intent=organiser-claim&auth=register&next=%2Forganiser%2F%3Fonboard%3Dclaim"
hello@hammersmithnetworking.co.uk,"Hammersmith Networking","","https://www.thenetworkerhub.com/organisers/hammersmith-networking?email=hello%40hammersmithnetworking.co.uk&intent=organiser-claim&auth=register&next=%2Forganiser%2F%3Fonboard%3Dclaim"
hadca@hadca.org.uk,"Harrogate & District Community Action","","https://www.thenetworkerhub.com/organisers/harrogate-district-community-action?email=hadca%40hadca.org.uk&intent=organiser-claim&auth=register&next=%2Forganiser%2F%3Fonboard%3Dclaim"
socialmedia@harrogatebusinessgroup.com,"Harrogate Business Group","","https://www.thenetworkerhub.com/organisers/harrogate-business-group?email=socialmedia%40harrogatebusinessgroup.com&intent=organiser-claim&auth=register&next=%2Forganiser%2F%3Fonboard%3Dclaim"
chiefexec@harrogatechamber.co.uk,"Harrogate District Chamber of Commerce","","https://www.thenetworkerhub.com/organisers/harrogate-district-chamber-of-commerce?email=chiefexec%40harrogatechamber.co.uk&intent=organiser-claim&auth=register&next=%2Forganiser%2F%3Fonboard%3Dclaim"
hello@hashtagbusinessevents.co.uk,"Hashtag Events Business Club","","https://www.thenetworkerhub.com/organisers/hashtag-events-business-club?email=hello%40hashtagbusinessevents.co.uk&intent=organiser-claim&auth=register&next=%2Forganiser%2F%3Fonboard%3Dclaim"
info@hbw.scot,"hbw (Highland Business Women","","https://www.thenetworkerhub.com/organisers/hbw-highland-business-women?email=info%40hbw.scot&intent=organiser-claim&auth=register&next=%2Forganiser%2F%3Fonboard%3Dclaim"
contactus@helmclub.co,"Helm","","https://www.thenetworkerhub.com/organisers/helm?email=contactus%40helmclub.co&intent=organiser-claim&auth=register&next=%2Forganiser%2F%3Fonboard%3Dclaim"
admin@hgnetwork.org,"Herefordshire Green Network","","https://www.thenetworkerhub.com/organisers/herefordshire-green-network?email=admin%40hgnetwork.org&intent=organiser-claim&auth=register&next=%2Forganiser%2F%3Fonboard%3Dclaim"
info@herefordhsg.co.uk,"Herefordshire Health & Safety Group (HHSG)","","https://www.thenetworkerhub.com/organisers/herefordshire-health-safety-group-hhsg?email=info%40herefordhsg.co.uk&intent=organiser-claim&auth=register&next=%2Forganiser%2F%3Fonboard%3Dclaim"
rich@hmbiz.co.uk,"Herefordshire Means Business","","https://www.thenetworkerhub.com/organisers/herefordshire-means-business?email=rich%40hmbiz.co.uk&intent=organiser-claim&auth=register&next=%2Forganiser%2F%3Fonboard%3Dclaim"
info@hethelinnovation.com,"Hethel Innovation","","https://www.thenetworkerhub.com/organisers/hethel-innovation?email=info%40hethelinnovation.com&intent=organiser-claim&auth=register&next=%2Forganiser%2F%3Fonboard%3Dclaim"
admin@hexagonlegal.com,"Hexagon Legal Network (HLN)","","https://www.thenetworkerhub.com/organisers/hexagon-legal-network-hln?email=admin%40hexagonlegal.com&intent=organiser-claim&auth=register&next=%2Forganiser%2F%3Fonboard%3Dclaim"
growthhub@heylep.com,"HEY Growth Hub","","https://www.thenetworkerhub.com/organisers/hey-growth-hub?email=growthhub%40heylep.com&intent=organiser-claim&auth=register&next=%2Forganiser%2F%3Fonboard%3Dclaim"
skillshub@heybusinessgrowthskillshub.com,"HEY Skills Network","","https://www.thenetworkerhub.com/organisers/hey-skills-network?email=skillshub%40heybusinessgrowthskillshub.com&intent=organiser-claim&auth=register&next=%2Forganiser%2F%3Fonboard%3Dclaim"
community@heysmilefoundation.org.uk,"Hey Smile Foundation","","https://www.thenetworkerhub.com/organisers/hey-smile-foundation?email=community%40heysmilefoundation.org.uk&intent=organiser-claim&auth=register&next=%2Forganiser%2F%3Fonboard%3Dclaim"
tom@highbillinghurstfarm.com,"High Billinghurst Farm","","https://www.thenetworkerhub.com/organisers/high-billinghurst-farm?email=tom%40highbillinghurstfarm.com&intent=organiser-claim&auth=register&next=%2Forganiser%2F%3Fonboard%3Dclaim"
info@sdpscotland.co.uk,"HINT (Highlands and Islands Networking Together Group)","","https://www.thenetworkerhub.com/organisers/hint-highlands-and-islands-networking-together-group?email=info%40sdpscotland.co.uk&intent=organiser-claim&auth=register&next=%2Forganiser%2F%3Fonboard%3Dclaim"
info@hivenetworking.co.uk,"Hive Networking","","https://www.thenetworkerhub.com/organisers/hive-networking?email=info%40hivenetworking.co.uk&intent=organiser-claim&auth=register&next=%2Forganiser%2F%3Fonboard%3Dclaim"
info@hodsonandco.co.uk,"Hodson & Co","","https://www.thenetworkerhub.com/organisers/hodson-co?email=info%40hodsonandco.co.uk&intent=organiser-claim&auth=register&next=%2Forganiser%2F%3Fonboard%3Dclaim"
info@homegrownclub.co.uk,"Home Grown Club","","https://www.thenetworkerhub.com/organisers/home-grown-club?email=info%40homegrownclub.co.uk&intent=organiser-claim&auth=register&next=%2Forganiser%2F%3Fonboard%3Dclaim"
membership@homehouse.co.uk,"Home House","","https://www.thenetworkerhub.com/organisers/home-house?email=membership%40homehouse.co.uk&intent=organiser-claim&auth=register&next=%2Forganiser%2F%3Fonboard%3Dclaim"
admin@homestartkirkcaldy.org.uk,"Home-Start Kirkcaldy","","https://www.thenetworkerhub.com/organisers/home-start-kirkcaldy?email=admin%40homestartkirkcaldy.org.uk&intent=organiser-claim&auth=register&next=%2Forganiser%2F%3Fonboard%3Dclaim"
honleybusinessassociation@gmail.com,"Honley Business Association","","https://www.thenetworkerhub.com/organisers/honley-business-association?email=honleybusinessassociation%40gmail.com&intent=organiser-claim&auth=register&next=%2Forganiser%2F%3Fonboard%3Dclaim"
kay@horncastlerecruitment.co.uk,"Horncastle Networking Group (recruitment)","","https://www.thenetworkerhub.com/organisers/horncastle-networking-group-recruitment?email=kay%40horncastlerecruitment.co.uk&intent=organiser-claim&auth=register&next=%2Forganiser%2F%3Fonboard%3Dclaim"
andrew@hospitalitynetwork.co.uk,"Hospitality Network","","https://www.thenetworkerhub.com/organisers/hospitality-network?email=andrew%40hospitalitynetwork.co.uk&intent=organiser-claim&auth=register&next=%2Forganiser%2F%3Fonboard%3Dclaim"
membership@hospitalitytitans.co.uk,"Hospitality Titans","","https://www.thenetworkerhub.com/organisers/hospitality-titans?email=membership%40hospitalitytitans.co.uk&intent=organiser-claim&auth=register&next=%2Forganiser%2F%3Fonboard%3Dclaim"
jo@howdoesshedoit.life,"How Does She Do It","","https://www.thenetworkerhub.com/organisers/how-does-she-do-it?email=jo%40howdoesshedoit.life&intent=organiser-claim&auth=register&next=%2Forganiser%2F%3Fonboard%3Dclaim"
hello@pne-uk.com,"HPN (Healthcare Partnership Network)","","https://www.thenetworkerhub.com/organisers/hpn-healthcare-partnership-network?email=hello%40pne-uk.com&intent=organiser-claim&auth=register&next=%2Forganiser%2F%3Fonboard%3Dclaim"
hrtechuk@closerstillmedia.com,"HR Technologies UK","","https://www.thenetworkerhub.com/organisers/hr-technologies-uk?email=hrtechuk%40closerstillmedia.com&intent=organiser-claim&auth=register&next=%2Forganiser%2F%3Fonboard%3Dclaim"
hello@hudsonsproperty.com,"Hudsons Property","","https://www.thenetworkerhub.com/organisers/hudsons-property?email=hello%40hudsonsproperty.com&intent=organiser-claim&auth=register&next=%2Forganiser%2F%3Fonboard%3Dclaim"
info@hydrogenscotland.com,"Hydrogen Scotland","","https://www.thenetworkerhub.com/organisers/hydrogen-scotland?email=info%40hydrogenscotland.com&intent=organiser-claim&auth=register&next=%2Forganiser%2F%3Fonboard%3Dclaim"
contact@ilikenetworking.uk,"I Like Networking","","https://www.thenetworkerhub.com/organisers/i-like-networking?email=contact%40ilikenetworking.uk&intent=organiser-claim&auth=register&next=%2Forganiser%2F%3Fonboard%3Dclaim"
networking@iwant2network.com,"I Want 2 Network","","https://www.thenetworkerhub.com/organisers/i-want-2-network?email=networking%40iwant2network.com&intent=organiser-claim&auth=register&next=%2Forganiser%2F%3Fonboard%3Dclaim"
info@iamwoman.biz,"IAW (I Am Woman)","","https://www.thenetworkerhub.com/organisers/iaw-i-am-woman?email=info%40iamwoman.biz&intent=organiser-claim&auth=register&next=%2Forganiser%2F%3Fonboard%3Dclaim"
annabel.robbins@hrdept.co.uk,"IBN (Island Business Network)","","https://www.thenetworkerhub.com/organisers/ibn-island-business-network?email=annabel.robbins%40hrdept.co.uk&intent=organiser-claim&auth=register&next=%2Forganiser%2F%3Fonboard%3Dclaim"
info@ibngroup.co.uk,"IBNG (Independent Business Networking Group)","","https://www.thenetworkerhub.com/organisers/ibng-independent-business-networking-group?email=info%40ibngroup.co.uk&intent=organiser-claim&auth=register&next=%2Forganiser%2F%3Fonboard%3Dclaim"
hello@inclusivebytes.org,"Inclusive Bytes","","https://www.thenetworkerhub.com/organisers/inclusive-bytes?email=hello%40inclusivebytes.org&intent=organiser-claim&auth=register&next=%2Forganiser%2F%3Fonboard%3Dclaim"
inetwork@tameside.gov.uk,"iNetwork","","https://www.thenetworkerhub.com/organisers/inetwork?email=inetwork%40tameside.gov.uk&intent=organiser-claim&auth=register&next=%2Forganiser%2F%3Fonboard%3Dclaim"
info@innovateml.co.uk,"Innovate Mortgages & Loans","","https://www.thenetworkerhub.com/organisers/innovate-mortgages-loans?email=info%40innovateml.co.uk&intent=organiser-claim&auth=register&next=%2Forganiser%2F%3Fonboard%3Dclaim"
hello@insideandout.co.uk,"Inside & Out Digital","","https://www.thenetworkerhub.com/organisers/inside-out-digital?email=hello%40insideandout.co.uk&intent=organiser-claim&auth=register&next=%2Forganiser%2F%3Fonboard%3Dclaim"
mandie@mandieholgate.co.uk,"INsiders","","https://www.thenetworkerhub.com/organisers/insiders?email=mandie%40mandieholgate.co.uk&intent=organiser-claim&auth=register&next=%2Forganiser%2F%3Fonboard%3Dclaim"
youth.council@instituteofhospitality.org,"Institute of Hospitality","","https://www.thenetworkerhub.com/organisers/institute-of-hospitality?email=youth.council%40instituteofhospitality.org&intent=organiser-claim&auth=register&next=%2Forganiser%2F%3Fonboard%3Dclaim"
interactnetworking@gmail.com,"Interact","","https://www.thenetworkerhub.com/organisers/interact?email=interactnetworking%40gmail.com&intent=organiser-claim&auth=register&next=%2Forganiser%2F%3Fonboard%3Dclaim"
emma.ireland@ten-percent.co.uk,"Interim Lawyers","","https://www.thenetworkerhub.com/organisers/interim-lawyers?email=emma.ireland%40ten-percent.co.uk&intent=organiser-claim&auth=register&next=%2Forganiser%2F%3Fonboard%3Dclaim"
info@introbiz.com,"IntroBiz","","https://www.thenetworkerhub.com/organisers/introbiz?email=info%40introbiz.com&intent=organiser-claim&auth=register&next=%2Forganiser%2F%3Fonboard%3Dclaim"
business.support@hullcc.gov.uk,"Invest Hull","","https://www.thenetworkerhub.com/organisers/invest-hull?email=business.support%40hullcc.gov.uk&intent=organiser-claim&auth=register&next=%2Forganiser%2F%3Fonboard%3Dclaim"
businessinfo@northlincs.gov.uk,"Invest in North Lincolnshire","","https://www.thenetworkerhub.com/organisers/invest-in-north-lincolnshire?email=businessinfo%40northlincs.gov.uk&intent=organiser-claim&auth=register&next=%2Forganiser%2F%3Fonboard%3Dclaim"
membership@ipse.co.uk,"IPSE (The Association of Independent Professionals)","","https://www.thenetworkerhub.com/organisers/ipse-the-association-of-independent-professionals?email=membership%40ipse.co.uk&intent=organiser-claim&auth=register&next=%2Forganiser%2F%3Fonboard%3Dclaim"
tim.whiston@ismeandco.com,"Is Me & CO","","https://www.thenetworkerhub.com/organisers/is-me-co?email=tim.whiston%40ismeandco.com&intent=organiser-claim&auth=register&next=%2Forganiser%2F%3Fonboard%3Dclaim"
info@isbe.org.uk,"ISBE (Institute for small business and entrepreneurship","","https://www.thenetworkerhub.com/organisers/isbe-institute-for-small-business-and-entrepreneurship?email=info%40isbe.org.uk&intent=organiser-claim&auth=register&next=%2Forganiser%2F%3Fonboard%3Dclaim"
phil@pmbd.co.uk,"Island Networking – Sheffield & Rotherham","","https://www.thenetworkerhub.com/organisers/island-networking-sheffield-rotherham?email=phil%40pmbd.co.uk&intent=organiser-claim&auth=register&next=%2Forganiser%2F%3Fonboard%3Dclaim"
mail@issba.co.uk,"ISSBA (Ipswich & Suffolk Small Business Association)","","https://www.thenetworkerhub.com/organisers/issba-ipswich-suffolk-small-business-association?email=mail%40issba.co.uk&intent=organiser-claim&auth=register&next=%2Forganiser%2F%3Fonboard%3Dclaim"
suffolktechnetwork@gmail.com,"ISTN (Ipswich & Suffolk Tech Network)","","https://www.thenetworkerhub.com/organisers/istn-ipswich-suffolk-tech-network?email=suffolktechnetwork%40gmail.com&intent=organiser-claim&auth=register&next=%2Forganiser%2F%3Fonboard%3Dclaim"
space@iungo.works,"Iungoworks","","https://www.thenetworkerhub.com/organisers/iungoworks?email=space%40iungo.works&intent=organiser-claim&auth=register&next=%2Forganiser%2F%3Fonboard%3Dclaim"
jamie@thenetworkerhub.com,"Jamie Test Group","","https://www.thenetworkerhub.com/organisers/jamie-test-group?email=jamie%40thenetworkerhub.com&intent=organiser-claim&auth=register&next=%2Forganiser%2F%3Fonboard%3Dclaim"
info@jbn.london,"JBN (Jewish Business Network)","","https://www.thenetworkerhub.com/organisers/jbn-jewish-business-network?email=info%40jbn.london&intent=organiser-claim&auth=register&next=%2Forganiser%2F%3Fonboard%3Dclaim"
joanne@joannedewberry.co.uk,"Joanne Dewberry","","https://www.thenetworkerhub.com/organisers/joanne-dewberry?email=joanne%40joannedewberry.co.uk&intent=organiser-claim&auth=register&next=%2Forganiser%2F%3Fonboard%3Dclaim"
sales@k107.co.uk,"K107 FM","","https://www.thenetworkerhub.com/organisers/k107-fm?email=sales%40k107.co.uk&intent=organiser-claim&auth=register&next=%2Forganiser%2F%3Fonboard%3Dclaim"
info@k2networking.co.uk,"K2N","","https://www.thenetworkerhub.com/organisers/k2n?email=info%40k2networking.co.uk&intent=organiser-claim&auth=register&next=%2Forganiser%2F%3Fonboard%3Dclaim"
richardssue351@gmail.com,"KCC Networking","","https://www.thenetworkerhub.com/organisers/kcc-networking?email=richardssue351%40gmail.com&intent=organiser-claim&auth=register&next=%2Forganiser%2F%3Fonboard%3Dclaim"
hello@kimbolton.online,"Kimbolton Connects","","https://www.thenetworkerhub.com/organisers/kimbolton-connects?email=hello%40kimbolton.online&intent=organiser-claim&auth=register&next=%2Forganiser%2F%3Fonboard%3Dclaim"
info@king-networking.co.uk,"KiNG (Kernow Independent Networking Group)","","https://www.thenetworkerhub.com/organisers/king-kernow-independent-networking-group?email=info%40king-networking.co.uk&intent=organiser-claim&auth=register&next=%2Forganiser%2F%3Fonboard%3Dclaim"
nutritioneighty@yahoo.com,"Kingdom Nutrition","","https://www.thenetworkerhub.com/organisers/kingdom-nutrition?email=nutritioneighty%40yahoo.com&intent=organiser-claim&auth=register&next=%2Forganiser%2F%3Fonboard%3Dclaim"
enquiries@knightsshahsolicitors.co.uk,"Knights & Shah Solicitors","","https://www.thenetworkerhub.com/organisers/knights-shah-solicitors?email=enquiries%40knightsshahsolicitors.co.uk&intent=organiser-claim&auth=register&next=%2Forganiser%2F%3Fonboard%3Dclaim"
hello@kukuconnect.co.uk,"KUKU Connect","","https://www.thenetworkerhub.com/organisers/kuku-connect?email=hello%40kukuconnect.co.uk&intent=organiser-claim&auth=register&next=%2Forganiser%2F%3Fonboard%3Dclaim"
info@weareintro.co.uk,"LA23NET","","https://www.thenetworkerhub.com/organisers/la23net?email=info%40weareintro.co.uk&intent=organiser-claim&auth=register&next=%2Forganiser%2F%3Fonboard%3Dclaim"
lisa.thomas@parkerandrews.co.uk,"Ladies Lunch Plymouth","","https://www.thenetworkerhub.com/organisers/ladies-lunch-plymouth?email=lisa.thomas%40parkerandrews.co.uk&intent=organiser-claim&auth=register&next=%2Forganiser%2F%3Fonboard%3Dclaim"
heather@ladiesnetwork.co.uk,"Ladies Network","","https://www.thenetworkerhub.com/organisers/ladies-network?email=heather%40ladiesnetwork.co.uk&intent=organiser-claim&auth=register&next=%2Forganiser%2F%3Fonboard%3Dclaim"
admin@ladieswholatte.com,"Ladies Who Latte","","https://www.thenetworkerhub.com/organisers/ladies-who-latte?email=admin%40ladieswholatte.com&intent=organiser-claim&auth=register&next=%2Forganiser%2F%3Fonboard%3Dclaim"
val@ladyvalnetwork.biz,"Lady Val's Professional Women's Network","","https://www.thenetworkerhub.com/organisers/lady-val-s-professional-women-s-network?email=val%40ladyvalnetwork.biz&intent=organiser-claim&auth=register&next=%2Forganiser%2F%3Fonboard%3Dclaim"
enquiries@lbn.org.uk,"Lakeland Businesswomen's Network (LBN)","","https://www.thenetworkerhub.com/organisers/lakeland-businesswomen-s-network-lbn?email=enquiries%40lbn.org.uk&intent=organiser-claim&auth=register&next=%2Forganiser%2F%3Fonboard%3Dclaim"
info@lanarkshirebusinessgroup.com,"Lanarkshire Business Group","","https://www.thenetworkerhub.com/organisers/lanarkshire-business-group?email=info%40lanarkshirebusinessgroup.com&intent=organiser-claim&auth=register&next=%2Forganiser%2F%3Fonboard%3Dclaim"
linda@leadershipglobal.com,"LeadHerShip Global","","https://www.thenetworkerhub.com/organisers/leadhership-global?email=linda%40leadershipglobal.com&intent=organiser-claim&auth=register&next=%2Forganiser%2F%3Fonboard%3Dclaim"
request@leadingedgebusiness.co.uk,"Leading Edge Business Networking","","https://www.thenetworkerhub.com/organisers/leading-edge-business-networking?email=request%40leadingedgebusiness.co.uk&intent=organiser-claim&auth=register&next=%2Forganiser%2F%3Fonboard%3Dclaim"
info@ledburyandnewentnetwork.co.uk,"Ledbury & Newent Network","","https://www.thenetworkerhub.com/organisers/ledbury-newent-network?email=info%40ledburyandnewentnetwork.co.uk&intent=organiser-claim&auth=register&next=%2Forganiser%2F%3Fonboard%3Dclaim"
info@leedsinvolvement.org.uk,"Leeds Involving People","","https://www.thenetworkerhub.com/organisers/leeds-involving-people?email=info%40leedsinvolvement.org.uk&intent=organiser-claim&auth=register&next=%2Forganiser%2F%3Fonboard%3Dclaim"
matthew.robinson@brewin.co.uk,"Leicester Hotshots","","https://www.thenetworkerhub.com/organisers/leicester-hotshots?email=matthew.robinson%40brewin.co.uk&intent=organiser-claim&auth=register&next=%2Forganiser%2F%3Fonboard%3Dclaim"
commercialteam@tigers.co.uk,"Leicester Tigers Business Club","","https://www.thenetworkerhub.com/organisers/leicester-tigers-business-club?email=commercialteam%40tigers.co.uk&intent=organiser-claim&auth=register&next=%2Forganiser%2F%3Fonboard%3Dclaim"
voice@lbv.co.uk,"Leicestershire Business Voice","","https://www.thenetworkerhub.com/organisers/leicestershire-business-voice?email=voice%40lbv.co.uk&intent=organiser-claim&auth=register&next=%2Forganiser%2F%3Fonboard%3Dclaim"
info@letsdo.co.uk,"Let's Do Business","","https://www.thenetworkerhub.com/organisers/let-s-do-business?email=info%40letsdo.co.uk&intent=organiser-claim&auth=register&next=%2Forganiser%2F%3Fonboard%3Dclaim"
info@levisolicitors.co.uk,"Levi Solicitors LLP","","https://www.thenetworkerhub.com/organisers/levi-solicitors-llp?email=info%40levisolicitors.co.uk&intent=organiser-claim&auth=register&next=%2Forganiser%2F%3Fonboard%3Dclaim"
hello.likemindedprofessionals@gmail.com,"Like-Minded Professionals","","https://www.thenetworkerhub.com/organisers/like-minded-professionals?email=hello.likemindedprofessionals%40gmail.com&intent=organiser-claim&auth=register&next=%2Forganiser%2F%3Fonboard%3Dclaim"
leedsjld@outlook.com,"LJLD (Leeds Junior Lawyers Division)","","https://www.thenetworkerhub.com/organisers/ljld-leeds-junior-lawyers-division?email=leedsjld%40outlook.com&intent=organiser-claim&auth=register&next=%2Forganiser%2F%3Fonboard%3Dclaim"
jonathan@llani.wales,"Llanidloes Networking","","https://www.thenetworkerhub.com/organisers/llanidloes-networking?email=jonathan%40llani.wales&intent=organiser-claim&auth=register&next=%2Forganiser%2F%3Fonboard%3Dclaim"
info@localbusinessconnections.com,"Local Business Connections","","https://www.thenetworkerhub.com/organisers/local-business-connections?email=info%40localbusinessconnections.com&intent=organiser-claim&auth=register&next=%2Forganiser%2F%3Fonboard%3Dclaim"
events@londonbusinessnetwork.uk,"London Business Network","","https://www.thenetworkerhub.com/organisers/london-business-network?email=events%40londonbusinessnetwork.uk&intent=organiser-claim&auth=register&next=%2Forganiser%2F%3Fonboard%3Dclaim"
timea.kadar@gmail.com,"London Business Society","","https://www.thenetworkerhub.com/organisers/london-business-society?email=timea.kadar%40gmail.com&intent=organiser-claim&auth=register&next=%2Forganiser%2F%3Fonboard%3Dclaim"
zoe.rines@3-sphere.co.uk,"London Development Network (LDN)","","https://www.thenetworkerhub.com/organisers/london-development-network-ldn?email=zoe.rines%403-sphere.co.uk&intent=organiser-claim&auth=register&next=%2Forganiser%2F%3Fonboard%3Dclaim"
mail@londonhr.org,"London HR Connection","","https://www.thenetworkerhub.com/organisers/london-hr-connection?email=mail%40londonhr.org&intent=organiser-claim&auth=register&next=%2Forganiser%2F%3Fonboard%3Dclaim"
chantellew@max-publishing.co.uk,"London International Stationery Show","","https://www.thenetworkerhub.com/organisers/london-international-stationery-show?email=chantellew%40max-publishing.co.uk&intent=organiser-claim&auth=register&next=%2Forganiser%2F%3Fonboard%3Dclaim"
info@londonnetworkingclub.com,"London Networking Group","","https://www.thenetworkerhub.com/organisers/london-networking-group?email=info%40londonnetworkingclub.com&intent=organiser-claim&auth=register&next=%2Forganiser%2F%3Fonboard%3Dclaim"
info@londonreferralnetwork.com,"London Referral Network","","https://www.thenetworkerhub.com/organisers/london-referral-network?email=info%40londonreferralnetwork.com&intent=organiser-claim&auth=register&next=%2Forganiser%2F%3Fonboard%3Dclaim"
info@londonwomensforum.org,"London Women's Forum","","https://www.thenetworkerhub.com/organisers/london-women-s-forum?email=info%40londonwomensforum.org&intent=organiser-claim&auth=register&next=%2Forganiser%2F%3Fonboard%3Dclaim"
invites@londonfintechs.com,"LondonFintechs","","https://www.thenetworkerhub.com/organisers/londonfintechs?email=invites%40londonfintechs.com&intent=organiser-claim&auth=register&next=%2Forganiser%2F%3Fonboard%3Dclaim"
info@louthbusinessclub.com,"Louth Business Club","","https://www.thenetworkerhub.com/organisers/louth-business-club?email=info%40louthbusinessclub.com&intent=organiser-claim&auth=register&next=%2Forganiser%2F%3Fonboard%3Dclaim"
info@lovebusinesseastmidlands.com,"Love Business Networking (East Midlands)","","https://www.thenetworkerhub.com/organisers/love-business-networking-east-midlands?email=info%40lovebusinesseastmidlands.com&intent=organiser-claim&auth=register&next=%2Forganiser%2F%3Fonboard%3Dclaim"
info@lovewimbledon.org,"Love Wimbledon","","https://www.thenetworkerhub.com/organisers/love-wimbledon?email=info%40lovewimbledon.org&intent=organiser-claim&auth=register&next=%2Forganiser%2F%3Fonboard%3Dclaim"
juliecameron@lovebiznetworking.co.uk,"LoveBiz Networking Arden Community","","https://www.thenetworkerhub.com/organisers/lovebiz-networking-arden-community?email=juliecameron%40lovebiznetworking.co.uk&intent=organiser-claim&auth=register&next=%2Forganiser%2F%3Fonboard%3Dclaim"
suecrooks@lovebiznetworking.co.uk,"LoveBiz Networking Impact Executive","","https://www.thenetworkerhub.com/organisers/lovebiz-networking-impact-executive?email=suecrooks%40lovebiznetworking.co.uk&intent=organiser-claim&auth=register&next=%2Forganiser%2F%3Fonboard%3Dclaim"
michelleullyott@lovebiznetworking.co.uk,"LoveBiz Networking Leger Saint Don Community","","https://www.thenetworkerhub.com/organisers/lovebiz-networking-leger-saint-don-community?email=michelleullyott%40lovebiznetworking.co.uk&intent=organiser-claim&auth=register&next=%2Forganiser%2F%3Fonboard%3Dclaim"
jacquedrain@lovebiznetworking.co.uk,"LoveBiz Networking Three Spires Community","","https://www.thenetworkerhub.com/organisers/lovebiz-networking-three-spires-community?email=jacquedrain%40lovebiznetworking.co.uk&intent=organiser-claim&auth=register&next=%2Forganiser%2F%3Fonboard%3Dclaim"
louisemonblat@icloud.com,"Lyme Business Network","","https://www.thenetworkerhub.com/organisers/lyme-business-network?email=louisemonblat%40icloud.com&intent=organiser-claim&auth=register&next=%2Forganiser%2F%3Fonboard%3Dclaim"
info@lynea.co.uk,"Lynea Architects","","https://www.thenetworkerhub.com/organisers/lynea-architects?email=info%40lynea.co.uk&intent=organiser-claim&auth=register&next=%2Forganiser%2F%3Fonboard%3Dclaim"
h.hambleton@uhy-uk.com,"M4 Business Network","","https://www.thenetworkerhub.com/organisers/m4-business-network?email=h.hambleton%40uhy-uk.com&intent=organiser-claim&auth=register&next=%2Forganiser%2F%3Fonboard%3Dclaim"
admin@mansfieldandashfield2020.com,"Mansfield & Ashfield 2020","","https://www.thenetworkerhub.com/organisers/mansfield-ashfield-2020?email=admin%40mansfieldandashfield2020.com&intent=organiser-claim&auth=register&next=%2Forganiser%2F%3Fonboard%3Dclaim"
hello@mantlespace.co.uk,"Mantle Space - Go Meet","","https://www.thenetworkerhub.com/organisers/mantle-space-go-meet?email=hello%40mantlespace.co.uk&intent=organiser-claim&auth=register&next=%2Forganiser%2F%3Fonboard%3Dclaim"
enquiries@marchesgrowthhub.co.uk,"Marches Growth Hub","","https://www.thenetworkerhub.com/organisers/marches-growth-hub?email=enquiries%40marchesgrowthhub.co.uk&intent=organiser-claim&auth=register&next=%2Forganiser%2F%3Fonboard%3Dclaim"
mawcommitteeni@gmail.com,"MAW (Mums at Work Network)","","https://www.thenetworkerhub.com/organisers/maw-mums-at-work-network?email=mawcommitteeni%40gmail.com&intent=organiser-claim&auth=register&next=%2Forganiser%2F%3Fonboard%3Dclaim"
info@mbnsolutions.com,"MBN","","https://www.thenetworkerhub.com/organisers/mbn?email=info%40mbnsolutions.com&intent=organiser-claim&auth=register&next=%2Forganiser%2F%3Fonboard%3Dclaim"
events@md2md.co.uk,"MD2MD","","https://www.thenetworkerhub.com/organisers/md2md?email=events%40md2md.co.uk&intent=organiser-claim&auth=register&next=%2Forganiser%2F%3Fonboard%3Dclaim"
info@medina-business.com,"Medina Business Exchange","","https://www.thenetworkerhub.com/organisers/medina-business-exchange?email=info%40medina-business.com&intent=organiser-claim&auth=register&next=%2Forganiser%2F%3Fonboard%3Dclaim"
kimmi@melbournbusinessassociation.com,"Melbourn Business Association","","https://www.thenetworkerhub.com/organisers/melbourn-business-association?email=kimmi%40melbournbusinessassociation.com&intent=organiser-claim&auth=register&next=%2Forganiser%2F%3Fonboard%3Dclaim"
bookings@menta.org.uk,"MENTA Networking Events","","https://www.thenetworkerhub.com/organisers/menta-networking-events?email=bookings%40menta.org.uk&intent=organiser-claim&auth=register&next=%2Forganiser%2F%3Fonboard%3Dclaim"
info@met-events.co.uk,"Met Events","","https://www.thenetworkerhub.com/organisers/met-events?email=info%40met-events.co.uk&intent=organiser-claim&auth=register&next=%2Forganiser%2F%3Fonboard%3Dclaim"
enquiries@mhhp.co.uk,"MHH Partnership","","https://www.thenetworkerhub.com/organisers/mhh-partnership?email=enquiries%40mhhp.co.uk&intent=organiser-claim&auth=register&next=%2Forganiser%2F%3Fonboard%3Dclaim"
hello@manchesterhospitalitynetwork.co.uk,"MHN (Manchester Hospitality Network)","","https://www.thenetworkerhub.com/organisers/mhn-manchester-hospitality-network?email=hello%40manchesterhospitalitynetwork.co.uk&intent=organiser-claim&auth=register&next=%2Forganiser%2F%3Fonboard%3Dclaim"
info@middevonnetwork.co.uk,"Mid Devon Network","","https://www.thenetworkerhub.com/organisers/mid-devon-network?email=info%40middevonnetwork.co.uk&intent=organiser-claim&auth=register&next=%2Forganiser%2F%3Fonboard%3Dclaim"
info@themidlandsbusinessnetwork.co.uk,"Midlands Business Network","","https://www.thenetworkerhub.com/organisers/midlands-business-network?email=info%40themidlandsbusinessnetwork.co.uk&intent=organiser-claim&auth=register&next=%2Forganiser%2F%3Fonboard%3Dclaim"
info@migratedata.co.uk,"Migrate Data","","https://www.thenetworkerhub.com/organisers/migrate-data?email=info%40migratedata.co.uk&intent=organiser-claim&auth=register&next=%2Forganiser%2F%3Fonboard%3Dclaim"
info@millionairenetworkinsocialclub.com,"Millionaire Club","","https://www.thenetworkerhub.com/organisers/millionaire-club?email=info%40millionairenetworkinsocialclub.com&intent=organiser-claim&auth=register&next=%2Forganiser%2F%3Fonboard%3Dclaim"
info@mintbusinessclub.co.uk,"Mint Business Club","","https://www.thenetworkerhub.com/organisers/mint-business-club?email=info%40mintbusinessclub.co.uk&intent=organiser-claim&auth=register&next=%2Forganiser%2F%3Fonboard%3Dclaim"
met@sky.com,"MLUXE","","https://www.thenetworkerhub.com/organisers/mluxe?email=met%40sky.com&intent=organiser-claim&auth=register&next=%2Forganiser%2F%3Fonboard%3Dclaim"
enquiries@momentousrelocation.co.uk,"Momentous Relocation","","https://www.thenetworkerhub.com/organisers/momentous-relocation?email=enquiries%40momentousrelocation.co.uk&intent=organiser-claim&auth=register&next=%2Forganiser%2F%3Fonboard%3Dclaim"
simon.millar@albanwiseinsurance.co.uk,"Monopoly Network","","https://www.thenetworkerhub.com/organisers/monopoly-network?email=simon.millar%40albanwiseinsurance.co.uk&intent=organiser-claim&auth=register&next=%2Forganiser%2F%3Fonboard%3Dclaim"
annick@therooster.co.uk,"Moor Park Business Club","","https://www.thenetworkerhub.com/organisers/moor-park-business-club?email=annick%40therooster.co.uk&intent=organiser-claim&auth=register&next=%2Forganiser%2F%3Fonboard%3Dclaim"
secretary@mbwc.org.uk,"Moray Business Women","","https://www.thenetworkerhub.com/organisers/moray-business-women?email=secretary%40mbwc.org.uk&intent=organiser-claim&auth=register&next=%2Forganiser%2F%3Fonboard%3Dclaim"
ahsanansari4773@gmail.com,"Motion Graphics Design","","https://www.thenetworkerhub.com/organisers/motion-graphics-design?email=ahsanansari4773%40gmail.com&intent=organiser-claim&auth=register&next=%2Forganiser%2F%3Fonboard%3Dclaim"
hello@msgbusinesselevate.com,"MSG Business Elevate","","https://www.thenetworkerhub.com/organisers/msg-business-elevate?email=hello%40msgbusinesselevate.com&intent=organiser-claim&auth=register&next=%2Forganiser%2F%3Fonboard%3Dclaim"
ali.tait@mibnetwork.org.uk,"Mums in Business","","https://www.thenetworkerhub.com/organisers/mums-in-business?email=ali.tait%40mibnetwork.org.uk&intent=organiser-claim&auth=register&next=%2Forganiser%2F%3Fonboard%3Dclaim"
info@mwmg.org,"MWMG (Mid Wales Manufacturing Group)","","https://www.thenetworkerhub.com/organisers/mwmg-mid-wales-manufacturing-group?email=info%40mwmg.org&intent=organiser-claim&auth=register&next=%2Forganiser%2F%3Fonboard%3Dclaim"
info@mylegalservices.co.uk,"My Legal Services","","https://www.thenetworkerhub.com/organisers/my-legal-services?email=info%40mylegalservices.co.uk&intent=organiser-claim&auth=register&next=%2Forganiser%2F%3Fonboard%3Dclaim"
enquiries@mylondonsolicitors.com,"My London Solicitors","","https://www.thenetworkerhub.com/organisers/my-london-solicitors?email=enquiries%40mylondonsolicitors.com&intent=organiser-claim&auth=register&next=%2Forganiser%2F%3Fonboard%3Dclaim"
sage.kuo@mygwork.com,"myGwork","","https://www.thenetworkerhub.com/organisers/mygwork?email=sage.kuo%40mygwork.com&intent=organiser-claim&auth=register&next=%2Forganiser%2F%3Fonboard%3Dclaim"
steve@topmarquesuniforms.co.uk,"N4B (Networking4breakfast)","","https://www.thenetworkerhub.com/organisers/n4b-networking4breakfast?email=steve%40topmarquesuniforms.co.uk&intent=organiser-claim&auth=register&next=%2Forganiser%2F%3Fonboard%3Dclaim"
enquiries@nash.co.uk,"Nash and Co Solicitors","","https://www.thenetworkerhub.com/organisers/nash-and-co-solicitors?email=enquiries%40nash.co.uk&intent=organiser-claim&auth=register&next=%2Forganiser%2F%3Fonboard%3Dclaim"
info@necgroup.co.uk,"National Convenience Show (NEC)","","https://www.thenetworkerhub.com/organisers/national-convenience-show-nec?email=info%40necgroup.co.uk&intent=organiser-claim&auth=register&next=%2Forganiser%2F%3Fonboard%3Dclaim"
info@nnoss.co.uk,"National Network of Special Schools SBPs","","https://www.thenetworkerhub.com/organisers/national-network-of-special-schools-sbps?email=info%40nnoss.co.uk&intent=organiser-claim&auth=register&next=%2Forganiser%2F%3Fonboard%3Dclaim"
info@nationalretrofithub.org.uk,"National Retrofit Hub","","https://www.thenetworkerhub.com/organisers/national-retrofit-hub?email=info%40nationalretrofithub.org.uk&intent=organiser-claim&auth=register&next=%2Forganiser%2F%3Fonboard%3Dclaim"
info@nbwn.org,"NBWN (National Black Women's Network)","","https://www.thenetworkerhub.com/organisers/nbwn-national-black-women-s-network?email=info%40nbwn.org&intent=organiser-claim&auth=register&next=%2Forganiser%2F%3Fonboard%3Dclaim"
stephanie@networkb2b.co.uk,"Network B2B","","https://www.thenetworkerhub.com/organisers/network-b2b-3?email=stephanie%40networkb2b.co.uk&intent=organiser-claim&auth=register&next=%2Forganiser%2F%3Fonboard%3Dclaim"
hive@networkbee.uk,"Network Bee","","https://www.thenetworkerhub.com/organisers/network-bee?email=hive%40networkbee.uk&intent=organiser-claim&auth=register&next=%2Forganiser%2F%3Fonboard%3Dclaim"
ian@digitalpeninsula.com,"Network Cornwall","","https://www.thenetworkerhub.com/organisers/network-cornwall?email=ian%40digitalpeninsula.com&intent=organiser-claim&auth=register&next=%2Forganiser%2F%3Fonboard%3Dclaim"
info@nbg.co.uk,"Network Group","","https://www.thenetworkerhub.com/organisers/network-group?email=info%40nbg.co.uk&intent=organiser-claim&auth=register&next=%2Forganiser%2F%3Fonboard%3Dclaim"
team@networkin.uk,"Network In","","https://www.thenetworkerhub.com/organisers/network-in?email=team%40networkin.uk&intent=organiser-claim&auth=register&next=%2Forganiser%2F%3Fonboard%3Dclaim"
claire.herbert@gateleylegal.com,"Network LE","","https://www.thenetworkerhub.com/organisers/network-le?email=claire.herbert%40gateleylegal.com&intent=organiser-claim&auth=register&next=%2Forganiser%2F%3Fonboard%3Dclaim"
info@networknotwork.co.uk,"netWORK notWORK","","https://www.thenetworkerhub.com/organisers/network-notwork?email=info%40networknotwork.co.uk&intent=organiser-claim&auth=register&next=%2Forganiser%2F%3Fonboard%3Dclaim"
colin@savemoney.me.uk,"Network Plymouth","","https://www.thenetworkerhub.com/organisers/network-plymouth?email=colin%40savemoney.me.uk&intent=organiser-claim&auth=register&next=%2Forganiser%2F%3Fonboard%3Dclaim"
hello@networkshe.co.uk,"Network She","","https://www.thenetworkerhub.com/organisers/network-she?email=hello%40networkshe.co.uk&intent=organiser-claim&auth=register&next=%2Forganiser%2F%3Fonboard%3Dclaim"
howard@numersrus.co.uk,"Network4Business","","https://www.thenetworkerhub.com/organisers/network4business?email=howard%40numersrus.co.uk&intent=organiser-claim&auth=register&next=%2Forganiser%2F%3Fonboard%3Dclaim"
teams@networkin.uk,"NetworkIN","","https://www.thenetworkerhub.com/organisers/networkin?email=teams%40networkin.uk&intent=organiser-claim&auth=register&next=%2Forganiser%2F%3Fonboard%3Dclaim"
lesley@networking4essex.co.uk,"Networking 4 Essex Women (NEW)","","https://www.thenetworkerhub.com/organisers/networking-4-essex-women-new?email=lesley%40networking4essex.co.uk&intent=organiser-claim&auth=register&next=%2Forganiser%2F%3Fonboard%3Dclaim"
aic.aura@hull.ac.uk,"Networking Business Breakfast (University of Hull)","","https://www.thenetworkerhub.com/organisers/networking-business-breakfast-university-of-hull?email=aic.aura%40hull.ac.uk&intent=organiser-claim&auth=register&next=%2Forganiser%2F%3Fonboard%3Dclaim"
aaron@networking-essex.co.uk,"Networking Essex","","https://www.thenetworkerhub.com/organisers/networking-essex?email=aaron%40networking-essex.co.uk&intent=organiser-claim&auth=register&next=%2Forganiser%2F%3Fonboard%3Dclaim"
events@networking.london,"Networking London","","https://www.thenetworkerhub.com/organisers/networking-london?email=events%40networking.london&intent=organiser-claim&auth=register&next=%2Forganiser%2F%3Fonboard%3Dclaim"
hello@networking-women.com,"Networking Women","","https://www.thenetworkerhub.com/organisers/networking-women?email=hello%40networking-women.com&intent=organiser-claim&auth=register&next=%2Forganiser%2F%3Fonboard%3Dclaim"
daryl@networx4business.co.uk,"networx4business","","https://www.thenetworkerhub.com/organisers/networx4business?email=daryl%40networx4business.co.uk&intent=organiser-claim&auth=register&next=%2Forganiser%2F%3Fonboard%3Dclaim"
enquiry@neuroalignclinic.co.uk,"Neuro Align Clinic","","https://www.thenetworkerhub.com/organisers/neuro-align-clinic?email=enquiry%40neuroalignclinic.co.uk&intent=organiser-claim&auth=register&next=%2Forganiser%2F%3Fonboard%3Dclaim"
info@newburybusiness.co.uk,"Newbury Business Group","","https://www.thenetworkerhub.com/organisers/newbury-business-group?email=info%40newburybusiness.co.uk&intent=organiser-claim&auth=register&next=%2Forganiser%2F%3Fonboard%3Dclaim"
business.club@nufc.co.uk,"Newcastle United Business Club","","https://www.thenetworkerhub.com/organisers/newcastle-united-business-club?email=business.club%40nufc.co.uk&intent=organiser-claim&auth=register&next=%2Forganiser%2F%3Fonboard%3Dclaim"
hello@nexusleeds.co.uk,"Nexus","","https://www.thenetworkerhub.com/organisers/nexus?email=hello%40nexusleeds.co.uk&intent=organiser-claim&auth=register&next=%2Forganiser%2F%3Fonboard%3Dclaim"
info@nicholsonandco.co.uk,"Nicholson & Co Accountancy","","https://www.thenetworkerhub.com/organisers/nicholson-co-accountancy?email=info%40nicholsonandco.co.uk&intent=organiser-claim&auth=register&next=%2Forganiser%2F%3Fonboard%3Dclaim"
niki@nikipatersondesign.com,"Niki Paterson Design","","https://www.thenetworkerhub.com/organisers/niki-paterson-design?email=niki%40nikipatersondesign.com&intent=organiser-claim&auth=register&next=%2Forganiser%2F%3Fonboard%3Dclaim"
info@nimbusclinics.com,"Nimbus Clinics","","https://www.thenetworkerhub.com/organisers/nimbus-clinics?email=info%40nimbusclinics.com&intent=organiser-claim&auth=register&next=%2Forganiser%2F%3Fonboard%3Dclaim"
hello@nnbn.co.uk,"NNBN","","https://www.thenetworkerhub.com/organisers/nnbn?email=hello%40nnbn.co.uk&intent=organiser-claim&auth=register&next=%2Forganiser%2F%3Fonboard%3Dclaim"
notiesnw2015@gmail.com,"No Ties Networking","","https://www.thenetworkerhub.com/organisers/no-ties-networking?email=notiesnw2015%40gmail.com&intent=organiser-claim&auth=register&next=%2Forganiser%2F%3Fonboard%3Dclaim"
paul.livingstone@nof.co.uk,"NOF","","https://www.thenetworkerhub.com/organisers/nof?email=paul.livingstone%40nof.co.uk&intent=organiser-claim&auth=register&next=%2Forganiser%2F%3Fonboard%3Dclaim"
info@norfolknetwork.com,"Norfolk Network","","https://www.thenetworkerhub.com/organisers/norfolk-network?email=info%40norfolknetwork.com&intent=organiser-claim&auth=register&next=%2Forganiser%2F%3Fonboard%3Dclaim"
grace@nwmnetwork.co.uk,"Norfolk Women's Marketing Network (NWM Network)","","https://www.thenetworkerhub.com/organisers/norfolk-women-s-marketing-network-nwm-network?email=grace%40nwmnetwork.co.uk&intent=organiser-claim&auth=register&next=%2Forganiser%2F%3Fonboard%3Dclaim"
paulm@lancschamber.co.uk,"North & Western Lancashire Chamber of Commerce","","https://www.thenetworkerhub.com/organisers/north-western-lancashire-chamber-of-commerce?email=paulm%40lancschamber.co.uk&intent=organiser-claim&auth=register&next=%2Forganiser%2F%3Fonboard%3Dclaim"
info@neechamber.co.uk,"North East Chamber of Commerce","","https://www.thenetworkerhub.com/organisers/north-east-chamber-of-commerce?email=info%40neechamber.co.uk&intent=organiser-claim&auth=register&next=%2Forganiser%2F%3Fonboard%3Dclaim"
info@northeastnetwork.co.uk,"North East Network","","https://www.thenetworkerhub.com/organisers/north-east-network?email=info%40northeastnetwork.co.uk&intent=organiser-claim&auth=register&next=%2Forganiser%2F%3Fonboard%3Dclaim"
info@nwbc.org.uk,"North Wales Business Club","","https://www.thenetworkerhub.com/organisers/north-wales-business-club?email=info%40nwbc.org.uk&intent=organiser-claim&auth=register&next=%2Forganiser%2F%3Fonboard%3Dclaim"
kathy.thomas@northern-consortium.org.uk,"Northern Housing Consortium","","https://www.thenetworkerhub.com/organisers/northern-housing-consortium?email=kathy.thomas%40northern-consortium.org.uk&intent=organiser-claim&auth=register&next=%2Forganiser%2F%3Fonboard%3Dclaim"
enquiries@nbwn.co.uk,"Norwich Business Women's Network (NBWN)","","https://www.thenetworkerhub.com/organisers/norwich-business-women-s-network-nbwn?email=enquiries%40nbwn.co.uk&intent=organiser-claim&auth=register&next=%2Forganiser%2F%3Fonboard%3Dclaim"
norwichkittynetworking@gmail.com,"Norwich Kitty Business Networking Group","","https://www.thenetworkerhub.com/organisers/norwich-kitty-business-networking-group?email=norwichkittynetworking%40gmail.com&intent=organiser-claim&auth=register&next=%2Forganiser%2F%3Fonboard%3Dclaim"
info@notaryservicesltd.co.uk,"Notary Services Limited","","https://www.thenetworkerhub.com/organisers/notary-services-limited?email=info%40notaryservicesltd.co.uk&intent=organiser-claim&auth=register&next=%2Forganiser%2F%3Fonboard%3Dclaim"
admin@nottinghamcitybusinessclub.co.uk,"Nottingham City Business Club","","https://www.thenetworkerhub.com/organisers/nottingham-city-business-club?email=admin%40nottinghamcitybusinessclub.co.uk&intent=organiser-claim&auth=register&next=%2Forganiser%2F%3Fonboard%3Dclaim"
hello@nottinghampartners.co.uk,"Nottingham Partners","","https://www.thenetworkerhub.com/organisers/nottingham-partners?email=hello%40nottinghampartners.co.uk&intent=organiser-claim&auth=register&next=%2Forganiser%2F%3Fonboard%3Dclaim"
businessteam@nottscc.gov.uk,"Nottinghamshire Business Support","","https://www.thenetworkerhub.com/organisers/nottinghamshire-business-support?email=businessteam%40nottscc.gov.uk&intent=organiser-claim&auth=register&next=%2Forganiser%2F%3Fonboard%3Dclaim"
samra@nottinghamwomenscentre.com,"Nottinghamshire Women's Centre","","https://www.thenetworkerhub.com/organisers/nottinghamshire-women-s-centre?email=samra%40nottinghamwomenscentre.com&intent=organiser-claim&auth=register&next=%2Forganiser%2F%3Fonboard%3Dclaim"
enquiries@forwardladies.com,"Novi","","https://www.thenetworkerhub.com/organisers/novi?email=enquiries%40forwardladies.com&intent=organiser-claim&auth=register&next=%2Forganiser%2F%3Fonboard%3Dclaim"
amanda@national-womens-network.co.uk,"NWN (National Women's Network)","","https://www.thenetworkerhub.com/organisers/nwn-national-women-s-network?email=amanda%40national-womens-network.co.uk&intent=organiser-claim&auth=register&next=%2Forganiser%2F%3Fonboard%3Dclaim"
hello@northwalessocial.co.uk,"NWS (North Wales Social)","","https://www.thenetworkerhub.com/organisers/nws-north-wales-social?email=hello%40northwalessocial.co.uk&intent=organiser-claim&auth=register&next=%2Forganiser%2F%3Fonboard%3Dclaim"
hwestwell@oeuk.org.uk,"OEUK Share Fair","","https://www.thenetworkerhub.com/organisers/oeuk-share-fair?email=hwestwell%40oeuk.org.uk&intent=organiser-claim&auth=register&next=%2Forganiser%2F%3Fonboard%3Dclaim"
info@oascotland.org.uk,"Officers' Association Scotland","","https://www.thenetworkerhub.com/organisers/officers-association-scotland?email=info%40oascotland.org.uk&intent=organiser-claim&auth=register&next=%2Forganiser%2F%3Fonboard%3Dclaim"
james@theonle.network,"ONLE","","https://www.thenetworkerhub.com/organisers/onle?email=james%40theonle.network&intent=organiser-claim&auth=register&next=%2Forganiser%2F%3Fonboard%3Dclaim"
customersupport@opencollege.info,"Open College UK Limited","","https://www.thenetworkerhub.com/organisers/open-college-uk-limited?email=customersupport%40opencollege.info&intent=organiser-claim&auth=register&next=%2Forganiser%2F%3Fonboard%3Dclaim"
admin@opendoorz.biz,"Opendoorz","","https://www.thenetworkerhub.com/organisers/opendoorz?email=admin%40opendoorz.biz&intent=organiser-claim&auth=register&next=%2Forganiser%2F%3Fonboard%3Dclaim"
jill@orbuk.org,"ORB - Organisation for Responsible Businesses","","https://www.thenetworkerhub.com/organisers/orb-organisation-for-responsible-businesses?email=jill%40orbuk.org&intent=organiser-claim&auth=register&next=%2Forganiser%2F%3Fonboard%3Dclaim"
hello@outandaboutcampers.co.uk,"Out and About Campers","","https://www.thenetworkerhub.com/organisers/out-and-about-campers?email=hello%40outandaboutcampers.co.uk&intent=organiser-claim&auth=register&next=%2Forganiser%2F%3Fonboard%3Dclaim"
info@outbritain.co.uk,"Out Britain","","https://www.thenetworkerhub.com/organisers/out-britain?email=info%40outbritain.co.uk&intent=organiser-claim&auth=register&next=%2Forganiser%2F%3Fonboard%3Dclaim"
info@outback365.co.uk,"Outback 365","","https://www.thenetworkerhub.com/organisers/outback-365?email=info%40outback365.co.uk&intent=organiser-claim&auth=register&next=%2Forganiser%2F%3Fonboard%3Dclaim"
hello@outside-ideas.com,"Outside Ideas","","https://www.thenetworkerhub.com/organisers/outside-ideas?email=hello%40outside-ideas.com&intent=organiser-claim&auth=register&next=%2Forganiser%2F%3Fonboard%3Dclaim"
info@priddeymarketing.co.uk,"OxfordSTEM.Network","","https://www.thenetworkerhub.com/organisers/oxfordstem-network?email=info%40priddeymarketing.co.uk&intent=organiser-claim&auth=register&next=%2Forganiser%2F%3Fonboard%3Dclaim"
info@pa-surveyors.co.uk,"PA Surveyors","","https://www.thenetworkerhub.com/organisers/pa-surveyors?email=info%40pa-surveyors.co.uk&intent=organiser-claim&auth=register&next=%2Forganiser%2F%3Fonboard%3Dclaim"
guy@ggfit.com,"Padel Partners Networking","","https://www.thenetworkerhub.com/organisers/padel-partners-networking?email=guy%40ggfit.com&intent=organiser-claim&auth=register&next=%2Forganiser%2F%3Fonboard%3Dclaim"
info@parallaxcounselling.co.uk,"Parallax Counselling","","https://www.thenetworkerhub.com/organisers/parallax-counselling?email=info%40parallaxcounselling.co.uk&intent=organiser-claim&auth=register&next=%2Forganiser%2F%3Fonboard%3Dclaim"
info@pathway2grow.co.uk,"Pathway2Grow (Coffee & Natter)","","https://www.thenetworkerhub.com/organisers/pathway2grow-coffee-natter?email=info%40pathway2grow.co.uk&intent=organiser-claim&auth=register&next=%2Forganiser%2F%3Fonboard%3Dclaim"
info@patinasofas.com,"Patina Sofas","","https://www.thenetworkerhub.com/organisers/patina-sofas?email=info%40patinasofas.com&intent=organiser-claim&auth=register&next=%2Forganiser%2F%3Fonboard%3Dclaim"
info@pbn.org.uk,"pbn (Perthshire Businesswomen's Network)","","https://www.thenetworkerhub.com/organisers/pbn-perthshire-businesswomen-s-network?email=info%40pbn.org.uk&intent=organiser-claim&auth=register&next=%2Forganiser%2F%3Fonboard%3Dclaim"
info@pearceaccounts.com,"Pearce Accounts Consultancy Services","","https://www.thenetworkerhub.com/organisers/pearce-accounts-consultancy-services?email=info%40pearceaccounts.com&intent=organiser-claim&auth=register&next=%2Forganiser%2F%3Fonboard%3Dclaim"
info@pearlaccountants.com,"Pearl Accountants","","https://www.thenetworkerhub.com/organisers/pearl-accountants?email=info%40pearlaccountants.com&intent=organiser-claim&auth=register&next=%2Forganiser%2F%3Fonboard%3Dclaim"
governor.services@norfolk.gov.uk,"Peer Networks (Schools & Learning Providers)","","https://www.thenetworkerhub.com/organisers/peer-networks-schools-learning-providers?email=governor.services%40norfolk.gov.uk&intent=organiser-claim&auth=register&next=%2Forganiser%2F%3Fonboard%3Dclaim"
info@pegrumelectricalltd.co.uk,"Pegrum Electrical Ltd","","https://www.thenetworkerhub.com/organisers/pegrum-electrical-ltd?email=info%40pegrumelectricalltd.co.uk&intent=organiser-claim&auth=register&next=%2Forganiser%2F%3Fonboard%3Dclaim"
members@peppercorn.biz,"Peppercorn Speed Networking","","https://www.thenetworkerhub.com/organisers/peppercorn-speed-networking?email=members%40peppercorn.biz&intent=organiser-claim&auth=register&next=%2Forganiser%2F%3Fonboard%3Dclaim"
info@personaltrainingdidsbury.com,"Personal Training Didsbury","","https://www.thenetworkerhub.com/organisers/personal-training-didsbury?email=info%40personaltrainingdidsbury.com&intent=organiser-claim&auth=register&next=%2Forganiser%2F%3Fonboard%3Dclaim"
info@propertyinvestorsnetwork.co.uk,"PIN (Property Investors Network)","","https://www.thenetworkerhub.com/organisers/pin-property-investors-network?email=info%40propertyinvestorsnetwork.co.uk&intent=organiser-claim&auth=register&next=%2Forganiser%2F%3Fonboard%3Dclaim"
events@pinklinkladies.co.uk,"Pink Link","","https://www.thenetworkerhub.com/organisers/pink-link?email=events%40pinklinkladies.co.uk&intent=organiser-claim&auth=register&next=%2Forganiser%2F%3Fonboard%3Dclaim"
coral@pinklinkladies.co.uk,"Pink Link Ladies","","https://www.thenetworkerhub.com/organisers/pink-link-ladies?email=coral%40pinklinkladies.co.uk&intent=organiser-claim&auth=register&next=%2Forganiser%2F%3Fonboard%3Dclaim"
sam@platformthirty1.com,"Platform Thirty1","","https://www.thenetworkerhub.com/organisers/platform-thirty1-2?email=sam%40platformthirty1.com&intent=organiser-claim&auth=register&next=%2Forganiser%2F%3Fonboard%3Dclaim"
hello@plcnetworking.uk,"PLC Business Networking Group","","https://www.thenetworkerhub.com/organisers/plc-business-networking-group?email=hello%40plcnetworking.uk&intent=organiser-claim&auth=register&next=%2Forganiser%2F%3Fonboard%3Dclaim"
hello@plusgroup.org,"Plus Group","","https://www.thenetworkerhub.com/organisers/plus-group?email=hello%40plusgroup.org&intent=organiser-claim&auth=register&next=%2Forganiser%2F%3Fonboard%3Dclaim"
info@plymouthbusinessnetwork.co.uk,"Plymouth Business Network","","https://www.thenetworkerhub.com/organisers/plymouth-business-network?email=info%40plymouthbusinessnetwork.co.uk&intent=organiser-claim&auth=register&next=%2Forganiser%2F%3Fonboard%3Dclaim"
katherine@popconnect.net,"POP Connect","","https://www.thenetworkerhub.com/organisers/pop-connect?email=katherine%40popconnect.net&intent=organiser-claim&auth=register&next=%2Forganiser%2F%3Fonboard%3Dclaim"
growth@kub-uk.com,"Power Networkers Hub","","https://www.thenetworkerhub.com/organisers/power-networkers-hub?email=growth%40kub-uk.com&intent=organiser-claim&auth=register&next=%2Forganiser%2F%3Fonboard%3Dclaim"
hello@powerofwomen.org.uk,"Power of Women","","https://www.thenetworkerhub.com/organisers/power-of-women?email=hello%40powerofwomen.org.uk&intent=organiser-claim&auth=register&next=%2Forganiser%2F%3Fonboard%3Dclaim"
info@powerfulwomen.org.uk,"POWERful Women","","https://www.thenetworkerhub.com/organisers/powerful-women?email=info%40powerfulwomen.org.uk&intent=organiser-claim&auth=register&next=%2Forganiser%2F%3Fonboard%3Dclaim"
hello@progressiveproperty.co.uk,"PPN (Progressive Property Network)","","https://www.thenetworkerhub.com/organisers/ppn-progressive-property-network?email=hello%40progressiveproperty.co.uk&intent=organiser-claim&auth=register&next=%2Forganiser%2F%3Fonboard%3Dclaim"
kevinmc_donnell@hotmail.com,"PPN (Progressive Property Network) - Blackfriars London","","https://www.thenetworkerhub.com/organisers/ppn-progressive-property-network-blackfriars-london?email=kevinmc_donnell%40hotmail.com&intent=organiser-claim&auth=register&next=%2Forganiser%2F%3Fonboard%3Dclaim"
leighashbee@progressivepropertynetwork.co.uk,"PPN (Progressive Property Network) - Bournemouth","","https://www.thenetworkerhub.com/organisers/ppn-progressive-property-network-bournemouth?email=leighashbee%40progressivepropertynetwork.co.uk&intent=organiser-claim&auth=register&next=%2Forganiser%2F%3Fonboard%3Dclaim"
brentwood@progressivepropertynetwork.co.uk,"PPN (Progressive Property Network) - Brentwood","","https://www.thenetworkerhub.com/organisers/ppn-progressive-property-network-brentwood?email=brentwood%40progressivepropertynetwork.co.uk&intent=organiser-claim&auth=register&next=%2Forganiser%2F%3Fonboard%3Dclaim"
glasgow@progressivepropertynetwork.co.uk,"PPN (Progressive Property Network) - Glasgow","","https://www.thenetworkerhub.com/organisers/ppn-progressive-property-network-glasgow?email=glasgow%40progressivepropertynetwork.co.uk&intent=organiser-claim&auth=register&next=%2Forganiser%2F%3Fonboard%3Dclaim"
holborn@progressivepropertynetwork.co.uk,"PPN (Progressive Property Network) - Holborn","","https://www.thenetworkerhub.com/organisers/ppn-progressive-property-network-holborn?email=holborn%40progressivepropertynetwork.co.uk&intent=organiser-claim&auth=register&next=%2Forganiser%2F%3Fonboard%3Dclaim"
heidimobbs@progressivepropertynetwork.co.uk,"PPN (Progressive Property Network) - Humberside","","https://www.thenetworkerhub.com/organisers/ppn-progressive-property-network-humberside?email=heidimobbs%40progressivepropertynetwork.co.uk&intent=organiser-claim&auth=register&next=%2Forganiser%2F%3Fonboard%3Dclaim"
halsteadottley@progressivepropertynetwork.co.uk,"PPN (Progressive Property Network) - Ipswich","","https://www.thenetworkerhub.com/organisers/ppn-progressive-property-network-ipswich?email=halsteadottley%40progressivepropertynetwork.co.uk&intent=organiser-claim&auth=register&next=%2Forganiser%2F%3Fonboard%3Dclaim"
leamingtonspa@progressivepropertynetwork.co.uk,"PPN (Progressive Property Network) - Leamington Spa","","https://www.thenetworkerhub.com/organisers/ppn-progressive-property-network-leamington-spa?email=leamingtonspa%40progressivepropertynetwork.co.uk&intent=organiser-claim&auth=register&next=%2Forganiser%2F%3Fonboard%3Dclaim"
mojogee@progressivepropertynetwork.co.uk,"PPN (Progressive Property Network) - Leeds","","https://www.thenetworkerhub.com/organisers/ppn-progressive-property-network-leeds?email=mojogee%40progressivepropertynetwork.co.uk&intent=organiser-claim&auth=register&next=%2Forganiser%2F%3Fonboard%3Dclaim"
liverpool@progresspropertynetwork.co.uk,"PPN (Progressive Property Network) - Liverpool","","https://www.thenetworkerhub.com/organisers/ppn-progressive-property-network-liverpool?email=liverpool%40progresspropertynetwork.co.uk&intent=organiser-claim&auth=register&next=%2Forganiser%2F%3Fonboard%3Dclaim"
miltonkeynes@progressivepropertynetwork.co.uk,"PPN (Progressive Property Network) - Milton Keynes","","https://www.thenetworkerhub.com/organisers/ppn-progressive-property-network-milton-keynes?email=miltonkeynes%40progressivepropertynetwork.co.uk&intent=organiser-claim&auth=register&next=%2Forganiser%2F%3Fonboard%3Dclaim"
oxford@progressivepropertynetwork.co.uk,"PPN (Progressive Property Network) - Oxford","","https://www.thenetworkerhub.com/organisers/ppn-progressive-property-network-oxford?email=oxford%40progressivepropertynetwork.co.uk&intent=organiser-claim&auth=register&next=%2Forganiser%2F%3Fonboard%3Dclaim"
peterborough@progressivepropertynetwork.co.uk,"PPN (Progressive Property Network) - Peterborough","","https://www.thenetworkerhub.com/organisers/ppn-progressive-property-network-peterborough?email=peterborough%40progressivepropertynetwork.co.uk&intent=organiser-claim&auth=register&next=%2Forganiser%2F%3Fonboard%3Dclaim"
preston@progressivepropertynetwork.co.uk,"PPN (Progressive Property Network) - Preston & Fylde","","https://www.thenetworkerhub.com/organisers/ppn-progressive-property-network-preston-fylde?email=preston%40progressivepropertynetwork.co.uk&intent=organiser-claim&auth=register&next=%2Forganiser%2F%3Fonboard%3Dclaim"
kevinmcdonnell@progressivepropertynetwork.co.uk,"PPN (Progressive Property Network) - Sheffield","","https://www.thenetworkerhub.com/organisers/ppn-progressive-property-network-sheffield?email=kevinmcdonnell%40progressivepropertynetwork.co.uk&intent=organiser-claim&auth=register&next=%2Forganiser%2F%3Fonboard%3Dclaim"
mikechadwick@progressivepropertynetwork.co.uk,"PPN (Progressive Property Network) - South Manchester","","https://www.thenetworkerhub.com/organisers/ppn-progressive-property-network-south-manchester?email=mikechadwick%40progressivepropertynetwork.co.uk&intent=organiser-claim&auth=register&next=%2Forganiser%2F%3Fonboard%3Dclaim"
stratford@progressivepropertynetwork.co.uk,"PPN (Progressive Property Network) - Stratford London","","https://www.thenetworkerhub.com/organisers/ppn-progressive-property-network-stratford-london?email=stratford%40progressivepropertynetwork.co.uk&intent=organiser-claim&auth=register&next=%2Forganiser%2F%3Fonboard%3Dclaim"
worcester@progressivepropertynetwork.co.uk,"PPN (Progressive Property Network) - Worcester","","https://www.thenetworkerhub.com/organisers/ppn-progressive-property-network-worcester?email=worcester%40progressivepropertynetwork.co.uk&intent=organiser-claim&auth=register&next=%2Forganiser%2F%3Fonboard%3Dclaim"
hello@prattdigital.com,"Pratt Digital","","https://www.thenetworkerhub.com/organisers/pratt-digital?email=hello%40prattdigital.com&intent=organiser-claim&auth=register&next=%2Forganiser%2F%3Fonboard%3Dclaim"
bill@businesswingman.co.uk,"Precision Presentation","","https://www.thenetworkerhub.com/organisers/precision-presentation?email=bill%40businesswingman.co.uk&intent=organiser-claim&auth=register&next=%2Forganiser%2F%3Fonboard%3Dclaim"
sales@premiergt.com,"Premier GT Ltd","","https://www.thenetworkerhub.com/organisers/premier-gt-ltd?email=sales%40premiergt.com&intent=organiser-claim&auth=register&next=%2Forganiser%2F%3Fonboard%3Dclaim"
info@bristolprivateclients.com,"Private Client Network","","https://www.thenetworkerhub.com/organisers/private-client-network?email=info%40bristolprivateclients.com&intent=organiser-claim&auth=register&next=%2Forganiser%2F%3Fonboard%3Dclaim"
info@provnetworking.co.uk,"Pro V Networking","","https://www.thenetworkerhub.com/organisers/pro-v-networking?email=info%40provnetworking.co.uk&intent=organiser-claim&auth=register&next=%2Forganiser%2F%3Fonboard%3Dclaim"
info@procon-nottinghamshire.co.uk,"Procon Nottinghamshire","","https://www.thenetworkerhub.com/organisers/procon-nottinghamshire?email=info%40procon-nottinghamshire.co.uk&intent=organiser-claim&auth=register&next=%2Forganiser%2F%3Fonboard%3Dclaim"
enquiries@professionalsuk.co.uk,"Professionals UK","","https://www.thenetworkerhub.com/organisers/professionals-uk-2?email=enquiries%40professionalsuk.co.uk&intent=organiser-claim&auth=register&next=%2Forganiser%2F%3Fonboard%3Dclaim"
mail@richardpavey.co.uk,"Promise for Business","","https://www.thenetworkerhub.com/organisers/promise-for-business?email=mail%40richardpavey.co.uk&intent=organiser-claim&auth=register&next=%2Forganiser%2F%3Fonboard%3Dclaim"
andyguile@askandyguile.co.uk,"Proper Networking","","https://www.thenetworkerhub.com/organisers/proper-networking?email=andyguile%40askandyguile.co.uk&intent=organiser-claim&auth=register&next=%2Forganiser%2F%3Fonboard%3Dclaim"
hello@propertyandpoppadoms.co.uk,"Property & Poppadoms","","https://www.thenetworkerhub.com/organisers/property-poppadoms?email=hello%40propertyandpoppadoms.co.uk&intent=organiser-claim&auth=register&next=%2Forganiser%2F%3Fonboard%3Dclaim"
contact@propertyfoundationsgroup.co.uk,"Property Foundations Group","","https://www.thenetworkerhub.com/organisers/property-foundations-group?email=contact%40propertyfoundationsgroup.co.uk&intent=organiser-claim&auth=register&next=%2Forganiser%2F%3Fonboard%3Dclaim"
barry@wordsmart.biz,"Prosper (Hybrid)","","https://www.thenetworkerhub.com/organisers/prosper-hybrid?email=barry%40wordsmart.biz&intent=organiser-claim&auth=register&next=%2Forganiser%2F%3Fonboard%3Dclaim"
admin@prospher.co.uk,"ProspHER","","https://www.thenetworkerhub.com/organisers/prospher?email=admin%40prospher.co.uk&intent=organiser-claim&auth=register&next=%2Forganiser%2F%3Fonboard%3Dclaim"
enquiries@pwhaccountancy.com,"PWH Accountancy Ltd","","https://www.thenetworkerhub.com/organisers/pwh-accountancy-ltd?email=enquiries%40pwhaccountancy.com&intent=organiser-claim&auth=register&next=%2Forganiser%2F%3Fonboard%3Dclaim"
info@quadratech.co.uk,"Quadratech Diagnostics","","https://www.thenetworkerhub.com/organisers/quadratech-diagnostics?email=info%40quadratech.co.uk&intent=organiser-claim&auth=register&next=%2Forganiser%2F%3Fonboard%3Dclaim"
toni@quantumvantage.co.uk,"Quantum You","","https://www.thenetworkerhub.com/organisers/quantum-you?email=toni%40quantumvantage.co.uk&intent=organiser-claim&auth=register&next=%2Forganiser%2F%3Fonboard%3Dclaim"
sam@radvanjoinery.co.uk,"Radvan Joinery","","https://www.thenetworkerhub.com/organisers/radvan-joinery?email=sam%40radvanjoinery.co.uk&intent=organiser-claim&auth=register&next=%2Forganiser%2F%3Fonboard%3Dclaim"
commercial@rangers.co.uk,"Rangers Business Club","","https://www.thenetworkerhub.com/organisers/rangers-business-club?email=commercial%40rangers.co.uk&intent=organiser-claim&auth=register&next=%2Forganiser%2F%3Fonboard%3Dclaim"
mail@rppaccounts.co.uk,"Rawlinson Pryde & Partners","","https://www.thenetworkerhub.com/organisers/rawlinson-pryde-partners?email=mail%40rppaccounts.co.uk&intent=organiser-claim&auth=register&next=%2Forganiser%2F%3Fonboard%3Dclaim"
chair@readingbusinessclub.com,"Reading Business Club","","https://www.thenetworkerhub.com/organisers/reading-business-club?email=chair%40readingbusinessclub.com&intent=organiser-claim&auth=register&next=%2Forganiser%2F%3Fonboard%3Dclaim"
andrew@real5networking.com,"Real5 Networking","","https://www.thenetworkerhub.com/organisers/real5-networking?email=andrew%40real5networking.com&intent=organiser-claim&auth=register&next=%2Forganiser%2F%3Fonboard%3Dclaim"
bristol@real5networking.com,"Real5 Networking - Bristol","","https://www.thenetworkerhub.com/organisers/real5-networking-bristol?email=bristol%40real5networking.com&intent=organiser-claim&auth=register&next=%2Forganiser%2F%3Fonboard%3Dclaim"
dumfries@real5networking.com,"Real5 Networking - Dumfries","","https://www.thenetworkerhub.com/organisers/real5-networking-dumfries?email=dumfries%40real5networking.com&intent=organiser-claim&auth=register&next=%2Forganiser%2F%3Fonboard%3Dclaim"
jenny@real5networking.com,"Real5 Networking - Knowsley","","https://www.thenetworkerhub.com/organisers/real5-networking-knowsley?email=jenny%40real5networking.com&intent=organiser-claim&auth=register&next=%2Forganiser%2F%3Fonboard%3Dclaim"
david@real5networking.com,"Real5 Networking - Knutsford & Altrincham","","https://www.thenetworkerhub.com/organisers/real5-networking-knutsford-altrincham?email=david%40real5networking.com&intent=organiser-claim&auth=register&next=%2Forganiser%2F%3Fonboard%3Dclaim"
andy.martin@real5networking.com,"Real5 Networking - Liverpool","","https://www.thenetworkerhub.com/organisers/real5-networking-liverpool?email=andy.martin%40real5networking.com&intent=organiser-claim&auth=register&next=%2Forganiser%2F%3Fonboard%3Dclaim"
liverpoolsouth@real5networking.com,"Real5 Networking - Liverpool South","","https://www.thenetworkerhub.com/organisers/real5-networking-liverpool-south?email=liverpoolsouth%40real5networking.com&intent=organiser-claim&auth=register&next=%2Forganiser%2F%3Fonboard%3Dclaim"
matt@real5networking.com,"Real5 Networking - Mersey Gateway","","https://www.thenetworkerhub.com/organisers/real5-networking-mersey-gateway?email=matt%40real5networking.com&intent=organiser-claim&auth=register&next=%2Forganiser%2F%3Fonboard%3Dclaim"
jim@real5networking.com,"Real5 Networking - St Helens","","https://www.thenetworkerhub.com/organisers/real5-networking-st-helens?email=jim%40real5networking.com&intent=organiser-claim&auth=register&next=%2Forganiser%2F%3Fonboard%3Dclaim"
mark@real5networking.com,"Real5 Networking - Warrington East","","https://www.thenetworkerhub.com/organisers/real5-networking-warrington-east?email=mark%40real5networking.com&intent=organiser-claim&auth=register&next=%2Forganiser%2F%3Fonboard%3Dclaim"
wigan@real5networking.com,"Real5 Networking - Wigan","","https://www.thenetworkerhub.com/organisers/real5-networking-wigan?email=wigan%40real5networking.com&intent=organiser-claim&auth=register&next=%2Forganiser%2F%3Fonboard%3Dclaim"
wilmslow@real5networking.com,"Real5 Networking - Wilmslow & Alderley Edge","","https://www.thenetworkerhub.com/organisers/real5-networking-wilmslow-alderley-edge?email=wilmslow%40real5networking.com&intent=organiser-claim&auth=register&next=%2Forganiser%2F%3Fonboard%3Dclaim"
helen.williams@real5networking.com,"Real5 Networking - Windsor & Maidenhead","","https://www.thenetworkerhub.com/organisers/real5-networking-windsor-maidenhead?email=helen.williams%40real5networking.com&intent=organiser-claim&auth=register&next=%2Forganiser%2F%3Fonboard%3Dclaim"
melissa@real5networking.com,"Real5 Networking - Wirral","","https://www.thenetworkerhub.com/organisers/real5-networking-wirral?email=melissa%40real5networking.com&intent=organiser-claim&auth=register&next=%2Forganiser%2F%3Fonboard%3Dclaim"
jo.barber@seeing-social.co.uk,"Rebel Meetups (Oxford)","","https://www.thenetworkerhub.com/organisers/rebel-meetups-oxford?email=jo.barber%40seeing-social.co.uk&intent=organiser-claim&auth=register&next=%2Forganiser%2F%3Fonboard%3Dclaim"
info@redditchunited.co.uk,"Redditch United Business Club","","https://www.thenetworkerhub.com/organisers/redditch-united-business-club?email=info%40redditchunited.co.uk&intent=organiser-claim&auth=register&next=%2Forganiser%2F%3Fonboard%3Dclaim"
info@ribbons-network.com,"Ribbons","","https://www.thenetworkerhub.com/organisers/ribbons?email=info%40ribbons-network.com&intent=organiser-claim&auth=register&next=%2Forganiser%2F%3Fonboard%3Dclaim"
info@rideexecutivebristol.com,"Ride Executive Bristol","","https://www.thenetworkerhub.com/organisers/ride-executive-bristol?email=info%40rideexecutivebristol.com&intent=organiser-claim&auth=register&next=%2Forganiser%2F%3Fonboard%3Dclaim"
info@ridobusinesscentres.co.uk,"Rido Business Centres","","https://www.thenetworkerhub.com/organisers/rido-business-centres?email=info%40ridobusinesscentres.co.uk&intent=organiser-claim&auth=register&next=%2Forganiser%2F%3Fonboard%3Dclaim"
info@rlvmortgages.co.uk,"RLV Mortgages","","https://www.thenetworkerhub.com/organisers/rlv-mortgages?email=info%40rlvmortgages.co.uk&intent=organiser-claim&auth=register&next=%2Forganiser%2F%3Fonboard%3Dclaim"
info@robinoxford.org.uk,"ROBIN (Responsible Oxfordshire Business Involvement Network)","","https://www.thenetworkerhub.com/organisers/robin-responsible-oxfordshire-business-involvement-network?email=info%40robinoxford.org.uk&intent=organiser-claim&auth=register&next=%2Forganiser%2F%3Fonboard%3Dclaim"
ba@robson-laidler.co.uk,"Robson Laidler Accountants","","https://www.thenetworkerhub.com/organisers/robson-laidler-accountants?email=ba%40robson-laidler.co.uk&intent=organiser-claim&auth=register&next=%2Forganiser%2F%3Fonboard%3Dclaim"
enquiries@rotherabray.co.uk,"Rothera Bray Solicitors","","https://www.thenetworkerhub.com/organisers/rothera-bray-solicitors?email=enquiries%40rotherabray.co.uk&intent=organiser-claim&auth=register&next=%2Forganiser%2F%3Fonboard%3Dclaim"
info@rsvipnetwork.co.uk,"RSViP Network","","https://www.thenetworkerhub.com/organisers/rsvip-network?email=info%40rsvipnetwork.co.uk&intent=organiser-claim&auth=register&next=%2Forganiser%2F%3Fonboard%3Dclaim"
sam@sam-networking.co.uk,"SAM Networking Ltd","","https://www.thenetworkerhub.com/organisers/sam-networking-ltd?email=sam%40sam-networking.co.uk&intent=organiser-claim&auth=register&next=%2Forganiser%2F%3Fonboard%3Dclaim"
mail@sarahhefferaccountancy.co.uk,"Sarah Heffer Accountancy Ltd","","https://www.thenetworkerhub.com/organisers/sarah-heffer-accountancy-ltd?email=mail%40sarahhefferaccountancy.co.uk&intent=organiser-claim&auth=register&next=%2Forganiser%2F%3Fonboard%3Dclaim"
mail@savillenotaries.com,"Saville & Co Scrivener Notaries","","https://www.thenetworkerhub.com/organisers/saville-co-scrivener-notaries?email=mail%40savillenotaries.com&intent=organiser-claim&auth=register&next=%2Forganiser%2F%3Fonboard%3Dclaim"
sben@staffordshire.gov.uk,"SBEN (Staffordshire Business & Environment Network)","","https://www.thenetworkerhub.com/organisers/sben-staffordshire-business-environment-network?email=sben%40staffordshire.gov.uk&intent=organiser-claim&auth=register&next=%2Forganiser%2F%3Fonboard%3Dclaim"
russellt@sbn.scot,"Scottish Business Network","","https://www.thenetworkerhub.com/organisers/scottish-business-network?email=russellt%40sbn.scot&intent=organiser-claim&auth=register&next=%2Forganiser%2F%3Fonboard%3Dclaim"
michael.chisholm@scottishfa.co.uk,"Scottish FA Business Club","","https://www.thenetworkerhub.com/organisers/scottish-fa-business-club?email=michael.chisholm%40scottishfa.co.uk&intent=organiser-claim&auth=register&next=%2Forganiser%2F%3Fonboard%3Dclaim"
hello@scottishnationalnetwork.com,"Scottish National Network","","https://www.thenetworkerhub.com/organisers/scottish-national-network?email=hello%40scottishnationalnetwork.com&intent=organiser-claim&auth=register&next=%2Forganiser%2F%3Fonboard%3Dclaim"
rosemary@scottishpanetwork.com,"Scottish PA Network","","https://www.thenetworkerhub.com/organisers/scottish-pa-network?email=rosemary%40scottishpanetwork.com&intent=organiser-claim&auth=register&next=%2Forganiser%2F%3Fonboard%3Dclaim"
katherine@screenpop.club,"ScreenPop","","https://www.thenetworkerhub.com/organisers/screenpop?email=katherine%40screenpop.club&intent=organiser-claim&auth=register&next=%2Forganiser%2F%3Fonboard%3Dclaim"
hello@searchnorwich.org,"Search Norwich","","https://www.thenetworkerhub.com/organisers/search-norwich?email=hello%40searchnorwich.org&intent=organiser-claim&auth=register&next=%2Forganiser%2F%3Fonboard%3Dclaim"
hola.spitalfields@secondhome.io,"Second Home","","https://www.thenetworkerhub.com/organisers/second-home?email=hola.spitalfields%40secondhome.io&intent=organiser-claim&auth=register&next=%2Forganiser%2F%3Fonboard%3Dclaim"
info@semla.org.uk,"SEMLA","","https://www.thenetworkerhub.com/organisers/semla?email=info%40semla.org.uk&intent=organiser-claim&auth=register&next=%2Forganiser%2F%3Fonboard%3Dclaim"
office@paulhoda.uk,"SEO Expert Paul Hoda","","https://www.thenetworkerhub.com/organisers/seo-expert-paul-hoda?email=office%40paulhoda.uk&intent=organiser-claim&auth=register&next=%2Forganiser%2F%3Fonboard%3Dclaim"
sales@seths.co.uk,"Seths Estate Agents","","https://www.thenetworkerhub.com/organisers/seths-estate-agents?email=sales%40seths.co.uk&intent=organiser-claim&auth=register&next=%2Forganiser%2F%3Fonboard%3Dclaim"
info@severnbusinessnetwork.co.uk,"Severn Business Network","","https://www.thenetworkerhub.com/organisers/severn-business-network?email=info%40severnbusinessnetwork.co.uk&intent=organiser-claim&auth=register&next=%2Forganiser%2F%3Fonboard%3Dclaim"
sharonstonenotary@outlook.com,"Sharon Stone Notary Public","","https://www.thenetworkerhub.com/organisers/sharon-stone-notary-public?email=sharonstonenotary%40outlook.com&intent=organiser-claim&auth=register&next=%2Forganiser%2F%3Fonboard%3Dclaim"
info@shebusiness.co.uk,"She Business","","https://www.thenetworkerhub.com/organisers/she-business?email=info%40shebusiness.co.uk&intent=organiser-claim&auth=register&next=%2Forganiser%2F%3Fonboard%3Dclaim"
sarah@asandwhenadmin.co.uk,"She's The Business","","https://www.thenetworkerhub.com/organisers/she-s-the-business?email=sarah%40asandwhenadmin.co.uk&intent=organiser-claim&auth=register&next=%2Forganiser%2F%3Fonboard%3Dclaim"
info@sheffieldbusinesstogether.org.uk,"Sheffield Business Together","","https://www.thenetworkerhub.com/organisers/sheffield-business-together?email=info%40sheffieldbusinesstogether.org.uk&intent=organiser-claim&auth=register&next=%2Forganiser%2F%3Fonboard%3Dclaim"
hello@ssen.org.uk,"Sheffield Social Enterprise Network","","https://www.thenetworkerhub.com/organisers/sheffield-social-enterprise-network?email=hello%40ssen.org.uk&intent=organiser-claim&auth=register&next=%2Forganiser%2F%3Fonboard%3Dclaim"
enquiries@shinespace.co.uk,"Shine Space","","https://www.thenetworkerhub.com/organisers/shine-space?email=enquiries%40shinespace.co.uk&intent=organiser-claim&auth=register&next=%2Forganiser%2F%3Fonboard%3Dclaim"
hello@vhmcharityconsultancy.com,"Shropshire Charity Network","","https://www.thenetworkerhub.com/organisers/shropshire-charity-network?email=hello%40vhmcharityconsultancy.com&intent=organiser-claim&auth=register&next=%2Forganiser%2F%3Fonboard%3Dclaim"
shuttersbythesea@outlook.com,"Shutters By The Sea","","https://www.thenetworkerhub.com/organisers/shutters-by-the-sea?email=shuttersbythesea%40outlook.com&intent=organiser-claim&auth=register&next=%2Forganiser%2F%3Fonboard%3Dclaim"
geoff@the-yorkshiremafia.co.uk,"Silicon Yorkshire","","https://www.thenetworkerhub.com/organisers/silicon-yorkshire?email=geoff%40the-yorkshiremafia.co.uk&intent=organiser-claim&auth=register&next=%2Forganiser%2F%3Fonboard%3Dclaim"
enquiries@sr-law.co.uk,"Simons Rodkin Solicitors LLP","","https://www.thenetworkerhub.com/organisers/simons-rodkin-solicitors-llp?email=enquiries%40sr-law.co.uk&intent=organiser-claim&auth=register&next=%2Forganiser%2F%3Fonboard%3Dclaim"
info@simplybusinessmagazine.co.uk,"Simply Business Club","","https://www.thenetworkerhub.com/organisers/simply-business-club?email=info%40simplybusinessmagazine.co.uk&intent=organiser-claim&auth=register&next=%2Forganiser%2F%3Fonboard%3Dclaim"
info@sing4business.co.uk,"Sing 4 Business","","https://www.thenetworkerhub.com/organisers/sing-4-business?email=info%40sing4business.co.uk&intent=organiser-claim&auth=register&next=%2Forganiser%2F%3Fonboard%3Dclaim"
info@sirius-hull.co.uk,"Sirius","","https://www.thenetworkerhub.com/organisers/sirius?email=info%40sirius-hull.co.uk&intent=organiser-claim&auth=register&next=%2Forganiser%2F%3Fonboard%3Dclaim"
hela@sistersnog.com,"SisterSnog","","https://www.thenetworkerhub.com/organisers/sistersnog?email=hela%40sistersnog.com&intent=organiser-claim&auth=register&next=%2Forganiser%2F%3Fonboard%3Dclaim"
steven@sklifecoachuk.co.uk,"SK LifeCoach UK","","https://www.thenetworkerhub.com/organisers/sk-lifecoach-uk?email=steven%40sklifecoachuk.co.uk&intent=organiser-claim&auth=register&next=%2Forganiser%2F%3Fonboard%3Dclaim"
hello@smallbusinessbritain.uk,"Small Business Britain","","https://www.thenetworkerhub.com/organisers/small-business-britain?email=hello%40smallbusinessbritain.uk&intent=organiser-claim&auth=register&next=%2Forganiser%2F%3Fonboard%3Dclaim"
adam@small99.co.uk,"Small99","","https://www.thenetworkerhub.com/organisers/small99?email=adam%40small99.co.uk&intent=organiser-claim&auth=register&next=%2Forganiser%2F%3Fonboard%3Dclaim"
admin@smartplaynetwork.org,"Smart Play Network","","https://www.thenetworkerhub.com/organisers/smart-play-network?email=admin%40smartplaynetwork.org&intent=organiser-claim&auth=register&next=%2Forganiser%2F%3Fonboard%3Dclaim"
andy.k.smealliance@gmail.com,"SME Alliance","","https://www.thenetworkerhub.com/organisers/sme-alliance?email=andy.k.smealliance%40gmail.com&intent=organiser-claim&auth=register&next=%2Forganiser%2F%3Fonboard%3Dclaim"
chris@smesuccess.co.uk,"SME Success","","https://www.thenetworkerhub.com/organisers/business-growth-club?email=chris%40smesuccess.co.uk&intent=organiser-claim&auth=register&next=%2Forganiser%2F%3Fonboard%3Dclaim"
email@smithbutler.co.uk,"Smith Butler Accountants & Business Advisors","","https://www.thenetworkerhub.com/organisers/smith-butler-accountants-business-advisors?email=email%40smithbutler.co.uk&intent=organiser-claim&auth=register&next=%2Forganiser%2F%3Fonboard%3Dclaim"
jason@socialchaos.uk,"Social Chaos","","https://www.thenetworkerhub.com/organisers/social-chaos?email=jason%40socialchaos.uk&intent=organiser-claim&auth=register&next=%2Forganiser%2F%3Fonboard%3Dclaim"
info@socialprogress.co.uk,"Social Progress","","https://www.thenetworkerhub.com/organisers/social-progress?email=info%40socialprogress.co.uk&intent=organiser-claim&auth=register&next=%2Forganiser%2F%3Fonboard%3Dclaim"
aberdeen.events@spe-uk.org,"Society of Petroleum Engineers","","https://www.thenetworkerhub.com/organisers/society-of-petroleum-engineers?email=aberdeen.events%40spe-uk.org&intent=organiser-claim&auth=register&next=%2Forganiser%2F%3Fonboard%3Dclaim"
admin@spe.org.uk,"Society of Professional Economists","","https://www.thenetworkerhub.com/organisers/society-of-professional-economists?email=admin%40spe.org.uk&intent=organiser-claim&auth=register&next=%2Forganiser%2F%3Fonboard%3Dclaim"
soleandbodywork1@gmail.com,"Sole and Body Work","","https://www.thenetworkerhub.com/organisers/sole-and-body-work?email=soleandbodywork1%40gmail.com&intent=organiser-claim&auth=register&next=%2Forganiser%2F%3Fonboard%3Dclaim"
info@solidaire.co.uk,"Solidaire Solicitors","","https://www.thenetworkerhub.com/organisers/solidaire-solicitors?email=info%40solidaire.co.uk&intent=organiser-claim&auth=register&next=%2Forganiser%2F%3Fonboard%3Dclaim"
info@solsure.co.uk,"Solsure","","https://www.thenetworkerhub.com/organisers/solsure?email=info%40solsure.co.uk&intent=organiser-claim&auth=register&next=%2Forganiser%2F%3Fonboard%3Dclaim"
hello@somervillestreetstudio.co.uk,"Somerville Street Coworking Studio","","https://www.thenetworkerhub.com/organisers/somerville-street-coworking-studio?email=hello%40somervillestreetstudio.co.uk&intent=organiser-claim&auth=register&next=%2Forganiser%2F%3Fonboard%3Dclaim"
david@southcoastgolf.co.uk,"South Coast Golf Networking","","https://www.thenetworkerhub.com/organisers/south-coast-golf-networking?email=david%40southcoastgolf.co.uk&intent=organiser-claim&auth=register&next=%2Forganiser%2F%3Fonboard%3Dclaim"
clare@clarefarthing.co.uk,"South Somerset Meetups","","https://www.thenetworkerhub.com/organisers/south-somerset-meetups?email=clare%40clarefarthing.co.uk&intent=organiser-claim&auth=register&next=%2Forganiser%2F%3Fonboard%3Dclaim"
events@scci.org.uk,"South Yorkshire Chamber","","https://www.thenetworkerhub.com/organisers/south-yorkshire-chamber?email=events%40scci.org.uk&intent=organiser-claim&auth=register&next=%2Forganiser%2F%3Fonboard%3Dclaim"
exhibiting@southamptonboatshow.com,"Southampton International Boat Show Exhibiting","","https://www.thenetworkerhub.com/organisers/southampton-international-boat-show-exhibiting?email=exhibiting%40southamptonboatshow.com&intent=organiser-claim&auth=register&next=%2Forganiser%2F%3Fonboard%3Dclaim"
alana@sdpsy.co.uk,"Southdowns Psychotherapy","","https://www.thenetworkerhub.com/organisers/southdowns-psychotherapy?email=alana%40sdpsy.co.uk&intent=organiser-claim&auth=register&next=%2Forganiser%2F%3Fonboard%3Dclaim"
info@southendpeers.co.uk,"Southend Peers","","https://www.thenetworkerhub.com/organisers/southend-peers?email=info%40southendpeers.co.uk&intent=organiser-claim&auth=register&next=%2Forganiser%2F%3Fonboard%3Dclaim"
hello@speednetworkinggroup.com,"Speed Networking Group","","https://www.thenetworkerhub.com/organisers/speed-networking-group?email=hello%40speednetworkinggroup.com&intent=organiser-claim&auth=register&next=%2Forganiser%2F%3Fonboard%3Dclaim"
events@spirebarristers.co.uk,"Spire Barristers","","https://www.thenetworkerhub.com/organisers/spire-barristers?email=events%40spirebarristers.co.uk&intent=organiser-claim&auth=register&next=%2Forganiser%2F%3Fonboard%3Dclaim"
secretary@standrewsbusinessclub.co.uk,"St Andrews Business Club","","https://www.thenetworkerhub.com/organisers/st-andrews-business-club?email=secretary%40standrewsbusinessclub.co.uk&intent=organiser-claim&auth=register&next=%2Forganiser%2F%3Fonboard%3Dclaim"
info@startcomms.co.uk,"Start Communications","","https://www.thenetworkerhub.com/organisers/start-communications?email=info%40startcomms.co.uk&intent=organiser-claim&auth=register&next=%2Forganiser%2F%3Fonboard%3Dclaim"
hello@thestartupnetworks.co.uk,"Startup Networks","","https://www.thenetworkerhub.com/organisers/startup-networks?email=hello%40thestartupnetworks.co.uk&intent=organiser-claim&auth=register&next=%2Forganiser%2F%3Fonboard%3Dclaim"
info@sterlingnetworks.co.uk,"Sterling Networks","","https://www.thenetworkerhub.com/organisers/sterling-networks?email=info%40sterlingnetworks.co.uk&intent=organiser-claim&auth=register&next=%2Forganiser%2F%3Fonboard%3Dclaim"
amjad@comms-byte.com,"Stockport Business Club","","https://www.thenetworkerhub.com/organisers/stockport-business-club?email=amjad%40comms-byte.com&intent=organiser-claim&auth=register&next=%2Forganiser%2F%3Fonboard%3Dclaim"
caitlin@youronlinemechanic.co.uk,"Strategic Alliance Network (Stockport)","","https://www.thenetworkerhub.com/organisers/strategic-alliance-network-stockport?email=caitlin%40youronlinemechanic.co.uk&intent=organiser-claim&auth=register&next=%2Forganiser%2F%3Fonboard%3Dclaim"
glenis@stravara.co.uk,"Stravara Consulting","","https://www.thenetworkerhub.com/organisers/stravara-consulting?email=glenis%40stravara.co.uk&intent=organiser-claim&auth=register&next=%2Forganiser%2F%3Fonboard%3Dclaim"
info@sturdybuild.co.uk,"SturdyBuild","","https://www.thenetworkerhub.com/organisers/sturdybuild?email=info%40sturdybuild.co.uk&intent=organiser-claim&auth=register&next=%2Forganiser%2F%3Fonboard%3Dclaim"
andrew@successnetworking.co.uk,"Success Networking","","https://www.thenetworkerhub.com/organisers/success-networking?email=andrew%40successnetworking.co.uk&intent=organiser-claim&auth=register&next=%2Forganiser%2F%3Fonboard%3Dclaim"
mansfield@sueford-networking.co.uk,"Sue Ford Networking","","https://www.thenetworkerhub.com/organisers/sue-ford-networking?email=mansfield%40sueford-networking.co.uk&intent=organiser-claim&auth=register&next=%2Forganiser%2F%3Fonboard%3Dclaim"
enquiries@sunrisesolicitors.co.uk,"Sunrise Solicitors Ltd","","https://www.thenetworkerhub.com/organisers/sunrise-solicitors-ltd?email=enquiries%40sunrisesolicitors.co.uk&intent=organiser-claim&auth=register&next=%2Forganiser%2F%3Fonboard%3Dclaim"
ukguestcare@rgsalons.com,"Supercuts UK","","https://www.thenetworkerhub.com/organisers/supercuts-uk?email=ukguestcare%40rgsalons.com&intent=organiser-claim&auth=register&next=%2Forganiser%2F%3Fonboard%3Dclaim"
carolinehazell@thompsondarwin.com,"Superwoman","","https://www.thenetworkerhub.com/organisers/superwoman?email=carolinehazell%40thompsondarwin.com&intent=organiser-claim&auth=register&next=%2Forganiser%2F%3Fonboard%3Dclaim"
info@surveyorsorted.co.uk,"Surveyor Sorted","","https://www.thenetworkerhub.com/organisers/surveyor-sorted?email=info%40surveyorsorted.co.uk&intent=organiser-claim&auth=register&next=%2Forganiser%2F%3Fonboard%3Dclaim"
info@sussexcricket.co.uk,"Sussex Cricket The Boundary Club","","https://www.thenetworkerhub.com/organisers/sussex-cricket-the-boundary-club?email=info%40sussexcricket.co.uk&intent=organiser-claim&auth=register&next=%2Forganiser%2F%3Fonboard%3Dclaim"
info@sussex.mortgage,"Sussex Mortgages","","https://www.thenetworkerhub.com/organisers/sussex-mortgages?email=info%40sussex.mortgage&intent=organiser-claim&auth=register&next=%2Forganiser%2F%3Fonboard%3Dclaim"
requisition@swan.io,"SWAN","","https://www.thenetworkerhub.com/organisers/swan?email=requisition%40swan.io&intent=organiser-claim&auth=register&next=%2Forganiser%2F%3Fonboard%3Dclaim"
swindon@business-buzz.org,"Swindon Buzz","","https://www.thenetworkerhub.com/organisers/swindon-buzz?email=swindon%40business-buzz.org&intent=organiser-claim&auth=register&next=%2Forganiser%2F%3Fonboard%3Dclaim"
lucy.lloyd@kilsbywilliams.com,"SWLBC (South Wales Ladies Business Club)","","https://www.thenetworkerhub.com/organisers/swlbc-south-wales-ladies-business-club?email=lucy.lloyd%40kilsbywilliams.com&intent=organiser-claim&auth=register&next=%2Forganiser%2F%3Fonboard%3Dclaim"
andy@syob.net,"SYOB (Start Your Own Business","","https://www.thenetworkerhub.com/organisers/syob-start-your-own-business?email=andy%40syob.net&intent=organiser-claim&auth=register&next=%2Forganiser%2F%3Fonboard%3Dclaim"
hello@talkbusiness.co.uk,"Talk Business UK","","https://www.thenetworkerhub.com/organisers/talk-business-uk?email=hello%40talkbusiness.co.uk&intent=organiser-claim&auth=register&next=%2Forganiser%2F%3Fonboard%3Dclaim"
info@talknetworking.co.uk,"Talk Networking","","https://www.thenetworkerhub.com/organisers/talk-networking?email=info%40talknetworking.co.uk&intent=organiser-claim&auth=register&next=%2Forganiser%2F%3Fonboard%3Dclaim"
info@tastebudscollective.co.uk,"Tastebuds Collective","","https://www.thenetworkerhub.com/organisers/tastebuds-collective?email=info%40tastebudscollective.co.uk&intent=organiser-claim&auth=register&next=%2Forganiser%2F%3Fonboard%3Dclaim"
vicky@taxenquiryadvice.com,"Tax Enquiry Advice","","https://www.thenetworkerhub.com/organisers/tax-enquiry-advice?email=vicky%40taxenquiryadvice.com&intent=organiser-claim&auth=register&next=%2Forganiser%2F%3Fonboard%3Dclaim"
simon@knibbs.co.uk,"TC (Trusted Contacts)","","https://www.thenetworkerhub.com/organisers/tc-trusted-contacts?email=simon%40knibbs.co.uk&intent=organiser-claim&auth=register&next=%2Forganiser%2F%3Fonboard%3Dclaim"
tanya.nicholls@kentcricket.co.uk,"Team Kent Business Club","","https://www.thenetworkerhub.com/organisers/team-kent-business-club?email=tanya.nicholls%40kentcricket.co.uk&intent=organiser-claim&auth=register&next=%2Forganiser%2F%3Fonboard%3Dclaim"
info@techeast.com,"Tech East","","https://www.thenetworkerhub.com/organisers/tech-east?email=info%40techeast.com&intent=organiser-claim&auth=register&next=%2Forganiser%2F%3Fonboard%3Dclaim"
hello@tedco.org,"Tedco","","https://www.thenetworkerhub.com/organisers/tedco?email=hello%40tedco.org&intent=organiser-claim&auth=register&next=%2Forganiser%2F%3Fonboard%3Dclaim"
catherine@the-networker.co.uk,"Testing Group Email 2","","https://www.thenetworkerhub.com/organisers/testing-group-email-2?email=catherine%40the-networker.co.uk&intent=organiser-claim&auth=register&next=%2Forganiser%2F%3Fonboard%3Dclaim"
hancher249@gmail.com,"testing Single Dates","","https://www.thenetworkerhub.com/organisers/testing-single-dates?email=hancher249%40gmail.com&intent=organiser-claim&auth=register&next=%2Forganiser%2F%3Fonboard%3Dclaim"
enquiries@uklandlordtax.co.uk,"Thandi Nicholls Ltd","","https://www.thenetworkerhub.com/organisers/thandi-nicholls-ltd?email=enquiries%40uklandlordtax.co.uk&intent=organiser-claim&auth=register&next=%2Forganiser%2F%3Fonboard%3Dclaim"
info@theafterworkclub.co.uk,"The After Work Club","","https://www.thenetworkerhub.com/organisers/the-after-work-club?email=info%40theafterworkclub.co.uk&intent=organiser-claim&auth=register&next=%2Forganiser%2F%3Fonboard%3Dclaim"
michael@melvincreative.co.uk,"The Association","","https://www.thenetworkerhub.com/organisers/the-association?email=michael%40melvincreative.co.uk&intent=organiser-claim&auth=register&next=%2Forganiser%2F%3Fonboard%3Dclaim"
pa.joannesumner@theathenanetwork.com,"The Athena Network","","https://www.thenetworkerhub.com/organisers/the-athena-network-2?email=pa.joannesumner%40theathenanetwork.com&intent=organiser-claim&auth=register&next=%2Forganiser%2F%3Fonboard%3Dclaim"
anna.atkinscarter@theathenanetwork.com,"The Athena Network","","https://www.thenetworkerhub.com/organisers/the-athena-network-5?email=anna.atkinscarter%40theathenanetwork.com&intent=organiser-claim&auth=register&next=%2Forganiser%2F%3Fonboard%3Dclaim"
lindsay.mcloughlin@theathenanetwork.com,"The Athena Network","","https://www.thenetworkerhub.com/organisers/the-athena-network-4?email=lindsay.mcloughlin%40theathenanetwork.com&intent=organiser-claim&auth=register&next=%2Forganiser%2F%3Fonboard%3Dclaim"
jacqueline.rogers@theathenanetwork.com,"The Athena Network","","https://www.thenetworkerhub.com/organisers/the-athena-network?email=jacqueline.rogers%40theathenanetwork.com&intent=organiser-claim&auth=register&next=%2Forganiser%2F%3Fonboard%3Dclaim"
joanne.sumner@theathenanetwork.com,"The Athena Network","","https://www.thenetworkerhub.com/organisers/the-athena-network-3?email=joanne.sumner%40theathenanetwork.com&intent=organiser-claim&auth=register&next=%2Forganiser%2F%3Fonboard%3Dclaim"
kate.cherry@theathenanetwork.com,"The Athena Network - Athena Welwyn-Hatfield","","https://www.thenetworkerhub.com/organisers/the-athena-network-athena-welwyn-hatfield?email=kate.cherry%40theathenanetwork.com&intent=organiser-claim&auth=register&next=%2Forganiser%2F%3Fonboard%3Dclaim"
holly.nixon@theathenanetwork.com,"The Athena Network - Warwickshire","","https://www.thenetworkerhub.com/organisers/the-athena-network-warwickshire?email=holly.nixon%40theathenanetwork.com&intent=organiser-claim&auth=register&next=%2Forganiser%2F%3Fonboard%3Dclaim"
debbie.atkins@theathenanetwork.com,"The Athena Network Reading &amp; Henley Region","","https://www.thenetworkerhub.com/organisers/the-athena-network-reading-amp-henley-region?email=debbie.atkins%40theathenanetwork.com&intent=organiser-claim&auth=register&next=%2Forganiser%2F%3Fonboard%3Dclaim"
helen.bantock@theathenanetwork.com,"The Athena Network Richmond","","https://www.thenetworkerhub.com/organisers/the-athena-network-richmond?email=helen.bantock%40theathenanetwork.com&intent=organiser-claim&auth=register&next=%2Forganiser%2F%3Fonboard%3Dclaim"
pjb@boltonservices.co.uk,"The Aylesbury Group (TAG)","","https://www.thenetworkerhub.com/organisers/the-aylesbury-group-tag?email=pjb%40boltonservices.co.uk&intent=organiser-claim&auth=register&next=%2Forganiser%2F%3Fonboard%3Dclaim"
felicia@tben.co.uk,"The Black Economists Network","","https://www.thenetworkerhub.com/organisers/the-black-economists-network?email=felicia%40tben.co.uk&intent=organiser-claim&auth=register&next=%2Forganiser%2F%3Fonboard%3Dclaim"
admin@theblackprofessionals.co.uk,"The Black Professionals","","https://www.thenetworkerhub.com/organisers/the-black-professionals?email=admin%40theblackprofessionals.co.uk&intent=organiser-claim&auth=register&next=%2Forganiser%2F%3Fonboard%3Dclaim"
commercial@southend-united.co.uk,"The Blues Business Club","","https://www.thenetworkerhub.com/organisers/the-blues-business-club?email=commercial%40southend-united.co.uk&intent=organiser-claim&auth=register&next=%2Forganiser%2F%3Fonboard%3Dclaim"
general.enquiries@britishcouncil.org,"The British Council","","https://www.thenetworkerhub.com/organisers/the-british-council?email=general.enquiries%40britishcouncil.org&intent=organiser-claim&auth=register&next=%2Forganiser%2F%3Fonboard%3Dclaim"
info@hcfoundation.org.uk,"The Business Colab","","https://www.thenetworkerhub.com/organisers/the-business-colab?email=info%40hcfoundation.org.uk&intent=organiser-claim&auth=register&next=%2Forganiser%2F%3Fonboard%3Dclaim"
paul@buscomm.co.uk,"The Business Community","","https://www.thenetworkerhub.com/organisers/the-business-community?email=paul%40buscomm.co.uk&intent=organiser-claim&auth=register&next=%2Forganiser%2F%3Fonboard%3Dclaim"
tony@thebchey.net,"The Business Culture HEY","","https://www.thenetworkerhub.com/organisers/the-business-culture-hey?email=tony%40thebchey.net&intent=organiser-claim&auth=register&next=%2Forganiser%2F%3Fonboard%3Dclaim"
support@thebusinessgrowthnetwork.com,"The Business Growth Network","","https://www.thenetworkerhub.com/organisers/the-business-growth-network?email=support%40thebusinessgrowthnetwork.com&intent=organiser-claim&auth=register&next=%2Forganiser%2F%3Fonboard%3Dclaim"
thebusinessnestuk@gmail.com,"The Business Nest","","https://www.thenetworkerhub.com/organisers/the-business-nest?email=thebusinessnestuk%40gmail.com&intent=organiser-claim&auth=register&next=%2Forganiser%2F%3Fonboard%3Dclaim"
helen@business-network.co.uk,"The Business Network",", plus The Business Network - Chester","https://www.thenetworkerhub.com/organisers/the-business-network?email=helen%40business-network.co.uk&intent=organiser-claim&auth=register&next=%2Forganiser%2F%3Fonboard%3Dclaim"
info@armaghbusinessnetwork.co.uk,"The Business Network - Armagh","","https://www.thenetworkerhub.com/organisers/the-business-network-armagh?email=info%40armaghbusinessnetwork.co.uk&intent=organiser-claim&auth=register&next=%2Forganiser%2F%3Fonboard%3Dclaim"
simon@business-network.co.uk,"The Business Network - Birmingham","","https://www.thenetworkerhub.com/organisers/the-business-network-birmingham?email=simon%40business-network.co.uk&intent=organiser-claim&auth=register&next=%2Forganiser%2F%3Fonboard%3Dclaim"
alan@business-network.co.uk,"The Business Network - Liverpool","","https://www.thenetworkerhub.com/organisers/the-business-network-liverpool?email=alan%40business-network.co.uk&intent=organiser-claim&auth=register&next=%2Forganiser%2F%3Fonboard%3Dclaim"
amy@business-network.co.uk,"The Business Network - South Humberside","","https://www.thenetworkerhub.com/organisers/the-business-network-south-humberside?email=amy%40business-network.co.uk&intent=organiser-claim&auth=register&next=%2Forganiser%2F%3Fonboard%3Dclaim"
glenn@business-network.co.uk,"The Business Network Birmingham","","https://www.thenetworkerhub.com/organisers/the-business-network-birmingham-2?email=glenn%40business-network.co.uk&intent=organiser-claim&auth=register&next=%2Forganiser%2F%3Fonboard%3Dclaim"
karen@bncel.co.uk,"The Business Network Central & East Lancashire","","https://www.thenetworkerhub.com/organisers/the-business-network-central-east-lancashire?email=karen%40bncel.co.uk&intent=organiser-claim&auth=register&next=%2Forganiser%2F%3Fonboard%3Dclaim"
rosjones@businesswellbeing.club,"The Business Wellbeing Club","","https://www.thenetworkerhub.com/organisers/the-business-wellbeing-club?email=rosjones%40businesswellbeing.club&intent=organiser-claim&auth=register&next=%2Forganiser%2F%3Fonboard%3Dclaim"
mandie@thebusinesswomansnetwork.co.uk,"The Business Woman's Network","","https://www.thenetworkerhub.com/organisers/the-business-woman-s-network?email=mandie%40thebusinesswomansnetwork.co.uk&intent=organiser-claim&auth=register&next=%2Forganiser%2F%3Fonboard%3Dclaim"
contact@thecareersedit.com,"The Careers Edit","","https://www.thenetworkerhub.com/organisers/the-careers-edit?email=contact%40thecareersedit.com&intent=organiser-claim&auth=register&next=%2Forganiser%2F%3Fonboard%3Dclaim"
chessocialites@gmail.com,"The Cheshire Club","","https://www.thenetworkerhub.com/organisers/the-cheshire-club?email=chessocialites%40gmail.com&intent=organiser-claim&auth=register&next=%2Forganiser%2F%3Fonboard%3Dclaim"
membership@theconduit.com,"The Conduit","","https://www.thenetworkerhub.com/organisers/the-conduit?email=membership%40theconduit.com&intent=organiser-claim&auth=register&next=%2Forganiser%2F%3Fonboard%3Dclaim"
help@cbi.org.uk,"The Confederation of British Industry","","https://www.thenetworkerhub.com/organisers/the-confederation-of-british-industry?email=help%40cbi.org.uk&intent=organiser-claim&auth=register&next=%2Forganiser%2F%3Fonboard%3Dclaim"
east.england@cbi.org.uk,"The Confederation of British Industry  - East of England","","https://www.thenetworkerhub.com/organisers/the-confederation-of-british-industry-east-of-england?email=east.england%40cbi.org.uk&intent=organiser-claim&auth=register&next=%2Forganiser%2F%3Fonboard%3Dclaim"
london@cbi.org.uk,"The Confederation of British Industry  - London","","https://www.thenetworkerhub.com/organisers/the-confederation-of-british-industry-london?email=london%40cbi.org.uk&intent=organiser-claim&auth=register&next=%2Forganiser%2F%3Fonboard%3Dclaim"
midlands@cbi.org.uk,"The Confederation of British Industry  - Midlands - Birmingham","","https://www.thenetworkerhub.com/organisers/the-confederation-of-british-industry-midlands-birmingham?email=midlands%40cbi.org.uk&intent=organiser-claim&auth=register&next=%2Forganiser%2F%3Fonboard%3Dclaim"
north.west@cbi.org.uk,"The Confederation of British Industry  - North West","","https://www.thenetworkerhub.com/organisers/the-confederation-of-british-industry-north-west?email=north.west%40cbi.org.uk&intent=organiser-claim&auth=register&next=%2Forganiser%2F%3Fonboard%3Dclaim"
scotland@cbi.org.uk,"The Confederation of British Industry  - Scotland","","https://www.thenetworkerhub.com/organisers/the-confederation-of-british-industry-scotland?email=scotland%40cbi.org.uk&intent=organiser-claim&auth=register&next=%2Forganiser%2F%3Fonboard%3Dclaim"
south.west@cbi.org.uk,"The Confederation of British Industry  - South West","","https://www.thenetworkerhub.com/organisers/the-confederation-of-british-industry-south-west?email=south.west%40cbi.org.uk&intent=organiser-claim&auth=register&next=%2Forganiser%2F%3Fonboard%3Dclaim"
wales@cbi.org.uk,"The Confederation of British Industry  - Wales","","https://www.thenetworkerhub.com/organisers/the-confederation-of-british-industry-wales?email=wales%40cbi.org.uk&intent=organiser-claim&auth=register&next=%2Forganiser%2F%3Fonboard%3Dclaim"
yorkshire.humber@cbi.org.uk,"The Confederation of British Industry  - Yorkshire & Humber","","https://www.thenetworkerhub.com/organisers/the-confederation-of-british-industry-yorkshire-humber?email=yorkshire.humber%40cbi.org.uk&intent=organiser-claim&auth=register&next=%2Forganiser%2F%3Fonboard%3Dclaim"
northern.ireland@cbi.org.uk,"The Confederation of British Industry  -Northern Ireland","","https://www.thenetworkerhub.com/organisers/the-confederation-of-british-industry-northern-ireland?email=northern.ireland%40cbi.org.uk&intent=organiser-claim&auth=register&next=%2Forganiser%2F%3Fonboard%3Dclaim"
events@madewithmaturity.com,"The Cream Tea Club","","https://www.thenetworkerhub.com/organisers/the-cream-tea-club?email=events%40madewithmaturity.com&intent=organiser-claim&auth=register&next=%2Forganiser%2F%3Fonboard%3Dclaim"
info@thecreativecollectivenetworking.co.uk,"The Creative Collective","","https://www.thenetworkerhub.com/organisers/the-creative-collective?email=info%40thecreativecollectivenetworking.co.uk&intent=organiser-claim&auth=register&next=%2Forganiser%2F%3Fonboard%3Dclaim"
info@thecuriousowl.co.uk,"The Curious Owl","","https://www.thenetworkerhub.com/organisers/the-curious-owl?email=info%40thecuriousowl.co.uk&intent=organiser-claim&auth=register&next=%2Forganiser%2F%3Fonboard%3Dclaim"
hello@thecurryclubs.co.uk,"The Curry Club","","https://www.thenetworkerhub.com/organisers/the-curry-club?email=hello%40thecurryclubs.co.uk&intent=organiser-claim&auth=register&next=%2Forganiser%2F%3Fonboard%3Dclaim"
info@thedivorcecompany.co.uk,"The Divorce Company","","https://www.thenetworkerhub.com/organisers/the-divorce-company?email=info%40thedivorcecompany.co.uk&intent=organiser-claim&auth=register&next=%2Forganiser%2F%3Fonboard%3Dclaim"
chairman@doyleclub.org,"The Doyle Club","","https://www.thenetworkerhub.com/organisers/the-doyle-club?email=chairman%40doyleclub.org&intent=organiser-claim&auth=register&next=%2Forganiser%2F%3Fonboard%3Dclaim"
michelle@imsinternet.co.uk,"The Empowering Entrepreneur","","https://www.thenetworkerhub.com/organisers/the-empowering-entrepreneur?email=michelle%40imsinternet.co.uk&intent=organiser-claim&auth=register&next=%2Forganiser%2F%3Fonboard%3Dclaim"
info@thefarmernetwork.co.uk,"The Farmer Network - Cumbria","","https://www.thenetworkerhub.com/organisers/the-farmer-network-cumbria?email=info%40thefarmernetwork.co.uk&intent=organiser-claim&auth=register&next=%2Forganiser%2F%3Fonboard%3Dclaim"
northumberland@thefarmernetwork.co.uk,"The Farmer Network - Northumberland","","https://www.thenetworkerhub.com/organisers/the-farmer-network-northumberland?email=northumberland%40thefarmernetwork.co.uk&intent=organiser-claim&auth=register&next=%2Forganiser%2F%3Fonboard%3Dclaim"
info@fpb.org,"The Forum of Private Businesses","","https://www.thenetworkerhub.com/organisers/the-forum-of-private-businesses?email=info%40fpb.org&intent=organiser-claim&auth=register&next=%2Forganiser%2F%3Fonboard%3Dclaim"
albert@thefoundersnetwork.co.uk,"The Founders Network","","https://www.thenetworkerhub.com/organisers/the-founders-network?email=albert%40thefoundersnetwork.co.uk&intent=organiser-claim&auth=register&next=%2Forganiser%2F%3Fonboard%3Dclaim"
info@thegiraffenetwork.co.uk,"The Giraffe Network","","https://www.thenetworkerhub.com/organisers/the-giraffe-network?email=info%40thegiraffenetwork.co.uk&intent=organiser-claim&auth=register&next=%2Forganiser%2F%3Fonboard%3Dclaim"
info@thegolfconnection.co.uk,"The Golf Connection","","https://www.thenetworkerhub.com/organisers/the-golf-connection?email=info%40thegolfconnection.co.uk&intent=organiser-claim&auth=register&next=%2Forganiser%2F%3Fonboard%3Dclaim"
nicky@thegrowthcommunity.co.uk,"The Growth Community","","https://www.thenetworkerhub.com/organisers/the-growth-community?email=nicky%40thegrowthcommunity.co.uk&intent=organiser-claim&auth=register&next=%2Forganiser%2F%3Fonboard%3Dclaim"
talktous@thegrowthhub.biz,"The Growth Hub","","https://www.thenetworkerhub.com/organisers/the-growth-hub?email=talktous%40thegrowthhub.biz&intent=organiser-claim&auth=register&next=%2Forganiser%2F%3Fonboard%3Dclaim"
info@thehrnetworkem.co.uk,"The HR Network","","https://www.thenetworkerhub.com/organisers/the-hr-network?email=info%40thehrnetworkem.co.uk&intent=organiser-claim&auth=register&next=%2Forganiser%2F%3Fonboard%3Dclaim"
events@somersetcountycc.co.uk,"The In-Field Business Club Somerset County CC","","https://www.thenetworkerhub.com/organisers/the-in-field-business-club-somerset-county-cc?email=events%40somersetcountycc.co.uk&intent=organiser-claim&auth=register&next=%2Forganiser%2F%3Fonboard%3Dclaim"
membership@iod.com,"The Institute of Directors","","https://www.thenetworkerhub.com/organisers/the-institute-of-directors?email=membership%40iod.com&intent=organiser-claim&auth=register&next=%2Forganiser%2F%3Fonboard%3Dclaim"
iod.scotland@iod.com,"The Institute of Directors - Aberdeen & Grampian","","https://www.thenetworkerhub.com/organisers/the-institute-of-directors-aberdeen-grampian?email=iod.scotland%40iod.com&intent=organiser-claim&auth=register&next=%2Forganiser%2F%3Fonboard%3Dclaim"
iod.south@iod.com,"The Institute of Directors - Berkshire","","https://www.thenetworkerhub.com/organisers/the-institute-of-directors-berkshire?email=iod.south%40iod.com&intent=organiser-claim&auth=register&next=%2Forganiser%2F%3Fonboard%3Dclaim"
iod.westmidlands@iod.com,"The Institute of Directors - Black Country & Staffordshire","","https://www.thenetworkerhub.com/organisers/the-institute-of-directors-black-country-staffordshire?email=iod.westmidlands%40iod.com&intent=organiser-claim&auth=register&next=%2Forganiser%2F%3Fonboard%3Dclaim"
east@iod.com,"The Institute of Directors - Cambridgeshire","","https://www.thenetworkerhub.com/organisers/the-institute-of-directors-cambridgeshire?email=east%40iod.com&intent=organiser-claim&auth=register&next=%2Forganiser%2F%3Fonboard%3Dclaim"
iod.northwest@iod.com,"The Institute of Directors - Cheshire","","https://www.thenetworkerhub.com/organisers/the-institute-of-directors-cheshire?email=iod.northwest%40iod.com&intent=organiser-claim&auth=register&next=%2Forganiser%2F%3Fonboard%3Dclaim"
iod.eastmidlands@iod.com,"The Institute of Directors - Derbyshire & Nottinghamshire","","https://www.thenetworkerhub.com/organisers/the-institute-of-directors-derbyshire-nottinghamshire?email=iod.eastmidlands%40iod.com&intent=organiser-claim&auth=register&next=%2Forganiser%2F%3Fonboard%3Dclaim"
iod.yorkshire@iod.com,"The Institute of Directors - East Yorkshire","","https://www.thenetworkerhub.com/organisers/the-institute-of-directors-east-yorkshire?email=iod.yorkshire%40iod.com&intent=organiser-claim&auth=register&next=%2Forganiser%2F%3Fonboard%3Dclaim"
memberrelations@iod.com,"The Institute of Directors - Hampshire & Isle of Wight","","https://www.thenetworkerhub.com/organisers/the-institute-of-directors-hampshire-isle-of-wight?email=memberrelations%40iod.com&intent=organiser-claim&auth=register&next=%2Forganiser%2F%3Fonboard%3Dclaim"
london@iod.com,"The Institute of Directors - London","","https://www.thenetworkerhub.com/organisers/the-institute-of-directors-london?email=london%40iod.com&intent=organiser-claim&auth=register&next=%2Forganiser%2F%3Fonboard%3Dclaim"
joanna.price@iod.com,"The Institute of Directors - Mid Wales","","https://www.thenetworkerhub.com/organisers/the-institute-of-directors-mid-wales?email=joanna.price%40iod.com&intent=organiser-claim&auth=register&next=%2Forganiser%2F%3Fonboard%3Dclaim"
iod.southwest@iod.com,"The Institute of Directors - South West","","https://www.thenetworkerhub.com/organisers/the-institute-of-directors-south-west?email=iod.southwest%40iod.com&intent=organiser-claim&auth=register&next=%2Forganiser%2F%3Fonboard%3Dclaim"
chelsea.brennan@iod.com,"The Institute of Directors -Northern Ireland","","https://www.thenetworkerhub.com/organisers/the-institute-of-directors-northern-ireland?email=chelsea.brennan%40iod.com&intent=organiser-claim&auth=register&next=%2Forganiser%2F%3Fonboard%3Dclaim"
britishasianbusiness@iod.com,"The Institute of Directors British Asian Business Group","","https://www.thenetworkerhub.com/organisers/the-institute-of-directors-british-asian-business-group?email=britishasianbusiness%40iod.com&intent=organiser-claim&auth=register&next=%2Forganiser%2F%3Fonboard%3Dclaim"
info@theluxurynetwork.co.uk,"The Luxury Network","","https://www.thenetworkerhub.com/organisers/the-luxury-network?email=info%40theluxurynetwork.co.uk&intent=organiser-claim&auth=register&next=%2Forganiser%2F%3Fonboard%3Dclaim"
joe@themarketingmeetup.com,"The Marketing Meetup","","https://www.thenetworkerhub.com/organisers/the-marketing-meetup?email=joe%40themarketingmeetup.com&intent=organiser-claim&auth=register&next=%2Forganiser%2F%3Fonboard%3Dclaim"
tom@themusselclub.co.uk,"The Mussel Club","","https://www.thenetworkerhub.com/organisers/the-mussel-club?email=tom%40themusselclub.co.uk&intent=organiser-claim&auth=register&next=%2Forganiser%2F%3Fonboard%3Dclaim"
info@thenetwork-group.com,"The Network Group","","https://www.thenetworkerhub.com/organisers/the-network-group?email=info%40thenetwork-group.com&intent=organiser-claim&auth=register&next=%2Forganiser%2F%3Fonboard%3Dclaim"
nina@nwbn.uk,"The North Wales Business Network","","https://www.thenetworkerhub.com/organisers/the-north-wales-business-network?email=nina%40nwbn.uk&intent=organiser-claim&auth=register&next=%2Forganiser%2F%3Fonboard%3Dclaim"
info@thenorthernaffinity.co.uk,"The Northern Affinity","","https://www.thenetworkerhub.com/organisers/the-northern-affinity?email=info%40thenorthernaffinity.co.uk&intent=organiser-claim&auth=register&next=%2Forganiser%2F%3Fonboard%3Dclaim"
sales@omnilocalbusinessnetworking.com,"The Omni Business Development Network","","https://www.thenetworkerhub.com/organisers/the-omni-business-development-network?email=sales%40omnilocalbusinessnetworking.com&intent=organiser-claim&auth=register&next=%2Forganiser%2F%3Fonboard%3Dclaim"
info@theownersnetwork.co.uk,"The Owners' Network (TON)","","https://www.thenetworkerhub.com/organisers/the-owners-network-ton?email=info%40theownersnetwork.co.uk&intent=organiser-claim&auth=register&next=%2Forganiser%2F%3Fonboard%3Dclaim"
matt@thepartypigs.co.uk,"The Party Pigs","","https://www.thenetworkerhub.com/organisers/the-party-pigs?email=matt%40thepartypigs.co.uk&intent=organiser-claim&auth=register&next=%2Forganiser%2F%3Fonboard%3Dclaim"
elaine@discplus.health,"The Perfect Health Hub","","https://www.thenetworkerhub.com/organisers/the-perfect-health-hub?email=elaine%40discplus.health&intent=organiser-claim&auth=register&next=%2Forganiser%2F%3Fonboard%3Dclaim"
info@the-plan-network.co.uk,"The Plan Business Networking","","https://www.thenetworkerhub.com/organisers/the-plan-business-networking?email=info%40the-plan-network.co.uk&intent=organiser-claim&auth=register&next=%2Forganiser%2F%3Fonboard%3Dclaim"
support@therecruitmentnetwork.com,"The Recruitment Network","","https://www.thenetworkerhub.com/organisers/the-recruitment-network?email=support%40therecruitmentnetwork.com&intent=organiser-claim&auth=register&next=%2Forganiser%2F%3Fonboard%3Dclaim"
info@bitcni.org.uk,"The Responsible Business Network Northern Ireland","","https://www.thenetworkerhub.com/organisers/the-responsible-business-network-northern-ireland?email=info%40bitcni.org.uk&intent=organiser-claim&auth=register&next=%2Forganiser%2F%3Fonboard%3Dclaim"
admin@thesamphireclub.com,"The Samphire Club","","https://www.thenetworkerhub.com/organisers/the-samphire-club?email=admin%40thesamphireclub.com&intent=organiser-claim&auth=register&next=%2Forganiser%2F%3Fonboard%3Dclaim"
alan@liquidindulgence.co.uk,"The Share Network Group","","https://www.thenetworkerhub.com/organisers/the-share-network-group?email=alan%40liquidindulgence.co.uk&intent=organiser-claim&auth=register&next=%2Forganiser%2F%3Fonboard%3Dclaim"
jfgwells57@gmail.com,"The Sun Network","","https://www.thenetworkerhub.com/organisers/the-sun-network?email=jfgwells57%40gmail.com&intent=organiser-claim&auth=register&next=%2Forganiser%2F%3Fonboard%3Dclaim"
team@theteamnetwork.co.uk,"The Team Network","","https://www.thenetworkerhub.com/organisers/the-team-network?email=team%40theteamnetwork.co.uk&intent=organiser-claim&auth=register&next=%2Forganiser%2F%3Fonboard%3Dclaim"
info@thetribenetwork.co.uk,"The Tribe Network","","https://www.thenetworkerhub.com/organisers/the-tribe-network?email=info%40thetribenetwork.co.uk&intent=organiser-claim&auth=register&next=%2Forganiser%2F%3Fonboard%3Dclaim"
info@thetrustnetwork.org.uk,"The Trust Network","","https://www.thenetworkerhub.com/organisers/the-trust-network?email=info%40thetrustnetwork.org.uk&intent=organiser-claim&auth=register&next=%2Forganiser%2F%3Fonboard%3Dclaim"
hello@thewealthywomancompany.co.uk,"The Wealthy Woman Company","","https://www.thenetworkerhub.com/organisers/the-wealthy-woman-company?email=hello%40thewealthywomancompany.co.uk&intent=organiser-claim&auth=register&next=%2Forganiser%2F%3Fonboard%3Dclaim"
weecarpetshoppe@aol.com,"The Wee Carpet Shoppe","","https://www.thenetworkerhub.com/organisers/the-wee-carpet-shoppe?email=weecarpetshoppe%40aol.com&intent=organiser-claim&auth=register&next=%2Forganiser%2F%3Fonboard%3Dclaim"
info@thewoodpeckerproject.co.uk,"The Woodpecker Project","","https://www.thenetworkerhub.com/organisers/the-woodpecker-project?email=info%40thewoodpeckerproject.co.uk&intent=organiser-claim&auth=register&next=%2Forganiser%2F%3Fonboard%3Dclaim"
constructorsclerk@constructorscompany.co.uk,"The Worshipful Company of Constructors (WCC)","","https://www.thenetworkerhub.com/organisers/the-worshipful-company-of-constructors-wcc?email=constructorsclerk%40constructorscompany.co.uk&intent=organiser-claim&auth=register&next=%2Forganiser%2F%3Fonboard%3Dclaim"
geoff@theyorkshiremafia.com,"The Yorkshire Mafia","","https://www.thenetworkerhub.com/organisers/the-yorkshire-mafia?email=geoff%40theyorkshiremafia.com&intent=organiser-claim&auth=register&next=%2Forganiser%2F%3Fonboard%3Dclaim"
events@theyorkshiremafia.com,"The Yorkshire Mafia","","https://www.thenetworkerhub.com/organisers/the-yorkshire-mafia-2?email=events%40theyorkshiremafia.com&intent=organiser-claim&auth=register&next=%2Forganiser%2F%3Fonboard%3Dclaim"
sue@catchdesigns.co.uk,"Thirsty Thursday","","https://www.thenetworkerhub.com/organisers/thirsty-thursday?email=sue%40catchdesigns.co.uk&intent=organiser-claim&auth=register&next=%2Forganiser%2F%3Fonboard%3Dclaim"
info@thirstythursdaystokesley.co.uk,"Thirsty Thursdays","","https://www.thenetworkerhub.com/organisers/thirsty-thursdays?email=info%40thirstythursdaystokesley.co.uk&intent=organiser-claim&auth=register&next=%2Forganiser%2F%3Fonboard%3Dclaim"
clubhouse@threebridgesfc.co.uk,"Three Bridges Football Club 200","","https://www.thenetworkerhub.com/organisers/three-bridges-football-club-200?email=clubhouse%40threebridgesfc.co.uk&intent=organiser-claim&auth=register&next=%2Forganiser%2F%3Fonboard%3Dclaim"
hello@timstraining.co.uk,"Tim’s Training","","https://www.thenetworkerhub.com/organisers/tim-s-training?email=hello%40timstraining.co.uk&intent=organiser-claim&auth=register&next=%2Forganiser%2F%3Fonboard%3Dclaim"
toastnetworking@gmail.com,"Toast Networking","","https://www.thenetworkerhub.com/organisers/toast-networking?email=toastnetworking%40gmail.com&intent=organiser-claim&auth=register&next=%2Forganiser%2F%3Fonboard%3Dclaim"
hello@topnetworking.co.uk,"TOP Networking","","https://www.thenetworkerhub.com/organisers/top-networking?email=hello%40topnetworking.co.uk&intent=organiser-claim&auth=register&next=%2Forganiser%2F%3Fonboard%3Dclaim"
info@torquelaw.co.uk,"Torque Law","","https://www.thenetworkerhub.com/organisers/torque-law?email=info%40torquelaw.co.uk&intent=organiser-claim&auth=register&next=%2Forganiser%2F%3Fonboard%3Dclaim"
liz@totalbusinessnetwork.com,"Total Business Network","","https://www.thenetworkerhub.com/organisers/total-business-network?email=liz%40totalbusinessnetwork.com&intent=organiser-claim&auth=register&next=%2Forganiser%2F%3Fonboard%3Dclaim"
treehousetribenetworking@gmail.com,"Treehouse Tribe Networking","","https://www.thenetworkerhub.com/organisers/treehouse-tribe-networking?email=treehousetribenetworking%40gmail.com&intent=organiser-claim&auth=register&next=%2Forganiser%2F%3Fonboard%3Dclaim"
sean@trustedbusinesscommunity.com,"Trusted Business Community","","https://www.thenetworkerhub.com/organisers/trusted-business-community?email=sean%40trustedbusinesscommunity.com&intent=organiser-claim&auth=register&next=%2Forganiser%2F%3Fonboard%3Dclaim"
contact@turfsuppliesessex.co.uk,"Turf Supplies Essex","","https://www.thenetworkerhub.com/organisers/turf-supplies-essex?email=contact%40turfsuppliesessex.co.uk&intent=organiser-claim&auth=register&next=%2Forganiser%2F%3Fonboard%3Dclaim"
lettings@turnerscott.co.uk,"Turner Scott Lettings","","https://www.thenetworkerhub.com/organisers/turner-scott-lettings?email=lettings%40turnerscott.co.uk&intent=organiser-claim&auth=register&next=%2Forganiser%2F%3Fonboard%3Dclaim"
hello@blackcommsnetwork.co.uk,"UK Black Comms Network","","https://www.thenetworkerhub.com/organisers/uk-black-comms-network?email=hello%40blackcommsnetwork.co.uk&intent=organiser-claim&auth=register&next=%2Forganiser%2F%3Fonboard%3Dclaim"
info@ukcurryconnect.co.uk,"UK Curry Connect","","https://www.thenetworkerhub.com/organisers/uk-curry-connect?email=info%40ukcurryconnect.co.uk&intent=organiser-claim&auth=register&next=%2Forganiser%2F%3Fonboard%3Dclaim"
contact@uknetworker.co.uk,"UKNetworker","","https://www.thenetworkerhub.com/organisers/uknetworker?email=contact%40uknetworker.co.uk&intent=organiser-claim&auth=register&next=%2Forganiser%2F%3Fonboard%3Dclaim"
keith.griffiths@built-environment-networking.com,"UKREiiF (The UK's Real Estate Investment & Infrastructure Forum)","","https://www.thenetworkerhub.com/organisers/ukreiif-the-uk-s-real-estate-investment-infrastructure-forum?email=keith.griffiths%40built-environment-networking.com&intent=organiser-claim&auth=register&next=%2Forganiser%2F%3Fonboard%3Dclaim"
info@universal-safety.co.uk,"Universal Safety Practitioners","","https://www.thenetworkerhub.com/organisers/universal-safety-practitioners?email=info%40universal-safety.co.uk&intent=organiser-claim&auth=register&next=%2Forganiser%2F%3Fonboard%3Dclaim"
s.noble@electrofitsolutions.org,"UNO - BNI Dunstable","","https://www.thenetworkerhub.com/organisers/uno-bni-dunstable?email=s.noble%40electrofitsolutions.org&intent=organiser-claim&auth=register&next=%2Forganiser%2F%3Fonboard%3Dclaim"
tania@beheardbebravebefree.com,"V N Platform Consultancy","","https://www.thenetworkerhub.com/organisers/v-n-platform-consultancy?email=tania%40beheardbebravebefree.com&intent=organiser-claim&auth=register&next=%2Forganiser%2F%3Fonboard%3Dclaim"
alextana1950@gmail.com,"Vectis Business Link","","https://www.thenetworkerhub.com/organisers/vectis-business-link?email=alextana1950%40gmail.com&intent=organiser-claim&auth=register&next=%2Forganiser%2F%3Fonboard%3Dclaim"
hello@ventersproperty.com,"Venters Property","","https://www.thenetworkerhub.com/organisers/venters-property?email=hello%40ventersproperty.com&intent=organiser-claim&auth=register&next=%2Forganiser%2F%3Fonboard%3Dclaim"
enquiries@vhsfletchers.co.uk,"VHS Fletchers Solicitors","","https://www.thenetworkerhub.com/organisers/vhs-fletchers-solicitors?email=enquiries%40vhsfletchers.co.uk&intent=organiser-claim&auth=register&next=%2Forganiser%2F%3Fonboard%3Dclaim"
marc@emjayconsultancy.com,"Virtual Power Networking","","https://www.thenetworkerhub.com/organisers/virtual-power-networking?email=marc%40emjayconsultancy.com&intent=organiser-claim&auth=register&next=%2Forganiser%2F%3Fonboard%3Dclaim"
biz@visitnorthyorkshire.com,"Visit North Yorkshire","","https://www.thenetworkerhub.com/organisers/visit-north-yorkshire?email=biz%40visitnorthyorkshire.com&intent=organiser-claim&auth=register&next=%2Forganiser%2F%3Fonboard%3Dclaim"
business-events@visitbritain.org,"VisitBritain Business Events","","https://www.thenetworkerhub.com/organisers/visitbritain-business-events?email=business-events%40visitbritain.org&intent=organiser-claim&auth=register&next=%2Forganiser%2F%3Fonboard%3Dclaim"
ian@virtualnonexecs.com,"VNXD","","https://www.thenetworkerhub.com/organisers/vnxd?email=ian%40virtualnonexecs.com&intent=organiser-claim&auth=register&next=%2Forganiser%2F%3Fonboard%3Dclaim"
info@waleshrnetwork.cymru,"Waleshrnetwork.cymru","","https://www.thenetworkerhub.com/organisers/waleshrnetwork-cymru?email=info%40waleshrnetwork.cymru&intent=organiser-claim&auth=register&next=%2Forganiser%2F%3Fonboard%3Dclaim"
bill.stevenson@wamstaxltd.com,"WAMS Tax Ltd","","https://www.thenetworkerhub.com/organisers/wams-tax-ltd?email=bill.stevenson%40wamstaxltd.com&intent=organiser-claim&auth=register&next=%2Forganiser%2F%3Fonboard%3Dclaim"
warwickfinancesoc@gmail.com,"Warwick Finance Societies","","https://www.thenetworkerhub.com/organisers/warwick-finance-societies?email=warwickfinancesoc%40gmail.com&intent=organiser-claim&auth=register&next=%2Forganiser%2F%3Fonboard%3Dclaim"
contact@wavestaffing.co.uk,"Wave Staffing","","https://www.thenetworkerhub.com/organisers/wave-staffing?email=contact%40wavestaffing.co.uk&intent=organiser-claim&auth=register&next=%2Forganiser%2F%3Fonboard%3Dclaim"
enquiries@waymanandlong.co.uk,"Wayman & Long Solicitors","","https://www.thenetworkerhub.com/organisers/wayman-long-solicitors?email=enquiries%40waymanandlong.co.uk&intent=organiser-claim&auth=register&next=%2Forganiser%2F%3Fonboard%3Dclaim"
enquiries@wearecatalyst.org,"We Are Catalyst","","https://www.thenetworkerhub.com/organisers/we-are-catalyst?email=enquiries%40wearecatalyst.org&intent=organiser-claim&auth=register&next=%2Forganiser%2F%3Fonboard%3Dclaim"
tracey@weareinbusiness.co.uk,"We are In Business","","https://www.thenetworkerhub.com/organisers/we-are-in-business?email=tracey%40weareinbusiness.co.uk&intent=organiser-claim&auth=register&next=%2Forganiser%2F%3Fonboard%3Dclaim"
claire@wearewakefield.org.uk,"We Are Wakefield","","https://www.thenetworkerhub.com/organisers/we-are-wakefield?email=claire%40wearewakefield.org.uk&intent=organiser-claim&auth=register&next=%2Forganiser%2F%3Fonboard%3Dclaim"
admin@webx.org.com,"WEBX (Weymouth Business Exchange)","","https://www.thenetworkerhub.com/organisers/webx-weymouth-business-exchange?email=admin%40webx.org.com&intent=organiser-claim&auth=register&next=%2Forganiser%2F%3Fonboard%3Dclaim"
meetings@wednesdayclub.org.uk,"Wednesday Club","","https://www.thenetworkerhub.com/organisers/wednesday-club?email=meetings%40wednesdayclub.org.uk&intent=organiser-claim&auth=register&next=%2Forganiser%2F%3Fonboard%3Dclaim"
hello@wedoscotland.com,"WeDo Scotland","","https://www.thenetworkerhub.com/organisers/wedo-scotland?email=hello%40wedoscotland.com&intent=organiser-claim&auth=register&next=%2Forganiser%2F%3Fonboard%3Dclaim"
marti@weebitsocial.com,"Wee Bit Social","","https://www.thenetworkerhub.com/organisers/wee-bit-social?email=marti%40weebitsocial.com&intent=organiser-claim&auth=register&next=%2Forganiser%2F%3Fonboard%3Dclaim"
lwbusinessnetwork@gmail.com,"Wensleydale Business Network","","https://www.thenetworkerhub.com/organisers/wensleydale-business-network?email=lwbusinessnetwork%40gmail.com&intent=organiser-claim&auth=register&next=%2Forganiser%2F%3Fonboard%3Dclaim"
beverley.holmes@wnychamber.co.uk,"West & North Yorkshire Chamber of Commerce","","https://www.thenetworkerhub.com/organisers/west-north-yorkshire-chamber-of-commerce?email=beverley.holmes%40wnychamber.co.uk&intent=organiser-claim&auth=register&next=%2Forganiser%2F%3Fonboard%3Dclaim"
team@westminsterbc.org.uk,"Westminster Business Council","","https://www.thenetworkerhub.com/organisers/westminster-business-council?email=team%40westminsterbc.org.uk&intent=organiser-claim&auth=register&next=%2Forganiser%2F%3Fonboard%3Dclaim"
info@westwingsolicitors.co.uk,"Westwing Solicitors","","https://www.thenetworkerhub.com/organisers/westwing-solicitors?email=info%40westwingsolicitors.co.uk&intent=organiser-claim&auth=register&next=%2Forganiser%2F%3Fonboard%3Dclaim"
info@weybridgenetwork.co.uk,"Weybridge Independent Network","","https://www.thenetworkerhub.com/organisers/weybridge-independent-network?email=info%40weybridgenetwork.co.uk&intent=organiser-claim&auth=register&next=%2Forganiser%2F%3Fonboard%3Dclaim"
hello@wharfnotaries.com,"Wharf Notaries","","https://www.thenetworkerhub.com/organisers/wharf-notaries?email=hello%40wharfnotaries.com&intent=organiser-claim&auth=register&next=%2Forganiser%2F%3Fonboard%3Dclaim"
hello@mybusinessnetworking.co.uk,"What's My Business","","https://www.thenetworkerhub.com/organisers/what-s-my-business?email=hello%40mybusinessnetworking.co.uk&intent=organiser-claim&auth=register&next=%2Forganiser%2F%3Fonboard%3Dclaim"
admin@whitstablebusinessclub.co.uk,"Whitstable Business Club","","https://www.thenetworkerhub.com/organisers/whitstable-business-club?email=admin%40whitstablebusinessclub.co.uk&intent=organiser-claim&auth=register&next=%2Forganiser%2F%3Fonboard%3Dclaim"
hello@the19thclub.co.uk,"Whole In One","","https://www.thenetworkerhub.com/organisers/whole-in-one?email=hello%40the19thclub.co.uk&intent=organiser-claim&auth=register&next=%2Forganiser%2F%3Fonboard%3Dclaim"
operations@wibf.org.uk,"WIBF (Women in Banking & Finance)","","https://www.thenetworkerhub.com/organisers/wibf-women-in-banking-finance?email=operations%40wibf.org.uk&intent=organiser-claim&auth=register&next=%2Forganiser%2F%3Fonboard%3Dclaim"
wibse@cibse.org,"WiBSE (Women in Building Services Engineering)","","https://www.thenetworkerhub.com/organisers/wibse-women-in-building-services-engineering?email=wibse%40cibse.org&intent=organiser-claim&auth=register&next=%2Forganiser%2F%3Fonboard%3Dclaim"
law@willettsolicitors.com,"Willett & Co Solicitors","","https://www.thenetworkerhub.com/organisers/willett-co-solicitors?email=law%40willettsolicitors.com&intent=organiser-claim&auth=register&next=%2Forganiser%2F%3Fonboard%3Dclaim"
neilmacca@icloud.com,"Willmore Phillips","","https://www.thenetworkerhub.com/organisers/willmore-phillips?email=neilmacca%40icloud.com&intent=organiser-claim&auth=register&next=%2Forganiser%2F%3Fonboard%3Dclaim"
studio@wisharchitects.co.uk,"Wish Architects Ltd","","https://www.thenetworkerhub.com/organisers/wish-architects-ltd?email=studio%40wisharchitects.co.uk&intent=organiser-claim&auth=register&next=%2Forganiser%2F%3Fonboard%3Dclaim"
info@wabf.org.uk,"Woking Asian Business Forum","","https://www.thenetworkerhub.com/organisers/woking-asian-business-forum?email=info%40wabf.org.uk&intent=organiser-claim&auth=register&next=%2Forganiser%2F%3Fonboard%3Dclaim"
admin@womanwho.co.uk,"Woman Who","","https://www.thenetworkerhub.com/organisers/woman-who?email=admin%40womanwho.co.uk&intent=organiser-claim&auth=register&next=%2Forganiser%2F%3Fonboard%3Dclaim"
info@womenahead.co.uk,"Women Ahead Dundee and Angus","","https://www.thenetworkerhub.com/organisers/women-ahead-dundee-and-angus?email=info%40womenahead.co.uk&intent=organiser-claim&auth=register&next=%2Forganiser%2F%3Fonboard%3Dclaim"
hello@women-connect.co.uk,"Women Connect","","https://www.thenetworkerhub.com/organisers/women-connect?email=hello%40women-connect.co.uk&intent=organiser-claim&auth=register&next=%2Forganiser%2F%3Fonboard%3Dclaim"
info@womeninbusinesshull.co.uk,"Women in Business Hull","","https://www.thenetworkerhub.com/organisers/women-in-business-hull?email=info%40womeninbusinesshull.co.uk&intent=organiser-claim&auth=register&next=%2Forganiser%2F%3Fonboard%3Dclaim"
susie.sprigg@wibn.co.uk,"Women In Business Network - Altrincham","","https://www.thenetworkerhub.com/organisers/women-in-business-network-altrincham?email=susie.sprigg%40wibn.co.uk&intent=organiser-claim&auth=register&next=%2Forganiser%2F%3Fonboard%3Dclaim"
louise.yexley@wibn.co.uk,"Women In Business Network - Ampthill & Flitwick Group",", plus Women In Business Network - Bedford, Women In Business Network - Bishop's Stortford, Women In Business Network - Bishop's Stortford Brunch, Women In Business Network - Hertford & Ware, and Women In Business Network - St Albans & Hatfield Group","https://www.thenetworkerhub.com/organisers/women-in-business-network-ampthill-flitwick-group?email=louise.yexley%40wibn.co.uk&intent=organiser-claim&auth=register&next=%2Forganiser%2F%3Fonboard%3Dclaim"
rachel.gilbert@wibn.co.uk,"Women In Business Network - Billericay & Basildon","","https://www.thenetworkerhub.com/organisers/women-in-business-network-billericay-basildon?email=rachel.gilbert%40wibn.co.uk&intent=organiser-claim&auth=register&next=%2Forganiser%2F%3Fonboard%3Dclaim"
ru.howard@wibn.co.uk,"Women In Business Network - Bolton","","https://www.thenetworkerhub.com/organisers/women-in-business-network-bolton?email=ru.howard%40wibn.co.uk&intent=organiser-claim&auth=register&next=%2Forganiser%2F%3Fonboard%3Dclaim"
karan.wilson@wibn.co.uk,"Women In Business Network - Bury St Edmunds","","https://www.thenetworkerhub.com/organisers/women-in-business-network-bury-st-edmunds?email=karan.wilson%40wibn.co.uk&intent=organiser-claim&auth=register&next=%2Forganiser%2F%3Fonboard%3Dclaim"
rhianne.mordecai@wibn.co.uk,"Women In Business Network - Caerphilly","","https://www.thenetworkerhub.com/organisers/women-in-business-network-caerphilly?email=rhianne.mordecai%40wibn.co.uk&intent=organiser-claim&auth=register&next=%2Forganiser%2F%3Fonboard%3Dclaim"
amy.wilkes@wibn.co.uk,"Women In Business Network - Cambridge North","","https://www.thenetworkerhub.com/organisers/women-in-business-network-cambridge-north?email=amy.wilkes%40wibn.co.uk&intent=organiser-claim&auth=register&next=%2Forganiser%2F%3Fonboard%3Dclaim"
katherine.vass@wibn.co.uk,"Women In Business Network - Canterbury","","https://www.thenetworkerhub.com/organisers/women-in-business-network-canterbury?email=katherine.vass%40wibn.co.uk&intent=organiser-claim&auth=register&next=%2Forganiser%2F%3Fonboard%3Dclaim"
rosie.diver@wibn.co.uk,"Women In Business Network - Chester","","https://www.thenetworkerhub.com/organisers/women-in-business-network-chester?email=rosie.diver%40wibn.co.uk&intent=organiser-claim&auth=register&next=%2Forganiser%2F%3Fonboard%3Dclaim"
samantha.lawton@wibn.co.uk,"Women In Business Network - Chiswick","","https://www.thenetworkerhub.com/organisers/women-in-business-network-chiswick?email=samantha.lawton%40wibn.co.uk&intent=organiser-claim&auth=register&next=%2Forganiser%2F%3Fonboard%3Dclaim"
lisa@lkpersonaltraining.co.uk,"Women In Business Network - Hampstead","","https://www.thenetworkerhub.com/organisers/women-in-business-network-hampstead?email=lisa%40lkpersonaltraining.co.uk&intent=organiser-claim&auth=register&next=%2Forganiser%2F%3Fonboard%3Dclaim"
danielle@theheathhomeopath.co.uk,"Women In Business Network - Highgate & Finchley","","https://www.thenetworkerhub.com/organisers/women-in-business-network-highgate-finchley?email=danielle%40theheathhomeopath.co.uk&intent=organiser-claim&auth=register&next=%2Forganiser%2F%3Fonboard%3Dclaim"
ceylan.boyce@wibn.co.uk,"Women In Business Network - London City","","https://www.thenetworkerhub.com/organisers/women-in-business-network-london-city?email=ceylan.boyce%40wibn.co.uk&intent=organiser-claim&auth=register&next=%2Forganiser%2F%3Fonboard%3Dclaim"
vicki.messenger@wibn.co.uk,"Women In Business Network - Marlow","","https://www.thenetworkerhub.com/organisers/women-in-business-network-marlow?email=vicki.messenger%40wibn.co.uk&intent=organiser-claim&auth=register&next=%2Forganiser%2F%3Fonboard%3Dclaim"
helen.clarke@wibn.co.uk,"Women In Business Network - Pendle","","https://www.thenetworkerhub.com/organisers/women-in-business-network-pendle?email=helen.clarke%40wibn.co.uk&intent=organiser-claim&auth=register&next=%2Forganiser%2F%3Fonboard%3Dclaim"
info@womeninhealthcare.co.uk,"Women in Healthcare UK","","https://www.thenetworkerhub.com/organisers/women-in-healthcare-uk?email=info%40womeninhealthcare.co.uk&intent=organiser-claim&auth=register&next=%2Forganiser%2F%3Fonboard%3Dclaim"
publicrelations@womeninproperty.org.uk,"Women in Property","","https://www.thenetworkerhub.com/organisers/women-in-property?email=publicrelations%40womeninproperty.org.uk&intent=organiser-claim&auth=register&next=%2Forganiser%2F%3Fonboard%3Dclaim"
j.love@gardiner.com,"Women in Property - Central Scotland","","https://www.thenetworkerhub.com/organisers/women-in-property-central-scotland?email=j.love%40gardiner.com&intent=organiser-claim&auth=register&next=%2Forganiser%2F%3Fonboard%3Dclaim"
antoniadalessio@gilbertstephens.co.uk,"Women in Property - Devon & Cornwall","","https://www.thenetworkerhub.com/organisers/women-in-property-devon-cornwall?email=antoniadalessio%40gilbertstephens.co.uk&intent=organiser-claim&auth=register&next=%2Forganiser%2F%3Fonboard%3Dclaim"
mary@highlandrural.com,"Women in Property - Highlands & Islands","","https://www.thenetworkerhub.com/organisers/women-in-property-highlands-islands?email=mary%40highlandrural.com&intent=organiser-claim&auth=register&next=%2Forganiser%2F%3Fonboard%3Dclaim"
jane.fillis@harrison-drury.com,"Women in Property - Lancashire & Cumbria","","https://www.thenetworkerhub.com/organisers/women-in-property-lancashire-cumbria?email=jane.fillis%40harrison-drury.com&intent=organiser-claim&auth=register&next=%2Forganiser%2F%3Fonboard%3Dclaim"
hannah@pi-sq.co.uk,"Women in Property - Midlands","","https://www.thenetworkerhub.com/organisers/women-in-property-midlands?email=hannah%40pi-sq.co.uk&intent=organiser-claim&auth=register&next=%2Forganiser%2F%3Fonboard%3Dclaim"
rachael@engage5.co.uk,"Women in Property - North West","","https://www.thenetworkerhub.com/organisers/women-in-property-north-west?email=rachael%40engage5.co.uk&intent=organiser-claim&auth=register&next=%2Forganiser%2F%3Fonboard%3Dclaim"
catherine.dryburgh@barratthomes.co.uk,"Women in Property - Northern Scotland","","https://www.thenetworkerhub.com/organisers/women-in-property-northern-scotland?email=catherine.dryburgh%40barratthomes.co.uk&intent=organiser-claim&auth=register&next=%2Forganiser%2F%3Fonboard%3Dclaim"
jade.hawksworth@footanstey.com,"Women in Property - Solent","","https://www.thenetworkerhub.com/organisers/women-in-property-solent?email=jade.hawksworth%40footanstey.com&intent=organiser-claim&auth=register&next=%2Forganiser%2F%3Fonboard%3Dclaim"
rhiannon.peploe-williams@blakemorgan.co.uk,"Women in Property - South Wales","","https://www.thenetworkerhub.com/organisers/women-in-property-south-wales?email=rhiannon.peploe-williams%40blakemorgan.co.uk&intent=organiser-claim&auth=register&next=%2Forganiser%2F%3Fonboard%3Dclaim"
mailus@talkbusiness.com,"Women Talk Business","","https://www.thenetworkerhub.com/organisers/women-talk-business?email=mailus%40talkbusiness.com&intent=organiser-claim&auth=register&next=%2Forganiser%2F%3Fonboard%3Dclaim"
hello@womenwhouk.co.uk,"Women Who Business Networking","","https://www.thenetworkerhub.com/organisers/women-who-business-networking?email=hello%40womenwhouk.co.uk&intent=organiser-claim&auth=register&next=%2Forganiser%2F%3Fonboard%3Dclaim"
hello@womenwd.com,"Women Who Do (WWD)","","https://www.thenetworkerhub.com/organisers/women-who-do-wwd?email=hello%40womenwd.com&intent=organiser-claim&auth=register&next=%2Forganiser%2F%3Fonboard%3Dclaim"
angela@womensbusiness.club,"Women's Business Club","","https://www.thenetworkerhub.com/organisers/women-s-business-club?email=angela%40womensbusiness.club&intent=organiser-claim&auth=register&next=%2Forganiser%2F%3Fonboard%3Dclaim"
zoe@zoejphoenix.com,"Womenpreneur Collective","","https://www.thenetworkerhub.com/organisers/womenpreneur-collective?email=zoe%40zoejphoenix.com&intent=organiser-claim&auth=register&next=%2Forganiser%2F%3Fonboard%3Dclaim"
sharon@womensbusinessnetwork.co.uk,"Womens Business Network Limited","","https://www.thenetworkerhub.com/organisers/womens-business-network-limited?email=sharon%40womensbusinessnetwork.co.uk&intent=organiser-claim&auth=register&next=%2Forganiser%2F%3Fonboard%3Dclaim"
steve@cagedfish.co.uk,"Working Breakfast","","https://www.thenetworkerhub.com/organisers/working-breakfast?email=steve%40cagedfish.co.uk&intent=organiser-claim&auth=register&next=%2Forganiser%2F%3Fonboard%3Dclaim"
boxoffice@wtm.uk,"Worthing Theatres and Museum","","https://www.thenetworkerhub.com/organisers/worthing-theatres-and-museum?email=boxoffice%40wtm.uk&intent=organiser-claim&auth=register&next=%2Forganiser%2F%3Fonboard%3Dclaim"
susie@zestyproperties.co.uk,"Wrexham Property Meet","","https://www.thenetworkerhub.com/organisers/wrexham-property-meet?email=susie%40zestyproperties.co.uk&intent=organiser-claim&auth=register&next=%2Forganiser%2F%3Fonboard%3Dclaim"
info@wru.wales,"WRU Business Club","","https://www.thenetworkerhub.com/organisers/wru-business-club?email=info%40wru.wales&intent=organiser-claim&auth=register&next=%2Forganiser%2F%3Fonboard%3Dclaim"
discover@xpandmarketing.co.uk,"Xpand Marketing","","https://www.thenetworkerhub.com/organisers/xpand-marketing?email=discover%40xpandmarketing.co.uk&intent=organiser-claim&auth=register&next=%2Forganiser%2F%3Fonboard%3Dclaim"
mummyonabreak@outlook.com,"YaaMas Networking","","https://www.thenetworkerhub.com/organisers/yaamas-networking?email=mummyonabreak%40outlook.com&intent=organiser-claim&auth=register&next=%2Forganiser%2F%3Fonboard%3Dclaim"
sharon@yaba.uk.com,"yaba (Yorkshire Asia Business Association)","","https://www.thenetworkerhub.com/organisers/yaba-yorkshire-asia-business-association?email=sharon%40yaba.uk.com&intent=organiser-claim&auth=register&next=%2Forganiser%2F%3Fonboard%3Dclaim"
support@ynygrowthhub.com,"YNY Growth Hub","","https://www.thenetworkerhub.com/organisers/yny-growth-hub?email=support%40ynygrowthhub.com&intent=organiser-claim&auth=register&next=%2Forganiser%2F%3Fonboard%3Dclaim"
info@yorbusinessevents.co.uk,"YORBusiness","","https://www.thenetworkerhub.com/organisers/yorbusiness?email=info%40yorbusinessevents.co.uk&intent=organiser-claim&auth=register&next=%2Forganiser%2F%3Fonboard%3Dclaim"
smalik@yorkshirenetwork.co.uk,"Yorkshire Enterprise Network","","https://www.thenetworkerhub.com/organisers/yorkshire-enterprise-network?email=smalik%40yorkshirenetwork.co.uk&intent=organiser-claim&auth=register&next=%2Forganiser%2F%3Fonboard%3Dclaim"
info@yorkshirenetwork.co.uk,"Yorkshire Enterprise Network (YEN)","","https://www.thenetworkerhub.com/organisers/yorkshire-enterprise-network-yen?email=info%40yorkshirenetwork.co.uk&intent=organiser-claim&auth=register&next=%2Forganiser%2F%3Fonboard%3Dclaim"
info@yorkshireinbusiness.org.uk,"Yorkshire in Business","","https://www.thenetworkerhub.com/organisers/yorkshire-in-business?email=info%40yorkshireinbusiness.org.uk&intent=organiser-claim&auth=register&next=%2Forganiser%2F%3Fonboard%3Dclaim"
business.newsletter@northyorks.gov.uk,"Yorkshire in Business Network - Scarborough","","https://www.thenetworkerhub.com/organisers/yorkshire-in-business-network-scarborough?email=business.newsletter%40northyorks.gov.uk&intent=organiser-claim&auth=register&next=%2Forganiser%2F%3Fonboard%3Dclaim"
gem@yorkshireindie.co.uk,"Yorkshire Indie","","https://www.thenetworkerhub.com/organisers/yorkshire-indie?email=gem%40yorkshireindie.co.uk&intent=organiser-claim&auth=register&next=%2Forganiser%2F%3Fonboard%3Dclaim"
mel@yorkshireladieslinks.co.uk,"Yorkshire Ladies Links","","https://www.thenetworkerhub.com/organisers/yorkshire-ladies-links?email=mel%40yorkshireladieslinks.co.uk&intent=organiser-claim&auth=register&next=%2Forganiser%2F%3Fonboard%3Dclaim"
hello@yourbusinessmatters.co,"Your Business Matters.co","","https://www.thenetworkerhub.com/organisers/your-business-matters-co?email=hello%40yourbusinessmatters.co&intent=organiser-claim&auth=register&next=%2Forganiser%2F%3Fonboard%3Dclaim"
brett@ybworld.co.uk,"Your Business World","","https://www.thenetworkerhub.com/organisers/your-business-world?email=brett%40ybworld.co.uk&intent=organiser-claim&auth=register&next=%2Forganiser%2F%3Fonboard%3Dclaim"
yournetwork@mencap.org.uk,"Your Network","","https://www.thenetworkerhub.com/organisers/your-network?email=yournetwork%40mencap.org.uk&intent=organiser-claim&auth=register&next=%2Forganiser%2F%3Fonboard%3Dclaim"
nick@zoconetworking.co.uk,"Zoco Networking Group","","https://www.thenetworkerhub.com/organisers/zoco-networking-group?email=nick%40zoconetworking.co.uk&intent=organiser-claim&auth=register&next=%2Forganiser%2F%3Fonboard%3Dclaim"
hello@zokit.co.uk,"Zokit","","https://www.thenetworkerhub.com/organisers/zokit?email=hello%40zokit.co.uk&intent=organiser-claim&auth=register&next=%2Forganiser%2F%3Fonboard%3Dclaim"
